departamento,municipio,ganador,segundo,votos_ganador,votos_segundo,porcentaje_ganador,porcentaje_segundo,total_votos_candidatos,margen_votos,margen_porcentual
AMAZONAS,EL ENCANTO,PETRO URREGO GUSTAVO FRANCISCO,DUQUE MARQUEZ IVAN,190.0,50.0,62.70627062706271,16.5016501650165,303.0,140.0,46.20462046204621
AMAZONAS,LA CHORRERA,PETRO URREGO GUSTAVO FRANCISCO,DUQUE MARQUEZ IVAN,470.0,44.0,84.68468468468468,7.927927927927928,555.0,426.0,76.75675675675676
AMAZONAS,LA PEDRERA,PETRO URREGO GUSTAVO FRANCISCO,VARGAS LLERAS GERMAN,150.0,29.0,65.50218340611353,12.663755458515283,229.0,121.0,52.83842794759825
AMAZONAS,LA VICTORIA,PETRO URREGO GUSTAVO FRANCISCO,DUQUE MARQUEZ IVAN,14.0,2.0,77.77777777777779,11.11111111111111,18.0,12.0,66.66666666666667
AMAZONAS,LETICIA,DUQUE MARQUEZ IVAN,PETRO URREGO GUSTAVO FRANCISCO,6144.0,3821.0,43.50350492105077,27.055158252495932,14123.0,2323.0,16.448346668554837
AMAZONAS,MIRITI  PARANA,PETRO URREGO GUSTAVO FRANCISCO,DE LA CALLE LOMBANA HUMBERTO,59.0,7.0,76.62337662337663,9.090909090909092,77.0,52.0,67.53246753246754
AMAZONAS,PUERTO ALEGRIA,DUQUE MARQUEZ IVAN,PETRO URREGO GUSTAVO FRANCISCO,34.0,31.0,46.57534246575342,42.465753424657535,73.0,3.0,4.109589041095887
AMAZONAS,PUERTO ARICA,PETRO URREGO GUSTAVO FRANCISCO,DUQUE MARQUEZ IVAN,98.0,32.0,67.12328767123287,21.91780821917808,146.0,66.0,45.20547945205479
AMAZONAS,PUERTO NARINO,PETRO URREGO GUSTAVO FRANCISCO,DUQUE MARQUEZ IVAN,839.0,651.0,44.89031567683253,34.831460674157306,1869.0,188.0,10.058855002675223
AMAZONAS,PUERTO SANTANDER,PETRO URREGO GUSTAVO FRANCISCO,VARGAS LLERAS GERMAN,85.0,47.0,51.515151515151516,28.484848484848484,165.0,38.0,23.03030303030303
AMAZONAS,TARAPACA,PETRO URREGO GUSTAVO FRANCISCO,DUQUE MARQUEZ IVAN,174.0,95.0,49.014084507042256,26.76056338028169,355.0,79.0,22.253521126760567
ANTIOQUIA,ABEJORRAL,DUQUE MARQUEZ IVAN,FAJARDO VALDERRAMA SERGIO,4580.0,1097.0,72.46835443037975,17.35759493670886,6320.0,3483.0,55.110759493670884
ANTIOQUIA,ABRIAQUI,DUQUE MARQUEZ IVAN,FAJARDO VALDERRAMA SERGIO,828.0,89.0,85.01026694045176,9.137577002053387,974.0,739.0,75.87268993839837
ANTIOQUIA,ALEJANDRIA,DUQUE MARQUEZ IVAN,FAJARDO VALDERRAMA SERGIO,1513.0,312.0,71.16650987770461,14.675446848541862,2126.0,1201.0,56.49106302916275
ANTIOQUIA,AMAGA,DUQUE MARQUEZ IVAN,FAJARDO VALDERRAMA SERGIO,5470.0,3298.0,54.585370721484885,32.910887137012274,10021.0,2172.0,21.67448358447261
ANTIOQUIA,AMALFI,DUQUE MARQUEZ IVAN,FAJARDO VALDERRAMA SERGIO,3354.0,1639.0,58.79053461875547,28.729184925503944,5705.0,1715.0,30.06134969325153
ANTIOQUIA,ANDES,DUQUE MARQUEZ IVAN,FAJARDO VALDERRAMA SERGIO,9743.0,2748.0,65.15313628460613,18.376354152735054,14954.0,6995.0,46.77678213187108
ANTIOQUIA,ANGELOPOLIS,DUQUE MARQUEZ IVAN,FAJARDO VALDERRAMA SERGIO,1717.0,485.0,69.85353946297803,19.731489015459726,2458.0,1232.0,50.122050447518305
ANTIOQUIA,ANGOSTURA,DUQUE MARQUEZ IVAN,FAJARDO VALDERRAMA SERGIO,1841.0,634.0,67.55963302752293,23.26605504587156,2725.0,1207.0,44.293577981651374
ANTIOQUIA,ANORI,DUQUE MARQUEZ IVAN,FAJARDO VALDERRAMA SERGIO,1394.0,805.0,48.06896551724138,27.75862068965517,2900.0,589.0,20.31034482758621
ANTIOQUIA,ANZA,DUQUE MARQUEZ IVAN,FAJARDO VALDERRAMA SERGIO,1872.0,269.0,78.65546218487395,11.302521008403362,2380.0,1603.0,67.3529411764706
ANTIOQUIA,APARTADO,PETRO URREGO GUSTAVO FRANCISCO,DUQUE MARQUEZ IVAN,16767.0,15293.0,40.820450395617776,37.231892878880096,41075.0,1474.0,3.58855751673768
ANTIOQUIA,ARBOLETES,DUQUE MARQUEZ IVAN,PETRO URREGO GUSTAVO FRANCISCO,4372.0,2788.0,44.13932357395255,28.147400302877333,9905.0,1584.0,15.991923271075219
ANTIOQUIA,ARGELIA,DUQUE MARQUEZ IVAN,FAJARDO VALDERRAMA SERGIO,2670.0,134.0,89.2379679144385,4.478609625668449,2992.0,2536.0,84.75935828877004
ANTIOQUIA,ARMENIA,DUQUE MARQUEZ IVAN,FAJARDO VALDERRAMA SERGIO,1295.0,193.0,71.38919514884233,10.63947078280044,1814.0,1102.0,60.74972436604189
ANTIOQUIA,BARBOSA,DUQUE MARQUEZ IVAN,FAJARDO VALDERRAMA SERGIO,10196.0,6873.0,51.01315855305949,34.387351778656125,19987.0,3323.0,16.625806774403365
ANTIOQUIA,BELLO,DUQUE MARQUEZ IVAN,FAJARDO VALDERRAMA SERGIO,87141.0,62919.0,48.834355140605915,35.26019659048878,178442.0,24222.0,13.574158550117133
ANTIOQUIA,BELMIRA,DUQUE MARQUEZ IVAN,FAJARDO VALDERRAMA SERGIO,1321.0,540.0,61.29930394431554,25.05800464037123,2155.0,781.0,36.24129930394431
ANTIOQUIA,BETANIA,DUQUE MARQUEZ IVAN,FAJARDO VALDERRAMA SERGIO,2229.0,447.0,74.8991935483871,15.020161290322582,2976.0,1782.0,59.87903225806452
ANTIOQUIA,BETULIA,DUQUE MARQUEZ IVAN,FAJARDO VALDERRAMA SERGIO,4140.0,463.0,81.89910979228486,9.159248269040553,5055.0,3677.0,72.73986152324431
ANTIOQUIA,BRICENO,DUQUE MARQUEZ IVAN,FAJARDO VALDERRAMA SERGIO,674.0,598.0,34.19583967529173,30.339928970065955,1971.0,76.0,3.8559107052257744
ANTIOQUIA,BURITICA,DUQUE MARQUEZ IVAN,FAJARDO VALDERRAMA SERGIO,1548.0,550.0,57.14285714285714,20.30269472129937,2709.0,998.0,36.840162421557764
ANTIOQUIA,CACERES,DUQUE MARQUEZ IVAN,PETRO URREGO GUSTAVO FRANCISCO,2144.0,1657.0,40.63684609552691,31.40636846095527,5276.0,487.0,9.230477634571642
ANTIOQUIA,CAICEDO,DUQUE MARQUEZ IVAN,FAJARDO VALDERRAMA SERGIO,1806.0,432.0,70.21772939346812,16.796267496111973,2572.0,1374.0,53.421461897356146
ANTIOQUIA,CALDAS,FAJARDO VALDERRAMA SERGIO,DUQUE MARQUEZ IVAN,15928.0,15773.0,43.23091955270872,42.810226902616435,36844.0,155.0,0.42069265009228474
ANTIOQUIA,CAMPAMENTO,DUQUE MARQUEZ IVAN,FAJARDO VALDERRAMA SERGIO,908.0,322.0,53.44320188346086,18.952324896998235,1699.0,586.0,34.490876986462624
ANTIOQUIA,CANASGORDAS,DUQUE MARQUEZ IVAN,FAJARDO VALDERRAMA SERGIO,5244.0,600.0,82.04005006257822,9.386733416770964,6392.0,4644.0,72.65331664580725
ANTIOQUIA,CARACOLI,DUQUE MARQUEZ IVAN,FAJARDO VALDERRAMA SERGIO,999.0,257.0,62.90931989924433,16.183879093198993,1588.0,742.0,46.72544080604534
ANTIOQUIA,CARAMANTA,DUQUE MARQUEZ IVAN,FAJARDO VALDERRAMA SERGIO,1281.0,964.0,53.55351170568562,40.30100334448161,2392.0,317.0,13.252508361204015
ANTIOQUIA,CAREPA,DUQUE MARQUEZ IVAN,PETRO URREGO GUSTAVO FRANCISCO,6952.0,6414.0,39.92190191799702,36.83243367405536,17414.0,538.0,3.08946824394166
ANTIOQUIA,CAROLINA,DUQUE MARQUEZ IVAN,FAJARDO VALDERRAMA SERGIO,1089.0,389.0,61.80476730987514,22.077185017026107,1762.0,700.0,39.727582292849036
ANTIOQUIA,CAUCASIA,DUQUE MARQUEZ IVAN,PETRO URREGO GUSTAVO FRANCISCO,13059.0,9078.0,43.88252293423838,30.505057293591854,29759.0,3981.0,13.377465640646527
ANTIOQUIA,CHIGORODO,DUQUE MARQUEZ IVAN,PETRO URREGO GUSTAVO FRANCISCO,7074.0,6726.0,38.0240808428295,36.15351537303806,18604.0,348.0,1.870565469791437
ANTIOQUIA,CISNEROS,DUQUE MARQUEZ IVAN,FAJARDO VALDERRAMA SERGIO,2663.0,1172.0,57.55349038253728,25.329587205532743,4627.0,1491.0,32.22390317700453
ANTIOQUIA,CIUDAD BOLIVAR,DUQUE MARQUEZ IVAN,FAJARDO VALDERRAMA SERGIO,7746.0,1369.0,75.88166144200626,13.411050156739812,10208.0,6377.0,62.47061128526645
ANTIOQUIA,COCORNA,DUQUE MARQUEZ IVAN,FAJARDO VALDERRAMA SERGIO,6166.0,621.0,84.3040743779054,8.49056603773585,7314.0,5545.0,75.81350834016955
ANTIOQUIA,CONCEPCION,DUQUE MARQUEZ IVAN,FAJARDO VALDERRAMA SERGIO,1573.0,271.0,75.40747842761265,12.99137104506232,2086.0,1302.0,62.41610738255032
ANTIOQUIA,CONCORDIA,DUQUE MARQUEZ IVAN,FAJARDO VALDERRAMA SERGIO,4691.0,593.0,80.4355281207133,10.16803840877915,5832.0,4098.0,70.26748971193415
ANTIOQUIA,COPACABANA,DUQUE MARQUEZ IVAN,FAJARDO VALDERRAMA SERGIO,16295.0,13797.0,45.11600863835207,38.199789578603465,36118.0,2498.0,6.916219059748606
ANTIOQUIA,DABEIBA,DUQUE MARQUEZ IVAN,FAJARDO VALDERRAMA SERGIO,3004.0,782.0,53.68120085775554,13.974267333809864,5596.0,2222.0,39.70693352394568
ANTIOQUIA,DONMATIAS,DUQUE MARQUEZ IVAN,FAJARDO VALDERRAMA SERGIO,6028.0,1997.0,70.05229517722255,23.207437536316096,8605.0,4031.0,46.844857640906454
ANTIOQUIA,EBEJICO,DUQUE MARQUEZ IVAN,FAJARDO VALDERRAMA SERGIO,3395.0,611.0,73.7722729248153,13.27683615819209,4602.0,2784.0,60.49543676662321
ANTIOQUIA,EL BAGRE,DUQUE MARQUEZ IVAN,PETRO URREGO GUSTAVO FRANCISCO,5749.0,2640.0,51.30745203034359,23.560910307898258,11205.0,3109.0,27.746541722445333
ANTIOQUIA,EL CARMEN DE VIBORAL,DUQUE MARQUEZ IVAN,FAJARDO VALDERRAMA SERGIO,12227.0,8120.0,51.86866330123446,34.44618843592245,23573.0,4107.0,17.42247486531201
ANTIOQUIA,EL SANTUARIO,DUQUE MARQUEZ IVAN,FAJARDO VALDERRAMA SERGIO,13655.0,2449.0,76.84731836344196,13.782430074849458,17769.0,11206.0,63.0648882885925
ANTIOQUIA,ENTRERRIOS,DUQUE MARQUEZ IVAN,FAJARDO VALDERRAMA SERGIO,2642.0,1436.0,59.706214689265536,32.451977401129945,4425.0,1206.0,27.25423728813559
ANTIOQUIA,ENVIGADO,DUQUE MARQUEZ IVAN,FAJARDO VALDERRAMA SERGIO,85938.0,44674.0,58.38456991840645,30.350628086933483,147193.0,41264.0,28.033941831472966
ANTIOQUIA,FREDONIA,DUQUE MARQUEZ IVAN,FAJARDO VALDERRAMA SERGIO,4005.0,1980.0,55.67139282735612,27.522935779816514,7194.0,2025.0,28.14845704753961
ANTIOQUIA,FRONTINO,DUQUE MARQUEZ IVAN,FAJARDO VALDERRAMA SERGIO,2823.0,1113.0,55.76847096009483,21.987356775977872,5062.0,1710.0,33.78111418411696
ANTIOQUIA,GIRALDO,DUQUE MARQUEZ IVAN,FAJARDO VALDERRAMA SERGIO,1275.0,544.0,53.36961071578066,22.771033905399747,2389.0,731.0,30.598576810380912
ANTIOQUIA,GIRARDOTA,FAJARDO VALDERRAMA SERGIO,DUQUE MARQUEZ IVAN,10791.0,10252.0,43.09332694381215,40.94085699452897,25041.0,539.0,2.15246994928318
ANTIOQUIA,GOMEZ PLATA,DUQUE MARQUEZ IVAN,FAJARDO VALDERRAMA SERGIO,2728.0,534.0,74.09016838674634,14.502987506789788,3682.0,2194.0,59.587180879956556
ANTIOQUIA,GRANADA,DUQUE MARQUEZ IVAN,FAJARDO VALDERRAMA SERGIO,4023.0,560.0,80.12348137821151,11.153156741684924,5021.0,3463.0,68.97032463652658
ANTIOQUIA,GUADALUPE,DUQUE MARQUEZ IVAN,FAJARDO VALDERRAMA SERGIO,1051.0,330.0,56.17316942811331,17.637626937466596,1871.0,721.0,38.53554249064672
ANTIOQUIA,GUARNE,DUQUE MARQUEZ IVAN,FAJARDO VALDERRAMA SERGIO,13176.0,6415.0,59.24726831242412,28.84572148028239,22239.0,6761.0,30.40154683214173
ANTIOQUIA,GUATAPE,DUQUE MARQUEZ IVAN,FAJARDO VALDERRAMA SERGIO,2694.0,998.0,61.1577752553916,22.656072644721906,4405.0,1696.0,38.501702610669696
ANTIOQUIA,HELICONIA,DUQUE MARQUEZ IVAN,FAJARDO VALDERRAMA SERGIO,1434.0,415.0,62.51089799476897,18.090671316477767,2294.0,1019.0,44.4202266782912
ANTIOQUIA,HISPANIA,DUQUE MARQUEZ IVAN,FAJARDO VALDERRAMA SERGIO,1317.0,510.0,62.005649717514125,24.01129943502825,2124.0,807.0,37.994350282485875
ANTIOQUIA,ITAGUI,DUQUE MARQUEZ IVAN,FAJARDO VALDERRAMA SERGIO,69003.0,50818.0,49.65280526152938,36.56734138777155,138971.0,18185.0,13.085463873757831
ANTIOQUIA,ITUANGO,DUQUE MARQUEZ IVAN,FAJARDO VALDERRAMA SERGIO,1663.0,1531.0,41.17355781133944,37.90542213419163,4039.0,132.0,3.2681356771478107
ANTIOQUIA,JARDIN,DUQUE MARQUEZ IVAN,FAJARDO VALDERRAMA SERGIO,4217.0,1652.0,61.517140773158275,24.09919766593727,6855.0,2565.0,37.41794310722101
ANTIOQUIA,JERICO,DUQUE MARQUEZ IVAN,FAJARDO VALDERRAMA SERGIO,3834.0,880.0,71.11853088480802,16.323502133184938,5391.0,2954.0,54.795028751623086
ANTIOQUIA,LA CEJA,DUQUE MARQUEZ IVAN,FAJARDO VALDERRAMA SERGIO,17579.0,11350.0,55.26249607041811,35.680603583778684,31810.0,6229.0,19.581892486639425
ANTIOQUIA,LA ESTRELLA,DUQUE MARQUEZ IVAN,FAJARDO VALDERRAMA SERGIO,15270.0,12424.0,47.81288161067101,38.90158750039139,31937.0,2846.0,8.91129411027962
ANTIOQUIA,LA PINTADA,DUQUE MARQUEZ IVAN,FAJARDO VALDERRAMA SERGIO,2245.0,551.0,68.15421979356405,16.727383120825746,3294.0,1694.0,51.426836672738304
ANTIOQUIA,LA UNION,DUQUE MARQUEZ IVAN,FAJARDO VALDERRAMA SERGIO,6167.0,3650.0,56.47435897435897,33.42490842490842,10920.0,2517.0,23.049450549450547
ANTIOQUIA,LIBORINA,DUQUE MARQUEZ IVAN,FAJARDO VALDERRAMA SERGIO,2984.0,746.0,71.42173288654858,17.855433221637146,4178.0,2238.0,53.56629966491144
ANTIOQUIA,MACEO,DUQUE MARQUEZ IVAN,FAJARDO VALDERRAMA SERGIO,2279.0,548.0,66.28853984874927,15.939499709133218,3438.0,1731.0,50.34904013961605
ANTIOQUIA,MARINILLA,DUQUE MARQUEZ IVAN,FAJARDO VALDERRAMA SERGIO,15824.0,7471.0,59.889486034365305,28.27567935811067,26422.0,8353.0,31.613806676254637
ANTIOQUIA,MEDELLIN,DUQUE MARQUEZ IVAN,FAJARDO VALDERRAMA SERGIO,535239.0,310430.0,54.82556865090991,31.797946854212718,976258.0,224809.0,23.02762179669719
ANTIOQUIA,MONTEBELLO,DUQUE MARQUEZ IVAN,FAJARDO VALDERRAMA SERGIO,1630.0,520.0,60.54977711738484,19.316493313521548,2692.0,1110.0,41.233283803863294
ANTIOQUIA,MURINDO,PETRO URREGO GUSTAVO FRANCISCO,VARGAS LLERAS GERMAN,612.0,127.0,68.37988826815642,14.18994413407821,895.0,485.0,54.18994413407821
ANTIOQUIA,MUTATA,DUQUE MARQUEZ IVAN,VARGAS LLERAS GERMAN,1740.0,888.0,44.3312101910828,22.62420382165605,3925.0,852.0,21.707006369426754
ANTIOQUIA,NARINO,DUQUE MARQUEZ IVAN,FAJARDO VALDERRAMA SERGIO,3092.0,223.0,86.80516563728243,6.260527793374508,3562.0,2869.0,80.54463784390792
ANTIOQUIA,NECHI,DUQUE MARQUEZ IVAN,PETRO URREGO GUSTAVO FRANCISCO,3331.0,998.0,63.14691943127963,18.919431279620852,5275.0,2333.0,44.227488151658775
ANTIOQUIA,NECOCLI,DUQUE MARQUEZ IVAN,PETRO URREGO GUSTAVO FRANCISCO,5853.0,2637.0,51.30610098176718,23.115357643758767,11408.0,3216.0,28.190743338008414
ANTIOQUIA,OLAYA,DUQUE MARQUEZ IVAN,FAJARDO VALDERRAMA SERGIO,1020.0,199.0,70.34482758620689,13.724137931034482,1450.0,821.0,56.620689655172406
ANTIOQUIA,PENOL,DUQUE MARQUEZ IVAN,FAJARDO VALDERRAMA SERGIO,5913.0,1911.0,66.50545495444831,21.49364525925093,8891.0,4002.0,45.011809695197385
ANTIOQUIA,PEQUE,DUQUE MARQUEZ IVAN,FAJARDO VALDERRAMA SERGIO,1373.0,596.0,49.7463768115942,21.594202898550723,2760.0,777.0,28.15217391304348
ANTIOQUIA,PUEBLORRICO,DUQUE MARQUEZ IVAN,FAJARDO VALDERRAMA SERGIO,2147.0,324.0,72.82903663500679,10.990502035278155,2948.0,1823.0,61.83853459972863
ANTIOQUIA,PUERTO BERRIO,DUQUE MARQUEZ IVAN,FAJARDO VALDERRAMA SERGIO,7280.0,3801.0,53.505806261943256,27.93620461561076,13606.0,3479.0,25.569601646332497
ANTIOQUIA,PUERTO NARE,DUQUE MARQUEZ IVAN,VARGAS LLERAS GERMAN,1761.0,1277.0,33.562035448827906,24.337716790546978,5247.0,484.0,9.224318658280929
ANTIOQUIA,PUERTO TRIUNFO,DUQUE MARQUEZ IVAN,FAJARDO VALDERRAMA SERGIO,4638.0,1160.0,68.79264313260161,17.205576980124594,6742.0,3478.0,51.58706615247702
ANTIOQUIA,REMEDIOS,FAJARDO VALDERRAMA SERGIO,DUQUE MARQUEZ IVAN,2739.0,1743.0,48.88452614670712,31.108334820631807,5603.0,996.0,17.77619132607531
ANTIOQUIA,RETIRO,DUQUE MARQUEZ IVAN,FAJARDO VALDERRAMA SERGIO,7794.0,2776.0,66.77518848526388,23.783413296778615,11672.0,5018.0,42.99177518848526
ANTIOQUIA,RIONEGRO,DUQUE MARQUEZ IVAN,FAJARDO VALDERRAMA SERGIO,38675.0,23038.0,55.849988447319774,33.26883086876155,69248.0,15637.0,22.581157578558226
ANTIOQUIA,SABANALARGA,DUQUE MARQUEZ IVAN,FAJARDO VALDERRAMA SERGIO,2277.0,293.0,78.08641975308642,10.048010973936899,2916.0,1984.0,68.03840877914952
ANTIOQUIA,SABANETA,DUQUE MARQUEZ IVAN,FAJARDO VALDERRAMA SERGIO,25724.0,15047.0,55.79559257331251,32.63708138122506,46104.0,10677.0,23.158511192087452
ANTIOQUIA,SALGAR,DUQUE MARQUEZ IVAN,FAJARDO VALDERRAMA SERGIO,4564.0,467.0,84.39349112426035,8.6353550295858,5408.0,4097.0,75.75813609467455
ANTIOQUIA,SAN ANDRES DE CUERQUIA,DUQUE MARQUEZ IVAN,FAJARDO VALDERRAMA SERGIO,1185.0,435.0,65.39735099337747,24.00662251655629,1812.0,750.0,41.39072847682118
ANTIOQUIA,SAN CARLOS,DUQUE MARQUEZ IVAN,FAJARDO VALDERRAMA SERGIO,4621.0,1758.0,65.89191501497218,25.067731356053045,7013.0,2863.0,40.82418365891914
ANTIOQUIA,SAN FRANCISCO,DUQUE MARQUEZ IVAN,FAJARDO VALDERRAMA SERGIO,1931.0,297.0,76.84042976522085,11.818543573418225,2513.0,1634.0,65.02188619180262
ANTIOQUIA,SAN JERONIMO,DUQUE MARQUEZ IVAN,FAJARDO VALDERRAMA SERGIO,4226.0,1033.0,69.80508754542451,17.06309877766766,6054.0,3193.0,52.74198876775685
ANTIOQUIA,SAN JOSE DE LA MONTANA,DUQUE MARQUEZ IVAN,FAJARDO VALDERRAMA SERGIO,796.0,572.0,54.03937542430414,38.832315003394434,1473.0,224.0,15.207060420909706
ANTIOQUIA,SAN JUAN DE URABA,DUQUE MARQUEZ IVAN,PETRO URREGO GUSTAVO FRANCISCO,3053.0,1623.0,45.47892149560554,24.17697005809623,6713.0,1430.0,21.30195143750931
ANTIOQUIA,SAN LUIS,DUQUE MARQUEZ IVAN,FAJARDO VALDERRAMA SERGIO,4487.0,725.0,77.8722665741062,12.582436653939604,5762.0,3762.0,65.2898299201666
ANTIOQUIA,SAN PEDRO DE LOS MILAGROS,DUQUE MARQUEZ IVAN,FAJARDO VALDERRAMA SERGIO,7664.0,2352.0,70.28613352898019,21.57006603081438,10904.0,5312.0,48.716067498165806
ANTIOQUIA,SAN PEDRO DE URABA,DUQUE MARQUEZ IVAN,PETRO URREGO GUSTAVO FRANCISCO,5626.0,1278.0,61.09904430929627,13.879235447437011,9208.0,4348.0,47.219808861859256
ANTIOQUIA,SAN RAFAEL,DUQUE MARQUEZ IVAN,FAJARDO VALDERRAMA SERGIO,3792.0,1415.0,66.30529812904355,24.742087777583492,5719.0,2377.0,41.56321035146006
ANTIOQUIA,SAN ROQUE,DUQUE MARQUEZ IVAN,FAJARDO VALDERRAMA SERGIO,4676.0,912.0,75.21312530159241,14.669454720926492,6217.0,3764.0,60.54367058066592
ANTIOQUIA,SAN VICENTE FERRER,DUQUE MARQUEZ IVAN,FAJARDO VALDERRAMA SERGIO,6895.0,1784.0,72.48738435660219,18.755256518082422,9512.0,5111.0,53.73212783851977
ANTIOQUIA,SANTA BARBARA,DUQUE MARQUEZ IVAN,FAJARDO VALDERRAMA SERGIO,5198.0,2570.0,55.3390822953263,27.36080059618865,9393.0,2628.0,27.97828169913765
ANTIOQUIA,SANTA FE DE ANTIOQUIA,DUQUE MARQUEZ IVAN,FAJARDO VALDERRAMA SERGIO,5791.0,2190.0,61.757491735096515,23.35501759624613,9377.0,3601.0,38.40247413885038
ANTIOQUIA,SANTA ROSA DE OSOS,DUQUE MARQUEZ IVAN,FAJARDO VALDERRAMA SERGIO,9242.0,3932.0,64.03381140442043,27.243123397769004,14433.0,5310.0,36.79068800665143
ANTIOQUIA,SANTO DOMINGO,DUQUE MARQUEZ IVAN,FAJARDO VALDERRAMA SERGIO,2609.0,763.0,63.3252427184466,18.519417475728154,4120.0,1846.0,44.80582524271845
ANTIOQUIA,SEGOVIA,FAJARDO VALDERRAMA SERGIO,DUQUE MARQUEZ IVAN,3180.0,1778.0,45.448049163927394,25.41089038159211,6997.0,1402.0,20.037158782335283
ANTIOQUIA,SONSON,DUQUE MARQUEZ IVAN,FAJARDO VALDERRAMA SERGIO,10922.0,1837.0,79.88005558399766,13.435237329042637,13673.0,9085.0,66.44481825495502
ANTIOQUIA,SOPETRAN,DUQUE MARQUEZ IVAN,FAJARDO VALDERRAMA SERGIO,3222.0,1431.0,56.715367012849846,25.189227248723817,5681.0,1791.0,31.52613976412603
ANTIOQUIA,TAMESIS,DUQUE MARQUEZ IVAN,FAJARDO VALDERRAMA SERGIO,4451.0,1901.0,62.26045600783326,26.59113162680095,7149.0,2550.0,35.66932438103231
ANTIOQUIA,TARAZA,DUQUE MARQUEZ IVAN,FAJARDO VALDERRAMA SERGIO,1985.0,1315.0,37.91061879297173,25.114591291061878,5236.0,670.0,12.796027501909855
ANTIOQUIA,TARSO,DUQUE MARQUEZ IVAN,FAJARDO VALDERRAMA SERGIO,1179.0,299.0,59.246231155778894,15.025125628140703,1990.0,880.0,44.22110552763819
ANTIOQUIA,TITIRIBI,DUQUE MARQUEZ IVAN,FAJARDO VALDERRAMA SERGIO,1483.0,1066.0,51.69048448936911,37.15580341582433,2869.0,417.0,14.534681073544782
ANTIOQUIA,TOLEDO,DUQUE MARQUEZ IVAN,FAJARDO VALDERRAMA SERGIO,944.0,285.0,64.43686006825938,19.453924914675767,1465.0,659.0,44.98293515358361
ANTIOQUIA,TURBO,PETRO URREGO GUSTAVO FRANCISCO,DUQUE MARQUEZ IVAN,13132.0,11967.0,39.98660211321214,36.4392070887001,32841.0,1165.0,3.547395024512042
ANTIOQUIA,URAMITA,DUQUE MARQUEZ IVAN,VARGAS LLERAS GERMAN,1256.0,914.0,48.30769230769231,35.15384615384615,2600.0,342.0,13.153846153846153
ANTIOQUIA,URRAO,DUQUE MARQUEZ IVAN,FAJARDO VALDERRAMA SERGIO,4898.0,1457.0,63.012993696127616,18.744371542518977,7773.0,3441.0,44.26862215360864
ANTIOQUIA,VALDIVIA,DUQUE MARQUEZ IVAN,FAJARDO VALDERRAMA SERGIO,1357.0,581.0,53.50946372239748,22.910094637223974,2536.0,776.0,30.599369085173503
ANTIOQUIA,VALPARAISO,DUQUE MARQUEZ IVAN,FAJARDO VALDERRAMA SERGIO,1393.0,655.0,53.47408829174665,25.143953934740882,2605.0,738.0,28.330134357005765
ANTIOQUIA,VEGACHI,DUQUE MARQUEZ IVAN,FAJARDO VALDERRAMA SERGIO,2466.0,689.0,69.44522669670515,19.402985074626866,3551.0,1777.0,50.04224162207828
ANTIOQUIA,VENECIA,DUQUE MARQUEZ IVAN,FAJARDO VALDERRAMA SERGIO,2763.0,787.0,60.222319093286835,17.153443766346992,4588.0,1976.0,43.068875326939846
ANTIOQUIA,VIGIA DEL FUERTE,FAJARDO VALDERRAMA SERGIO,PETRO URREGO GUSTAVO FRANCISCO,612.0,590.0,30.282038594755072,29.193468579910935,2021.0,22.0,1.0885700148441373
ANTIOQUIA,YALI,DUQUE MARQUEZ IVAN,FAJARDO VALDERRAMA SERGIO,1599.0,277.0,68.56775300171527,11.878216123499143,2332.0,1322.0,56.68953687821613
ANTIOQUIA,YARUMAL,DUQUE MARQUEZ IVAN,FAJARDO VALDERRAMA SERGIO,8591.0,3801.0,61.770204199022146,27.329594477998278,13908.0,4790.0,34.44060972102387
ANTIOQUIA,YOLOMBO,DUQUE MARQUEZ IVAN,FAJARDO VALDERRAMA SERGIO,3684.0,1235.0,63.64892881824464,21.337249481686246,5788.0,2449.0,42.3116793365584
ANTIOQUIA,YONDO,DUQUE MARQUEZ IVAN,PETRO URREGO GUSTAVO FRANCISCO,2800.0,2095.0,42.34724742891712,31.684815486993344,6612.0,705.0,10.662431941923778
ANTIOQUIA,ZARAGOZA,DUQUE MARQUEZ IVAN,FAJARDO VALDERRAMA SERGIO,2293.0,1355.0,44.60221746741879,26.356739933865008,5141.0,938.0,18.24547753355378
ARAUCA,ARAUCA,DUQUE MARQUEZ IVAN,FAJARDO VALDERRAMA SERGIO,24562.0,5353.0,70.87373037857803,15.446098799630656,34656.0,19209.0,55.42763157894738
ARAUCA,ARAUQUITA,PETRO URREGO GUSTAVO FRANCISCO,DUQUE MARQUEZ IVAN,4679.0,4085.0,42.730593607305934,37.30593607305936,10950.0,594.0,5.4246575342465775
ARAUCA,CRAVO NORTE,DUQUE MARQUEZ IVAN,PETRO URREGO GUSTAVO FRANCISCO,988.0,178.0,74.56603773584905,13.433962264150942,1325.0,810.0,61.13207547169811
ARAUCA,FORTUL,PETRO URREGO GUSTAVO FRANCISCO,DUQUE MARQUEZ IVAN,2082.0,1531.0,45.123537061118334,33.18162115301257,4614.0,551.0,11.941915908105763
ARAUCA,PUERTO RONDON,DUQUE MARQUEZ IVAN,FAJARDO VALDERRAMA SERGIO,1274.0,117.0,82.29974160206717,7.55813953488372,1548.0,1157.0,74.74160206718345
ARAUCA,SARAVENA,DUQUE MARQUEZ IVAN,PETRO URREGO GUSTAVO FRANCISCO,7734.0,4302.0,50.23056439566149,27.940507891147625,15397.0,3432.0,22.290056504513863
ARAUCA,TAME,DUQUE MARQUEZ IVAN,PETRO URREGO GUSTAVO FRANCISCO,9547.0,3801.0,57.505119865076495,22.894831947958078,16602.0,5746.0,34.61028791711841
ARCHIPIELAGO DE SAN ANDRES PROVIDENCIA Y SANTA CATALINA,PROVIDENCIA,DUQUE MARQUEZ IVAN,FAJARDO VALDERRAMA SERGIO,722.0,146.0,62.728062554300614,12.68462206776716,1151.0,576.0,50.043440486533456
ARCHIPIELAGO DE SAN ANDRES PROVIDENCIA Y SANTA CATALINA,SAN ANDRES,DUQUE MARQUEZ IVAN,PETRO URREGO GUSTAVO FRANCISCO,4969.0,2227.0,44.377958381709384,19.889256050727873,11197.0,2742.0,24.48870233098151
ATLANTICO,BARANOA,PETRO URREGO GUSTAVO FRANCISCO,VARGAS LLERAS GERMAN,8889.0,7825.0,38.5338997745795,33.92144962718918,23068.0,1064.0,4.612450147390319
ATLANTICO,BARRANQUILLA,PETRO URREGO GUSTAVO FRANCISCO,DUQUE MARQUEZ IVAN,188185.0,144321.0,38.63906552533401,29.63269429381582,487033.0,43864.0,9.006371231518191
ATLANTICO,CAMPO DE LA CRUZ,VARGAS LLERAS GERMAN,DUQUE MARQUEZ IVAN,3743.0,2901.0,44.21214268840066,34.266477675407515,8466.0,842.0,9.945665012993146
ATLANTICO,CANDELARIA,VARGAS LLERAS GERMAN,DUQUE MARQUEZ IVAN,3952.0,1442.0,64.07263294422827,23.378728923476004,6168.0,2510.0,40.69390402075227
ATLANTICO,GALAPA,PETRO URREGO GUSTAVO FRANCISCO,VARGAS LLERAS GERMAN,6836.0,4176.0,41.48309970265186,25.341343528126707,16479.0,2660.0,16.141756174525156
ATLANTICO,JUAN DE ACOSTA,DUQUE MARQUEZ IVAN,VARGAS LLERAS GERMAN,2891.0,2177.0,37.54057914556551,28.269055966757563,7701.0,714.0,9.271523178807946
ATLANTICO,LURUACO,DUQUE MARQUEZ IVAN,VARGAS LLERAS GERMAN,3254.0,2695.0,36.512567324955114,30.24012567324955,8912.0,559.0,6.272441651705563
ATLANTICO,MALAMBO,PETRO URREGO GUSTAVO FRANCISCO,DUQUE MARQUEZ IVAN,16580.0,9593.0,44.890886446093035,25.973357881626686,36934.0,6987.0,18.91752856446635
ATLANTICO,MANATI,VARGAS LLERAS GERMAN,DUQUE MARQUEZ IVAN,3594.0,1219.0,60.65822784810126,20.573839662447256,5925.0,2375.0,40.08438818565401
ATLANTICO,PALMAR DE VARELA,PETRO URREGO GUSTAVO FRANCISCO,VARGAS LLERAS GERMAN,4178.0,2327.0,46.058868922941244,25.653180465218828,9071.0,1851.0,20.405688457722416
ATLANTICO,PIOJO,VARGAS LLERAS GERMAN,PETRO URREGO GUSTAVO FRANCISCO,1289.0,638.0,48.45864661654135,23.984962406015036,2660.0,651.0,24.473684210526315
ATLANTICO,POLONUEVO,VARGAS LLERAS GERMAN,PETRO URREGO GUSTAVO FRANCISCO,3407.0,2914.0,45.06017722523476,38.5398756778204,7561.0,493.0,6.520301547414363
ATLANTICO,PONEDERA,DUQUE MARQUEZ IVAN,PETRO URREGO GUSTAVO FRANCISCO,2730.0,2253.0,35.72830781311347,29.48566941499804,7641.0,477.0,6.242638398115428
ATLANTICO,PUERTO COLOMBIA,PETRO URREGO GUSTAVO FRANCISCO,DUQUE MARQUEZ IVAN,5980.0,4564.0,35.86206896551724,27.370314842578708,16675.0,1416.0,8.49175412293853
ATLANTICO,REPELON,VARGAS LLERAS GERMAN,PETRO URREGO GUSTAVO FRANCISCO,5899.0,1729.0,59.803325223033255,17.528386050283864,9864.0,4170.0,42.27493917274939
ATLANTICO,SABANAGRANDE,PETRO URREGO GUSTAVO FRANCISCO,DUQUE MARQUEZ IVAN,5055.0,2793.0,43.03226355665276,23.776283306376094,11747.0,2262.0,19.255980250276664
ATLANTICO,SABANALARGA,VARGAS LLERAS GERMAN,PETRO URREGO GUSTAVO FRANCISCO,12923.0,11473.0,37.17886015132771,33.00727869041112,34759.0,1450.0,4.171581460916592
ATLANTICO,SANTA LUCIA,VARGAS LLERAS GERMAN,DUQUE MARQUEZ IVAN,2606.0,1241.0,54.23517169614984,25.82726326742976,4805.0,1365.0,28.40790842872008
ATLANTICO,SANTO TOMAS,PETRO URREGO GUSTAVO FRANCISCO,DUQUE MARQUEZ IVAN,6034.0,3308.0,49.10481770833333,26.920572916666668,12288.0,2726.0,22.18424479166666
ATLANTICO,SOLEDAD,PETRO URREGO GUSTAVO FRANCISCO,DUQUE MARQUEZ IVAN,59634.0,30908.0,50.56685689089383,26.208545675013355,117931.0,28726.0,24.358311215880477
ATLANTICO,SUAN,DUQUE MARQUEZ IVAN,VARGAS LLERAS GERMAN,1994.0,1089.0,45.94470046082949,25.092165898617512,4340.0,905.0,20.852534562211975
ATLANTICO,TUBARA,PETRO URREGO GUSTAVO FRANCISCO,VARGAS LLERAS GERMAN,1877.0,1377.0,38.228105906313644,28.04480651731161,4910.0,500.0,10.183299389002034
ATLANTICO,USIACURI,DUQUE MARQUEZ IVAN,PETRO URREGO GUSTAVO FRANCISCO,1428.0,1302.0,34.5511734817324,31.502540527461893,4133.0,126.0,3.0486329542705057
BOGOTA DC,BOGOTA DC,FAJARDO VALDERRAMA SERGIO,PETRO URREGO GUSTAVO FRANCISCO,1244477.0,1099955.0,34.41157334169513,30.415332830630266,3616449.0,144522.0,3.9962405110648653
BOLIVAR,ACHI,DUQUE MARQUEZ IVAN,PETRO URREGO GUSTAVO FRANCISCO,5954.0,965.0,79.82303257809357,12.937391071189166,7459.0,4989.0,66.8856415069044
BOLIVAR,ALTOS DEL ROSARIO,DUQUE MARQUEZ IVAN,PETRO URREGO GUSTAVO FRANCISCO,1209.0,566.0,55.281207133058984,25.880201188843166,2187.0,643.0,29.401005944215818
BOLIVAR,ARENAL,DUQUE MARQUEZ IVAN,PETRO URREGO GUSTAVO FRANCISCO,833.0,824.0,36.07622347336509,35.686444348202684,2309.0,9.0,0.38977912516240565
BOLIVAR,ARJONA,PETRO URREGO GUSTAVO FRANCISCO,DUQUE MARQUEZ IVAN,9166.0,7086.0,46.090410821139436,35.63131694071504,19887.0,2080.0,10.459093880424398
BOLIVAR,ARROYOHONDO,DUQUE MARQUEZ IVAN,VARGAS LLERAS GERMAN,1751.0,759.0,56.21187800963082,24.36597110754414,3115.0,992.0,31.845906902086682
BOLIVAR,BARRANCO DE LOBA,DUQUE MARQUEZ IVAN,PETRO URREGO GUSTAVO FRANCISCO,2712.0,883.0,65.87320864707311,21.44765606023804,4117.0,1829.0,44.425552586835074
BOLIVAR,CALAMAR,DUQUE MARQUEZ IVAN,PETRO URREGO GUSTAVO FRANCISCO,3175.0,1692.0,45.4350314825415,24.212936462507155,6988.0,1483.0,21.22209502003434
BOLIVAR,CANTAGALLO,PETRO URREGO GUSTAVO FRANCISCO,DUQUE MARQUEZ IVAN,1074.0,927.0,35.09803921568627,30.294117647058822,3060.0,147.0,4.803921568627448
BOLIVAR,CARTAGENA DE INDIAS,PETRO URREGO GUSTAVO FRANCISCO,DUQUE MARQUEZ IVAN,137432.0,102348.0,46.26763669172527,34.45631352323112,297037.0,35084.0,11.811323168494155
BOLIVAR,CICUCO,DUQUE MARQUEZ IVAN,PETRO URREGO GUSTAVO FRANCISCO,1856.0,1510.0,45.83847863670042,37.29315880464312,4049.0,346.0,8.545319832057302
BOLIVAR,CLEMENCIA,VARGAS LLERAS GERMAN,DUQUE MARQUEZ IVAN,1563.0,1449.0,36.46756882874475,33.80774615025665,4286.0,114.0,2.659822678488105
BOLIVAR,CORDOBA,PETRO URREGO GUSTAVO FRANCISCO,DUQUE MARQUEZ IVAN,2786.0,2102.0,42.92096749345247,32.383299953782156,6491.0,684.0,10.537667539670316
BOLIVAR,EL CARMEN DE BOLIVAR,DUQUE MARQUEZ IVAN,PETRO URREGO GUSTAVO FRANCISCO,14968.0,4665.0,66.07513353639695,20.59329890080784,22653.0,10303.0,45.48183463558911
BOLIVAR,EL GUAMO,DUQUE MARQUEZ IVAN,PETRO URREGO GUSTAVO FRANCISCO,1455.0,772.0,47.783251231527096,25.353037766830873,3045.0,683.0,22.430213464696223
BOLIVAR,EL PENON,DUQUE MARQUEZ IVAN,VARGAS LLERAS GERMAN,1107.0,677.0,43.34377447141738,26.507439310884884,2554.0,430.0,16.8363351605325
BOLIVAR,HATILLO DE LOBA,DUQUE MARQUEZ IVAN,VARGAS LLERAS GERMAN,2879.0,672.0,67.90094339622641,15.849056603773585,4240.0,2207.0,52.05188679245283
BOLIVAR,MAGANGUE,DUQUE MARQUEZ IVAN,PETRO URREGO GUSTAVO FRANCISCO,17509.0,17047.0,41.89457564663939,40.78912736582681,41793.0,462.0,1.1054482808125812
BOLIVAR,MAHATES,DUQUE MARQUEZ IVAN,PETRO URREGO GUSTAVO FRANCISCO,4243.0,2072.0,54.840377407263794,26.780405842057647,7737.0,2171.0,28.059971565206148
BOLIVAR,MARGARITA,DUQUE MARQUEZ IVAN,VARGAS LLERAS GERMAN,2000.0,930.0,52.26025607525477,24.30101907499347,3827.0,1070.0,27.959237000261304
BOLIVAR,MARIA LA BAJA,PETRO URREGO GUSTAVO FRANCISCO,DUQUE MARQUEZ IVAN,5962.0,4469.0,47.98776561493882,35.97070186735351,12424.0,1493.0,12.017063747585311
BOLIVAR,MONTECRISTO,DUQUE MARQUEZ IVAN,PETRO URREGO GUSTAVO FRANCISCO,1342.0,863.0,51.45705521472392,33.09049079754601,2608.0,479.0,18.366564417177912
BOLIVAR,MORALES,DUQUE MARQUEZ IVAN,PETRO URREGO GUSTAVO FRANCISCO,3581.0,1102.0,64.54578226387888,19.863013698630137,5548.0,2479.0,44.682768565248736
BOLIVAR,NOROSI,PETRO URREGO GUSTAVO FRANCISCO,DUQUE MARQUEZ IVAN,587.0,539.0,38.745874587458744,35.57755775577558,1515.0,48.0,3.168316831683164
BOLIVAR,PINILLOS,DUQUE MARQUEZ IVAN,PETRO URREGO GUSTAVO FRANCISCO,4087.0,1362.0,62.95440542205791,20.97966728280961,6492.0,2725.0,41.9747381392483
BOLIVAR,REGIDOR,PETRO URREGO GUSTAVO FRANCISCO,VARGAS LLERAS GERMAN,737.0,640.0,35.44973544973545,30.784030784030787,2079.0,97.0,4.665704665704663
BOLIVAR,RIO VIEJO,DUQUE MARQUEZ IVAN,VARGAS LLERAS GERMAN,1459.0,843.0,48.63333333333333,28.1,3000.0,616.0,20.53333333333333
BOLIVAR,SAN CRISTOBAL,PETRO URREGO GUSTAVO FRANCISCO,VARGAS LLERAS GERMAN,1065.0,1057.0,35.79831932773109,35.529411764705884,2975.0,8.0,0.26890756302520913
BOLIVAR,SAN ESTANISLAO,DUQUE MARQUEZ IVAN,PETRO URREGO GUSTAVO FRANCISCO,3072.0,1468.0,47.539461467038066,22.7174249458372,6462.0,1604.0,24.822036521200864
BOLIVAR,SAN FERNANDO,VARGAS LLERAS GERMAN,DUQUE MARQUEZ IVAN,1687.0,973.0,48.33810888252149,27.879656160458456,3490.0,714.0,20.458452722063033
BOLIVAR,SAN JACINTO,DUQUE MARQUEZ IVAN,PETRO URREGO GUSTAVO FRANCISCO,5611.0,2495.0,58.52106800166875,26.022110972048395,9588.0,3116.0,32.49895702962036
BOLIVAR,SAN JACINTO DEL CAUCA,DUQUE MARQUEZ IVAN,PETRO URREGO GUSTAVO FRANCISCO,1511.0,659.0,59.27814829344841,25.853275794429187,2549.0,852.0,33.42487249901922
BOLIVAR,SAN JUAN NEPOMUCENO,DUQUE MARQUEZ IVAN,PETRO URREGO GUSTAVO FRANCISCO,7978.0,3121.0,60.111512959614224,23.515672091621457,13272.0,4857.0,36.59584086799276
BOLIVAR,SAN MARTIN DE LOBA,DUQUE MARQUEZ IVAN,PETRO URREGO GUSTAVO FRANCISCO,2101.0,1384.0,46.338773709748565,30.524922805469785,4534.0,717.0,15.81385090427878
BOLIVAR,SAN PABLO,DUQUE MARQUEZ IVAN,PETRO URREGO GUSTAVO FRANCISCO,3920.0,2297.0,51.824431517715496,30.36753040719196,7564.0,1623.0,21.456901110523535
BOLIVAR,SANTA CATALINA,PETRO URREGO GUSTAVO FRANCISCO,DUQUE MARQUEZ IVAN,1674.0,1353.0,38.19301848049281,30.869267624914443,4383.0,321.0,7.323750855578368
BOLIVAR,SANTA CRUZ DE MOMPOX,DUQUE MARQUEZ IVAN,PETRO URREGO GUSTAVO FRANCISCO,6709.0,5091.0,49.02447935696018,37.20131530873219,13685.0,1618.0,11.823164048227987
BOLIVAR,SANTA ROSA,PETRO URREGO GUSTAVO FRANCISCO,DUQUE MARQUEZ IVAN,2468.0,1810.0,50.94962840627581,37.36581337737407,4844.0,658.0,13.58381502890174
BOLIVAR,SANTA ROSA DEL SUR,DUQUE MARQUEZ IVAN,PETRO URREGO GUSTAVO FRANCISCO,7824.0,1284.0,73.7070183702308,12.096090438059349,10615.0,6540.0,61.61092793217145
BOLIVAR,SIMITI,DUQUE MARQUEZ IVAN,PETRO URREGO GUSTAVO FRANCISCO,2865.0,1064.0,55.95703125,20.78125,5120.0,1801.0,35.17578125
BOLIVAR,SOPLAVIENTO,PETRO URREGO GUSTAVO FRANCISCO,VARGAS LLERAS GERMAN,2024.0,881.0,54.42323205162678,23.689163753697233,3719.0,1143.0,30.73406829792955
BOLIVAR,TALAIGUA NUEVO,DUQUE MARQUEZ IVAN,PETRO URREGO GUSTAVO FRANCISCO,2314.0,1027.0,54.00233372228704,23.96732788798133,4285.0,1287.0,30.03500583430571
BOLIVAR,TIQUISIO,DUQUE MARQUEZ IVAN,PETRO URREGO GUSTAVO FRANCISCO,2936.0,861.0,65.74115539632781,19.278996865203762,4466.0,2075.0,46.46215853112405
BOLIVAR,TURBACO,PETRO URREGO GUSTAVO FRANCISCO,DUQUE MARQUEZ IVAN,10976.0,8090.0,44.43724696356276,32.75303643724696,24700.0,2886.0,11.684210526315795
BOLIVAR,TURBANA,PETRO URREGO GUSTAVO FRANCISCO,DUQUE MARQUEZ IVAN,2698.0,2257.0,45.53586497890295,38.09282700421941,5925.0,441.0,7.443037974683541
BOLIVAR,VILLANUEVA,DUQUE MARQUEZ IVAN,PETRO URREGO GUSTAVO FRANCISCO,3560.0,1501.0,57.27155727155727,24.14736164736165,6216.0,2059.0,33.12419562419562
BOLIVAR,ZAMBRANO,PETRO URREGO GUSTAVO FRANCISCO,VARGAS LLERAS GERMAN,2550.0,762.0,60.36931818181818,18.039772727272727,4224.0,1788.0,42.32954545454545
BOYACA,ALMEIDA,DUQUE MARQUEZ IVAN,PETRO URREGO GUSTAVO FRANCISCO,648.0,122.0,67.42976066597295,12.695109261186262,961.0,526.0,54.73465140478669
BOYACA,AQUITANIA,DUQUE MARQUEZ IVAN,FAJARDO VALDERRAMA SERGIO,5042.0,912.0,72.85074411212253,13.177286519289119,6921.0,4130.0,59.67345759283341
BOYACA,ARCABUCO,DUQUE MARQUEZ IVAN,FAJARDO VALDERRAMA SERGIO,1110.0,739.0,43.68358913813459,29.083038173947262,2541.0,371.0,14.600550964187331
BOYACA,BELEN,DUQUE MARQUEZ IVAN,PETRO URREGO GUSTAVO FRANCISCO,1483.0,957.0,41.14872364039955,26.553829078801332,3604.0,526.0,14.59489456159822
BOYACA,BERBEO,DUQUE MARQUEZ IVAN,PETRO URREGO GUSTAVO FRANCISCO,299.0,281.0,42.112676056338024,39.57746478873239,710.0,18.0,2.535211267605632
BOYACA,BETEITIVA,DUQUE MARQUEZ IVAN,PETRO URREGO GUSTAVO FRANCISCO,331.0,228.0,37.61363636363637,25.90909090909091,880.0,103.0,11.704545454545457
BOYACA,BOAVITA,DUQUE MARQUEZ IVAN,FAJARDO VALDERRAMA SERGIO,1494.0,376.0,61.86335403726708,15.56935817805383,2415.0,1118.0,46.29399585921325
BOYACA,BOYACA,DUQUE MARQUEZ IVAN,PETRO URREGO GUSTAVO FRANCISCO,849.0,404.0,50.44563279857398,24.004753416518124,1683.0,445.0,26.440879382055858
BOYACA,BRICENO,DUQUE MARQUEZ IVAN,PETRO URREGO GUSTAVO FRANCISCO,872.0,116.0,77.58007117437722,10.320284697508896,1124.0,756.0,67.25978647686833
BOYACA,BUENAVISTA,DUQUE MARQUEZ IVAN,VARGAS LLERAS GERMAN,1529.0,437.0,61.57873540072492,17.599677809101895,2483.0,1092.0,43.97905759162303
BOYACA,BUSBANZA,DUQUE MARQUEZ IVAN,FAJARDO VALDERRAMA SERGIO,220.0,161.0,43.65079365079365,31.944444444444443,504.0,59.0,11.70634920634921
BOYACA,CALDAS,DUQUE MARQUEZ IVAN,FAJARDO VALDERRAMA SERGIO,835.0,320.0,54.1153596889177,20.738820479585225,1543.0,515.0,33.37653920933248
BOYACA,CAMPOHERMOSO,DUQUE MARQUEZ IVAN,VARGAS LLERAS GERMAN,810.0,264.0,60.53811659192825,19.730941704035875,1338.0,546.0,40.80717488789237
BOYACA,CERINZA,DUQUE MARQUEZ IVAN,PETRO URREGO GUSTAVO FRANCISCO,801.0,710.0,38.472622478386164,34.10182516810759,2082.0,91.0,4.370797310278576
BOYACA,CHINAVITA,DUQUE MARQUEZ IVAN,FAJARDO VALDERRAMA SERGIO,1015.0,238.0,66.25326370757179,15.535248041775457,1532.0,777.0,50.71801566579633
BOYACA,CHIQUINQUIRA,DUQUE MARQUEZ IVAN,FAJARDO VALDERRAMA SERGIO,9545.0,7528.0,39.98910721018895,31.538816037538233,23869.0,2017.0,8.450291172650715
BOYACA,CHIQUIZA,PETRO URREGO GUSTAVO FRANCISCO,DUQUE MARQUEZ IVAN,705.0,342.0,50.57388809182209,24.533715925394546,1394.0,363.0,26.040172166427546
BOYACA,CHISCAS,DUQUE MARQUEZ IVAN,PETRO URREGO GUSTAVO FRANCISCO,1311.0,126.0,79.5027289266222,7.640994542146756,1649.0,1185.0,71.86173438447544
BOYACA,CHITA,DUQUE MARQUEZ IVAN,PETRO URREGO GUSTAVO FRANCISCO,2315.0,320.0,80.298300381547,11.099549080818592,2883.0,1995.0,69.1987513007284
BOYACA,CHITARAQUE,DUQUE MARQUEZ IVAN,VARGAS LLERAS GERMAN,1853.0,357.0,70.37599696164072,13.558678313710596,2633.0,1496.0,56.81731864793013
BOYACA,CHIVATA,DUQUE MARQUEZ IVAN,FAJARDO VALDERRAMA SERGIO,538.0,528.0,36.62355343771273,35.9428182437032,1469.0,10.0,0.6807351940095288
BOYACA,CHIVOR,DUQUE MARQUEZ IVAN,FAJARDO VALDERRAMA SERGIO,842.0,109.0,82.3069403714565,10.654936461388074,1023.0,733.0,71.65200391006843
BOYACA,CIENEGA,DUQUE MARQUEZ IVAN,FAJARDO VALDERRAMA SERGIO,1377.0,284.0,70.90628218331616,14.62409886714727,1942.0,1093.0,56.2821833161689
BOYACA,COMBITA,FAJARDO VALDERRAMA SERGIO,DUQUE MARQUEZ IVAN,1541.0,1338.0,34.33600713012478,29.812834224598934,4488.0,203.0,4.523172905525843
BOYACA,COPER,DUQUE MARQUEZ IVAN,VARGAS LLERAS GERMAN,1083.0,295.0,68.67469879518072,18.706404565630944,1577.0,788.0,49.96829422954977
BOYACA,CORRALES,FAJARDO VALDERRAMA SERGIO,DUQUE MARQUEZ IVAN,414.0,409.0,30.21897810218978,29.854014598540147,1370.0,5.0,0.3649635036496335
BOYACA,COVARACHIA,DUQUE MARQUEZ IVAN,FAJARDO VALDERRAMA SERGIO,1266.0,111.0,85.48278190411884,7.4949358541526,1481.0,1155.0,77.98784604996624
BOYACA,CUBARA,PETRO URREGO GUSTAVO FRANCISCO,DUQUE MARQUEZ IVAN,819.0,732.0,41.53144016227181,37.11967545638945,1972.0,87.0,4.411764705882355
BOYACA,CUCAITA,PETRO URREGO GUSTAVO FRANCISCO,DUQUE MARQUEZ IVAN,682.0,522.0,41.308298001211384,31.617201695941855,1651.0,160.0,9.691096305269529
BOYACA,CUITIVA,DUQUE MARQUEZ IVAN,PETRO URREGO GUSTAVO FRANCISCO,532.0,184.0,54.230377166156984,18.75637104994903,981.0,348.0,35.47400611620795
BOYACA,DUITAMA,FAJARDO VALDERRAMA SERGIO,DUQUE MARQUEZ IVAN,21777.0,16485.0,37.84539988182545,28.648639254805186,57542.0,5292.0,9.196760627020264
BOYACA,EL COCUY,DUQUE MARQUEZ IVAN,PETRO URREGO GUSTAVO FRANCISCO,1526.0,139.0,81.56066274719402,7.429182255478353,1871.0,1387.0,74.13148049171566
BOYACA,EL ESPINO,DUQUE MARQUEZ IVAN,FAJARDO VALDERRAMA SERGIO,1116.0,83.0,85.71428571428571,6.374807987711213,1302.0,1033.0,79.3394777265745
BOYACA,FIRAVITOBA,DUQUE MARQUEZ IVAN,FAJARDO VALDERRAMA SERGIO,950.0,865.0,33.47427766032417,30.47921071176885,2838.0,85.0,2.995066948555319
BOYACA,FLORESTA,DUQUE MARQUEZ IVAN,FAJARDO VALDERRAMA SERGIO,948.0,336.0,53.71104815864023,19.036827195467424,1765.0,612.0,34.67422096317281
BOYACA,GACHANTIVA,DUQUE MARQUEZ IVAN,FAJARDO VALDERRAMA SERGIO,914.0,323.0,55.66382460414129,19.671132764920827,1642.0,591.0,35.99269183922046
BOYACA,GAMEZA,DUQUE MARQUEZ IVAN,FAJARDO VALDERRAMA SERGIO,1148.0,407.0,57.256857855361595,20.299251870324188,2005.0,741.0,36.957605985037404
BOYACA,GARAGOA,DUQUE MARQUEZ IVAN,FAJARDO VALDERRAMA SERGIO,2760.0,2049.0,41.19402985074627,30.582089552238806,6700.0,711.0,10.611940298507463
BOYACA,GUACAMAYAS,DUQUE MARQUEZ IVAN,PETRO URREGO GUSTAVO FRANCISCO,767.0,57.0,84.7513812154696,6.2983425414364635,905.0,710.0,78.45303867403314
BOYACA,GUATEQUE,DUQUE MARQUEZ IVAN,FAJARDO VALDERRAMA SERGIO,1857.0,1303.0,38.04548248309773,26.695349313665233,4881.0,554.0,11.350133169432496
BOYACA,GUAYATA,DUQUE MARQUEZ IVAN,FAJARDO VALDERRAMA SERGIO,1367.0,351.0,65.21946564885496,16.74618320610687,2096.0,1016.0,48.47328244274809
BOYACA,GUICAN DE LA SIERRA,DUQUE MARQUEZ IVAN,PETRO URREGO GUSTAVO FRANCISCO,1019.0,427.0,63.252638112973315,26.505276225946616,1611.0,592.0,36.7473618870267
BOYACA,IZA,DUQUE MARQUEZ IVAN,FAJARDO VALDERRAMA SERGIO,629.0,342.0,50.48154093097913,27.447833065810595,1246.0,287.0,23.033707865168534
BOYACA,JENESANO,DUQUE MARQUEZ IVAN,PETRO URREGO GUSTAVO FRANCISCO,1277.0,544.0,49.688715953307394,21.167315175097276,2570.0,733.0,28.52140077821012
BOYACA,JERICO,DUQUE MARQUEZ IVAN,PETRO URREGO GUSTAVO FRANCISCO,1235.0,143.0,81.67989417989418,9.457671957671957,1512.0,1092.0,72.22222222222221
BOYACA,LA CAPILLA,DUQUE MARQUEZ IVAN,PETRO URREGO GUSTAVO FRANCISCO,836.0,264.0,61.15581565471836,19.312362838332113,1367.0,572.0,41.84345281638625
BOYACA,LA UVITA,DUQUE MARQUEZ IVAN,FAJARDO VALDERRAMA SERGIO,1077.0,145.0,80.67415730337079,10.861423220973784,1335.0,932.0,69.81273408239701
BOYACA,LA VICTORIA,DUQUE MARQUEZ IVAN,PETRO URREGO GUSTAVO FRANCISCO,626.0,76.0,76.06318347509114,9.234507897934387,823.0,550.0,66.82867557715674
BOYACA,LABRANZAGRANDE,DUQUE MARQUEZ IVAN,FAJARDO VALDERRAMA SERGIO,1060.0,209.0,71.33243606998654,14.064602960969044,1486.0,851.0,57.2678331090175
BOYACA,MACANAL,DUQUE MARQUEZ IVAN,FAJARDO VALDERRAMA SERGIO,1291.0,290.0,68.01896733403584,15.279241306638566,1898.0,1001.0,52.73972602739727
BOYACA,MARIPI,DUQUE MARQUEZ IVAN,VARGAS LLERAS GERMAN,1433.0,1060.0,50.31601123595506,37.21910112359551,2848.0,373.0,13.096910112359552
BOYACA,MIRAFLORES,PETRO URREGO GUSTAVO FRANCISCO,DUQUE MARQUEZ IVAN,1577.0,1380.0,37.202170323189435,32.554847841472046,4239.0,197.0,4.647322481717389
BOYACA,MONGUA,DUQUE MARQUEZ IVAN,FAJARDO VALDERRAMA SERGIO,2052.0,232.0,79.87543791358506,9.03075126508369,2569.0,1820.0,70.84468664850137
BOYACA,MONGUI,DUQUE MARQUEZ IVAN,FAJARDO VALDERRAMA SERGIO,1026.0,527.0,49.23224568138196,25.287907869481767,2084.0,499.0,23.944337811900194
BOYACA,MONIQUIRA,DUQUE MARQUEZ IVAN,PETRO URREGO GUSTAVO FRANCISCO,4459.0,2194.0,47.638888888888886,23.44017094017094,9360.0,2265.0,24.198717948717945
BOYACA,MOTAVITA,PETRO URREGO GUSTAVO FRANCISCO,FAJARDO VALDERRAMA SERGIO,1153.0,648.0,43.85697984024344,24.648155192088247,2629.0,505.0,19.208824648155193
BOYACA,MUZO,DUQUE MARQUEZ IVAN,PETRO URREGO GUSTAVO FRANCISCO,2964.0,540.0,72.7361963190184,13.25153374233129,4075.0,2424.0,59.484662576687114
BOYACA,NOBSA,PETRO URREGO GUSTAVO FRANCISCO,FAJARDO VALDERRAMA SERGIO,3668.0,2399.0,43.708293612964724,28.586749285033363,8392.0,1269.0,15.12154432793136
BOYACA,NUEVO COLON,DUQUE MARQUEZ IVAN,PETRO URREGO GUSTAVO FRANCISCO,702.0,593.0,34.09422049538611,28.800388538125304,2059.0,109.0,5.293831957260807
BOYACA,OICATA,DUQUE MARQUEZ IVAN,FAJARDO VALDERRAMA SERGIO,628.0,424.0,39.62145110410095,26.750788643533124,1585.0,204.0,12.870662460567825
BOYACA,OTANCHE,DUQUE MARQUEZ IVAN,FAJARDO VALDERRAMA SERGIO,2697.0,276.0,80.82109679352712,8.27090200779143,3337.0,2421.0,72.55019478573568
BOYACA,PACHAVITA,DUQUE MARQUEZ IVAN,FAJARDO VALDERRAMA SERGIO,655.0,210.0,64.02737047898339,20.527859237536656,1023.0,445.0,43.499511241446726
BOYACA,PAEZ,DUQUE MARQUEZ IVAN,FAJARDO VALDERRAMA SERGIO,976.0,228.0,65.50335570469798,15.302013422818792,1490.0,748.0,50.20134228187919
BOYACA,PAIPA,FAJARDO VALDERRAMA SERGIO,DUQUE MARQUEZ IVAN,6290.0,4650.0,39.16806775017124,28.95572576125537,16059.0,1640.0,10.21234198891587
BOYACA,PAJARITO,DUQUE MARQUEZ IVAN,FAJARDO VALDERRAMA SERGIO,638.0,138.0,72.25368063420159,15.628539071347678,883.0,500.0,56.62514156285391
BOYACA,PANQUEBA,DUQUE MARQUEZ IVAN,FAJARDO VALDERRAMA SERGIO,627.0,147.0,73.07692307692307,17.132867132867133,858.0,480.0,55.94405594405593
BOYACA,PAUNA,DUQUE MARQUEZ IVAN,PETRO URREGO GUSTAVO FRANCISCO,2153.0,662.0,65.62023773239865,20.17677537336178,3281.0,1491.0,45.44346235903687
BOYACA,PAYA,DUQUE MARQUEZ IVAN,PETRO URREGO GUSTAVO FRANCISCO,563.0,127.0,65.77102803738318,14.836448598130842,856.0,436.0,50.93457943925233
BOYACA,PAZ DE RIO,PETRO URREGO GUSTAVO FRANCISCO,FAJARDO VALDERRAMA SERGIO,859.0,522.0,38.97459165154265,23.684210526315788,2204.0,337.0,15.290381125226865
BOYACA,PESCA,DUQUE MARQUEZ IVAN,FAJARDO VALDERRAMA SERGIO,1714.0,495.0,59.18508287292818,17.09254143646409,2896.0,1219.0,42.09254143646409
BOYACA,PISBA,DUQUE MARQUEZ IVAN,FAJARDO VALDERRAMA SERGIO,341.0,106.0,62.22627737226277,19.34306569343066,548.0,235.0,42.88321167883211
BOYACA,PUERTO BOYACA,DUQUE MARQUEZ IVAN,FAJARDO VALDERRAMA SERGIO,10774.0,4294.0,54.65983461011618,21.78479021865963,19711.0,6480.0,32.87504439145655
BOYACA,QUIPAMA,DUQUE MARQUEZ IVAN,PETRO URREGO GUSTAVO FRANCISCO,2058.0,256.0,77.9840848806366,9.700644183402805,2639.0,1802.0,68.2834406972338
BOYACA,RAMIRIQUI,DUQUE MARQUEZ IVAN,PETRO URREGO GUSTAVO FRANCISCO,1975.0,917.0,48.69329388560158,22.608481262327416,4056.0,1058.0,26.08481262327416
BOYACA,RAQUIRA,DUQUE MARQUEZ IVAN,FAJARDO VALDERRAMA SERGIO,1462.0,612.0,54.69509913954358,22.895622895622896,2673.0,850.0,31.799476243920683
BOYACA,RONDON,DUQUE MARQUEZ IVAN,PETRO URREGO GUSTAVO FRANCISCO,679.0,223.0,56.442227763923526,18.53699085619285,1203.0,456.0,37.905236907730675
BOYACA,SABOYA,DUQUE MARQUEZ IVAN,PETRO URREGO GUSTAVO FRANCISCO,2623.0,1277.0,52.167859984089105,25.39777247414479,5028.0,1346.0,26.770087509944315
BOYACA,SACHICA,DUQUE MARQUEZ IVAN,FAJARDO VALDERRAMA SERGIO,896.0,563.0,42.32404345772319,26.59423712801134,2117.0,333.0,15.729806329711852
BOYACA,SAMACA,DUQUE MARQUEZ IVAN,FAJARDO VALDERRAMA SERGIO,3074.0,2248.0,41.994535519125684,30.710382513661198,7320.0,826.0,11.284153005464486
BOYACA,SAN EDUARDO,DUQUE MARQUEZ IVAN,PETRO URREGO GUSTAVO FRANCISCO,401.0,179.0,50.44025157232704,22.51572327044025,795.0,222.0,27.92452830188679
BOYACA,SAN JOSE DE PARE,DUQUE MARQUEZ IVAN,PETRO URREGO GUSTAVO FRANCISCO,1769.0,302.0,70.70343725019984,12.070343725019985,2502.0,1467.0,58.63309352517986
BOYACA,SAN LUIS DE GACENO,DUQUE MARQUEZ IVAN,FAJARDO VALDERRAMA SERGIO,1841.0,358.0,74.62505066882854,14.511552492906363,2467.0,1483.0,60.113498175922174
BOYACA,SAN MATEO,DUQUE MARQUEZ IVAN,FAJARDO VALDERRAMA SERGIO,1665.0,142.0,84.81915435557819,7.233825776872134,1963.0,1523.0,77.58532857870605
BOYACA,SAN MIGUEL DE SEMA,DUQUE MARQUEZ IVAN,FAJARDO VALDERRAMA SERGIO,858.0,261.0,59.707724425887264,18.16283924843424,1437.0,597.0,41.544885177453025
BOYACA,SAN PABLO DE BORBUR,DUQUE MARQUEZ IVAN,PETRO URREGO GUSTAVO FRANCISCO,2535.0,269.0,81.27605001603078,8.624559153574864,3119.0,2266.0,72.65149086245592
BOYACA,SANTA MARIA,DUQUE MARQUEZ IVAN,FAJARDO VALDERRAMA SERGIO,818.0,338.0,53.4640522875817,22.091503267973856,1530.0,480.0,31.372549019607845
BOYACA,SANTA ROSA DE VITERBO,DUQUE MARQUEZ IVAN,FAJARDO VALDERRAMA SERGIO,2363.0,1723.0,44.889817629179326,32.73176291793313,5264.0,640.0,12.158054711246194
BOYACA,SANTA SOFIA,DUQUE MARQUEZ IVAN,FAJARDO VALDERRAMA SERGIO,1091.0,352.0,64.9791542584872,20.96486003573556,1679.0,739.0,44.014294222751644
BOYACA,SANTANA,DUQUE MARQUEZ IVAN,PETRO URREGO GUSTAVO FRANCISCO,1626.0,662.0,49.168430601753855,20.01814333232537,3307.0,964.0,29.150287269428485
BOYACA,SATIVANORTE,DUQUE MARQUEZ IVAN,FAJARDO VALDERRAMA SERGIO,997.0,104.0,80.20917135961383,8.3668543845535,1243.0,893.0,71.84231697506033
BOYACA,SATIVASUR,DUQUE MARQUEZ IVAN,PETRO URREGO GUSTAVO FRANCISCO,288.0,84.0,58.41784989858012,17.038539553752535,493.0,204.0,41.37931034482759
BOYACA,SIACHOQUE,DUQUE MARQUEZ IVAN,FAJARDO VALDERRAMA SERGIO,1663.0,819.0,52.13166144200627,25.673981191222573,3190.0,844.0,26.457680250783696
BOYACA,SOATA,DUQUE MARQUEZ IVAN,FAJARDO VALDERRAMA SERGIO,2654.0,655.0,59.22785092613256,14.61727293014952,4481.0,1999.0,44.61057799598304
BOYACA,SOCHA,DUQUE MARQUEZ IVAN,PETRO URREGO GUSTAVO FRANCISCO,1343.0,718.0,47.35543018335684,25.317348377997178,2836.0,625.0,22.03808180535966
BOYACA,SOCOTA,DUQUE MARQUEZ IVAN,PETRO URREGO GUSTAVO FRANCISCO,1944.0,505.0,68.16269284712483,17.70687237026648,2852.0,1439.0,50.45582047685835
BOYACA,SOGAMOSO,FAJARDO VALDERRAMA SERGIO,DUQUE MARQUEZ IVAN,20896.0,17339.0,35.76918468306544,29.680412194662697,58419.0,3557.0,6.088772488402743
BOYACA,SOMONDOCO,DUQUE MARQUEZ IVAN,FAJARDO VALDERRAMA SERGIO,726.0,257.0,55.5045871559633,19.648318042813457,1308.0,469.0,35.85626911314984
BOYACA,SORA,DUQUE MARQUEZ IVAN,PETRO URREGO GUSTAVO FRANCISCO,454.0,401.0,35.91772151898734,31.7246835443038,1264.0,53.0,4.193037974683541
BOYACA,SORACA,DUQUE MARQUEZ IVAN,FAJARDO VALDERRAMA SERGIO,1465.0,747.0,48.57427055702917,24.76790450928382,3016.0,718.0,23.806366047745353
BOYACA,SOTAQUIRA,DUQUE MARQUEZ IVAN,FAJARDO VALDERRAMA SERGIO,2009.0,754.0,57.318116975748936,21.512125534950073,3505.0,1255.0,35.80599144079886
BOYACA,SUSACON,DUQUE MARQUEZ IVAN,PETRO URREGO GUSTAVO FRANCISCO,1055.0,145.0,74.6110325318246,10.254596888260254,1414.0,910.0,64.35643564356435
BOYACA,SUTAMARCHAN,DUQUE MARQUEZ IVAN,VARGAS LLERAS GERMAN,1745.0,658.0,49.97136311569301,18.84306987399771,3492.0,1087.0,31.1282932416953
BOYACA,SUTATENZA,DUQUE MARQUEZ IVAN,FAJARDO VALDERRAMA SERGIO,1205.0,308.0,59.77182539682539,15.277777777777779,2016.0,897.0,44.49404761904761
BOYACA,TASCO,DUQUE MARQUEZ IVAN,PETRO URREGO GUSTAVO FRANCISCO,745.0,576.0,37.02783300198807,28.628230616302186,2012.0,169.0,8.399602385685885
BOYACA,TENZA,DUQUE MARQUEZ IVAN,FAJARDO VALDERRAMA SERGIO,1064.0,324.0,62.11325160537069,18.914185639229423,1713.0,740.0,43.19906596614127
BOYACA,TIBANA,DUQUE MARQUEZ IVAN,PETRO URREGO GUSTAVO FRANCISCO,1318.0,734.0,44.154103852596315,24.58961474036851,2985.0,584.0,19.564489112227804
BOYACA,TIBASOSA,FAJARDO VALDERRAMA SERGIO,DUQUE MARQUEZ IVAN,1640.0,1638.0,30.409790469126648,30.37270535879844,5393.0,2.0,0.03708511032820638
BOYACA,TINJACA,DUQUE MARQUEZ IVAN,PETRO URREGO GUSTAVO FRANCISCO,835.0,459.0,47.796222095020035,26.273611906124785,1747.0,376.0,21.52261018889525
BOYACA,TIPACOQUE,DUQUE MARQUEZ IVAN,PETRO URREGO GUSTAVO FRANCISCO,1020.0,182.0,63.11881188118812,11.262376237623762,1616.0,838.0,51.85643564356436
BOYACA,TOCA,DUQUE MARQUEZ IVAN,FAJARDO VALDERRAMA SERGIO,1418.0,902.0,39.22544951590595,24.951590594744122,3615.0,516.0,14.273858921161828
BOYACA,TOGUI,DUQUE MARQUEZ IVAN,PETRO URREGO GUSTAVO FRANCISCO,1281.0,226.0,65.625,11.577868852459016,1952.0,1055.0,54.04713114754098
BOYACA,TOPAGA,DUQUE MARQUEZ IVAN,FAJARDO VALDERRAMA SERGIO,917.0,438.0,47.86012526096034,22.860125260960334,1916.0,479.0,25.000000000000004
BOYACA,TOTA,DUQUE MARQUEZ IVAN,VARGAS LLERAS GERMAN,970.0,307.0,58.18836232753449,18.416316736652668,1667.0,663.0,39.772045590881824
BOYACA,TUNJA,FAJARDO VALDERRAMA SERGIO,PETRO URREGO GUSTAVO FRANCISCO,32035.0,23151.0,39.96880848409233,28.884591391141612,80150.0,8884.0,11.084217092950716
BOYACA,TUNUNGUA,DUQUE MARQUEZ IVAN,PETRO URREGO GUSTAVO FRANCISCO,356.0,184.0,51.66908563134979,26.705370101596515,689.0,172.0,24.963715529753273
BOYACA,TURMEQUE,FAJARDO VALDERRAMA SERGIO,DUQUE MARQUEZ IVAN,854.0,793.0,34.92842535787321,32.43353783231084,2445.0,61.0,2.494887525562369
BOYACA,TUTA,DUQUE MARQUEZ IVAN,FAJARDO VALDERRAMA SERGIO,1579.0,1477.0,36.47493647493648,34.11873411873412,4329.0,102.0,2.3562023562023597
BOYACA,TUTAZA,DUQUE MARQUEZ IVAN,PETRO URREGO GUSTAVO FRANCISCO,458.0,314.0,45.43650793650794,31.150793650793652,1008.0,144.0,14.285714285714285
BOYACA,UMBITA,DUQUE MARQUEZ IVAN,PETRO URREGO GUSTAVO FRANCISCO,2142.0,503.0,67.14733542319749,15.768025078369908,3190.0,1639.0,51.37931034482758
BOYACA,VENTAQUEMADA,DUQUE MARQUEZ IVAN,PETRO URREGO GUSTAVO FRANCISCO,1939.0,1673.0,36.52288566585044,31.51252589941609,5309.0,266.0,5.010359766434348
BOYACA,VILLA DE LEYVA,DUQUE MARQUEZ IVAN,FAJARDO VALDERRAMA SERGIO,3111.0,2585.0,41.8313836224284,34.75863923625118,7437.0,526.0,7.07274438617722
BOYACA,VIRACACHA,DUQUE MARQUEZ IVAN,FAJARDO VALDERRAMA SERGIO,869.0,189.0,66.28527841342486,14.416475972540047,1311.0,680.0,51.868802440884814
BOYACA,ZETAQUIRA,DUQUE MARQUEZ IVAN,PETRO URREGO GUSTAVO FRANCISCO,1171.0,425.0,58.84422110552764,21.35678391959799,1990.0,746.0,37.48743718592965
CALDAS,AGUADAS,DUQUE MARQUEZ IVAN,FAJARDO VALDERRAMA SERGIO,6776.0,2079.0,70.02893757751136,21.486151302190986,9676.0,4697.0,48.54278627532037
CALDAS,ANSERMA,DUQUE MARQUEZ IVAN,FAJARDO VALDERRAMA SERGIO,9399.0,3285.0,64.03460961983922,22.38043330153972,14678.0,6114.0,41.65417631829949
CALDAS,ARANZAZU,DUQUE MARQUEZ IVAN,FAJARDO VALDERRAMA SERGIO,3470.0,1109.0,61.964285714285715,19.803571428571427,5600.0,2361.0,42.16071428571429
CALDAS,BELALCAZAR,DUQUE MARQUEZ IVAN,VARGAS LLERAS GERMAN,3177.0,1101.0,59.11797543729066,20.48753256419799,5374.0,2076.0,38.63044287309267
CALDAS,CHINCHINA,DUQUE MARQUEZ IVAN,FAJARDO VALDERRAMA SERGIO,10315.0,9509.0,43.340336134453786,39.95378151260504,23800.0,806.0,3.3865546218487452
CALDAS,FILADELFIA,DUQUE MARQUEZ IVAN,FAJARDO VALDERRAMA SERGIO,2681.0,957.0,59.80370287753737,21.347312067811732,4483.0,1724.0,38.45639080972563
CALDAS,LA DORADA,DUQUE MARQUEZ IVAN,FAJARDO VALDERRAMA SERGIO,13526.0,5876.0,49.73342648086186,21.605324116630513,27197.0,7650.0,28.128102364231346
CALDAS,LA MERCED,DUQUE MARQUEZ IVAN,FAJARDO VALDERRAMA SERGIO,1523.0,574.0,61.09105495387084,23.02446851183313,2493.0,949.0,38.0665864420377
CALDAS,MANIZALES,FAJARDO VALDERRAMA SERGIO,DUQUE MARQUEZ IVAN,102769.0,61111.0,51.07930117547653,30.3740152588285,201195.0,41658.0,20.70528591664803
CALDAS,MANZANARES,DUQUE MARQUEZ IVAN,FAJARDO VALDERRAMA SERGIO,5347.0,955.0,69.90456268793307,12.485292195058177,7649.0,4392.0,57.41927049287489
CALDAS,MARMATO,DUQUE MARQUEZ IVAN,FAJARDO VALDERRAMA SERGIO,1364.0,712.0,52.24052087322865,27.269245499808502,2611.0,652.0,24.971275373420145
CALDAS,MARQUETALIA,DUQUE MARQUEZ IVAN,FAJARDO VALDERRAMA SERGIO,4026.0,845.0,68.60940695296523,14.40013633265167,5868.0,3181.0,54.20927062031356
CALDAS,MARULANDA,DUQUE MARQUEZ IVAN,FAJARDO VALDERRAMA SERGIO,758.0,186.0,67.61819803746654,16.592328278322928,1121.0,572.0,51.02586975914362
CALDAS,NEIRA,DUQUE MARQUEZ IVAN,FAJARDO VALDERRAMA SERGIO,5611.0,3172.0,54.51277567278733,30.817060137957835,10293.0,2439.0,23.695715534829493
CALDAS,NORCASIA,DUQUE MARQUEZ IVAN,FAJARDO VALDERRAMA SERGIO,1403.0,620.0,53.71362940275651,23.736600306278714,2612.0,783.0,29.977029096477796
CALDAS,PACORA,DUQUE MARQUEZ IVAN,FAJARDO VALDERRAMA SERGIO,3825.0,1110.0,62.849162011173185,18.238580348340452,6086.0,2715.0,44.61058166283273
CALDAS,PALESTINA,DUQUE MARQUEZ IVAN,FAJARDO VALDERRAMA SERGIO,3278.0,1765.0,48.0222677995898,25.857017286844417,6826.0,1513.0,22.16525051274538
CALDAS,PENSILVANIA,DUQUE MARQUEZ IVAN,FAJARDO VALDERRAMA SERGIO,6572.0,1260.0,75.70556387512958,14.514456859808778,8681.0,5312.0,61.19110701532081
CALDAS,RIOSUCIO,DUQUE MARQUEZ IVAN,FAJARDO VALDERRAMA SERGIO,11277.0,4051.0,57.08139299453331,20.5051629884592,19756.0,7226.0,36.57623000607411
CALDAS,RISARALDA,DUQUE MARQUEZ IVAN,FAJARDO VALDERRAMA SERGIO,3102.0,1023.0,63.08724832214765,20.80536912751678,4917.0,2079.0,42.281879194630875
CALDAS,SALAMINA,DUQUE MARQUEZ IVAN,FAJARDO VALDERRAMA SERGIO,3789.0,1931.0,54.88917861799217,27.973344922497468,6903.0,1858.0,26.915833695494705
CALDAS,SAMANA,DUQUE MARQUEZ IVAN,FAJARDO VALDERRAMA SERGIO,6070.0,990.0,72.0817005106282,11.75632347702173,8421.0,5080.0,60.325377033606465
CALDAS,SAN JOSE,DUQUE MARQUEZ IVAN,VARGAS LLERAS GERMAN,1284.0,613.0,49.36562860438293,23.5678585159554,2601.0,671.0,25.797770088427527
CALDAS,SUPIA,DUQUE MARQUEZ IVAN,FAJARDO VALDERRAMA SERGIO,6551.0,2242.0,61.110074626865675,20.91417910447761,10720.0,4309.0,40.195895522388064
CALDAS,VICTORIA,DUQUE MARQUEZ IVAN,VARGAS LLERAS GERMAN,2289.0,994.0,54.02407363700732,23.45999527967902,4237.0,1295.0,30.5640783573283
CALDAS,VILLAMARIA,FAJARDO VALDERRAMA SERGIO,DUQUE MARQUEZ IVAN,12176.0,8392.0,48.037243066240585,33.10845464946542,25347.0,3784.0,14.928788416775163
CALDAS,VITERBO,DUQUE MARQUEZ IVAN,FAJARDO VALDERRAMA SERGIO,4994.0,1361.0,67.71525423728814,18.454237288135594,7375.0,3633.0,49.26101694915254
CAQUETA,ALBANIA,DUQUE MARQUEZ IVAN,PETRO URREGO GUSTAVO FRANCISCO,1347.0,239.0,72.30273752012883,12.828770799785291,1863.0,1108.0,59.47396672034354
CAQUETA,BELEN DE LOS ANDAQUIES,DUQUE MARQUEZ IVAN,PETRO URREGO GUSTAVO FRANCISCO,2415.0,619.0,67.59026028547439,17.32437727399944,3573.0,1796.0,50.26588301147495
CAQUETA,CARTAGENA DEL CHAIRA,PETRO URREGO GUSTAVO FRANCISCO,DUQUE MARQUEZ IVAN,2263.0,2134.0,40.09567682494685,37.81006378454996,5644.0,129.0,2.285613040396889
CAQUETA,CURILLO,DUQUE MARQUEZ IVAN,PETRO URREGO GUSTAVO FRANCISCO,1684.0,491.0,67.06491437674234,19.553962564715253,2511.0,1193.0,47.51095181202709
CAQUETA,EL DONCELLO,DUQUE MARQUEZ IVAN,PETRO URREGO GUSTAVO FRANCISCO,3741.0,1253.0,58.1171353114805,19.465589560354204,6437.0,2488.0,38.6515457511263
CAQUETA,EL PAUJIL,DUQUE MARQUEZ IVAN,PETRO URREGO GUSTAVO FRANCISCO,2049.0,1418.0,49.24297043979812,34.07834655130978,4161.0,631.0,15.164623888488343
CAQUETA,FLORENCIA,DUQUE MARQUEZ IVAN,FAJARDO VALDERRAMA SERGIO,35461.0,13929.0,54.08360913264294,21.243918434578372,65567.0,21532.0,32.83969069806457
CAQUETA,LA MONTANITA,PETRO URREGO GUSTAVO FRANCISCO,DUQUE MARQUEZ IVAN,1833.0,1356.0,46.24117053481332,34.20787083753784,3964.0,477.0,12.033299697275481
CAQUETA,MILAN,DUQUE MARQUEZ IVAN,PETRO URREGO GUSTAVO FRANCISCO,1034.0,585.0,55.561526061257396,31.434712520150455,1861.0,449.0,24.12681354110694
CAQUETA,MORELIA,DUQUE MARQUEZ IVAN,PETRO URREGO GUSTAVO FRANCISCO,1100.0,268.0,66.54567453115547,16.212946158499697,1653.0,832.0,50.33272837265577
CAQUETA,PUERTO RICO,DUQUE MARQUEZ IVAN,PETRO URREGO GUSTAVO FRANCISCO,4031.0,1656.0,56.662918189485524,23.278043294911445,7114.0,2375.0,33.38487489457408
CAQUETA,SAN JOSE DEL FRAGUA,DUQUE MARQUEZ IVAN,PETRO URREGO GUSTAVO FRANCISCO,2307.0,1129.0,56.227150865220565,27.51645137704119,4103.0,1178.0,28.710699488179376
CAQUETA,SAN VICENTE DEL CAGUAN,DUQUE MARQUEZ IVAN,PETRO URREGO GUSTAVO FRANCISCO,6870.0,3523.0,54.171266361772595,27.779530042580035,12682.0,3347.0,26.39173631919256
CAQUETA,SOLANO,PETRO URREGO GUSTAVO FRANCISCO,DUQUE MARQUEZ IVAN,763.0,549.0,44.61988304093567,32.10526315789474,1710.0,214.0,12.514619883040929
CAQUETA,SOLITA,DUQUE MARQUEZ IVAN,PETRO URREGO GUSTAVO FRANCISCO,979.0,302.0,61.64987405541562,19.0176322418136,1588.0,677.0,42.63224181360202
CAQUETA,VALPARAISO,DUQUE MARQUEZ IVAN,PETRO URREGO GUSTAVO FRANCISCO,1193.0,348.0,58.05352798053528,16.934306569343065,2055.0,845.0,41.119221411192214
CASANARE,AGUAZUL,DUQUE MARQUEZ IVAN,FAJARDO VALDERRAMA SERGIO,10744.0,4377.0,57.98165137614679,23.621154883971936,18530.0,6367.0,34.36049649217486
CASANARE,CHAMEZA,DUQUE MARQUEZ IVAN,PETRO URREGO GUSTAVO FRANCISCO,742.0,174.0,67.2710788757933,15.775158658204896,1103.0,568.0,51.4959202175884
CASANARE,HATO COROZAL,DUQUE MARQUEZ IVAN,PETRO URREGO GUSTAVO FRANCISCO,3284.0,539.0,78.0603755645353,12.81198003327787,4207.0,2745.0,65.24839553125744
CASANARE,LA SALINA,PETRO URREGO GUSTAVO FRANCISCO,DE LA CALLE LOMBANA HUMBERTO,215.0,129.0,47.14912280701755,28.289473684210524,456.0,86.0,18.859649122807024
CASANARE,MANI,DUQUE MARQUEZ IVAN,FAJARDO VALDERRAMA SERGIO,4270.0,956.0,67.24409448818898,15.05511811023622,6350.0,3314.0,52.188976377952756
CASANARE,MONTERREY,DUQUE MARQUEZ IVAN,FAJARDO VALDERRAMA SERGIO,4394.0,1675.0,60.91778732843477,23.221960349369194,7213.0,2719.0,37.69582697906557
CASANARE,NUNCHIA,DUQUE MARQUEZ IVAN,FAJARDO VALDERRAMA SERGIO,3032.0,456.0,78.24516129032259,11.76774193548387,3875.0,2576.0,66.47741935483872
CASANARE,OROCUE,DUQUE MARQUEZ IVAN,PETRO URREGO GUSTAVO FRANCISCO,2895.0,616.0,71.7649975210709,15.270203272186416,4034.0,2279.0,56.49479424888448
CASANARE,PAZ DE ARIPORO,DUQUE MARQUEZ IVAN,FAJARDO VALDERRAMA SERGIO,11428.0,1615.0,77.05481761175915,10.889353381430787,14831.0,9813.0,66.16546423032835
CASANARE,PORE,DUQUE MARQUEZ IVAN,FAJARDO VALDERRAMA SERGIO,3540.0,428.0,79.5505617977528,9.617977528089888,4450.0,3112.0,69.93258426966293
CASANARE,RECETOR,DUQUE MARQUEZ IVAN,PETRO URREGO GUSTAVO FRANCISCO,449.0,141.0,61.59122085048011,19.34156378600823,729.0,308.0,42.24965706447188
CASANARE,SABANALARGA,DUQUE MARQUEZ IVAN,FAJARDO VALDERRAMA SERGIO,1011.0,330.0,61.759315821624924,20.15882712278558,1637.0,681.0,41.60048869883934
CASANARE,SACAMA,PETRO URREGO GUSTAVO FRANCISCO,DUQUE MARQUEZ IVAN,344.0,206.0,52.67993874425727,31.546707503828486,653.0,138.0,21.133231240428785
CASANARE,SAN LUIS DE PALENQUE,DUQUE MARQUEZ IVAN,FAJARDO VALDERRAMA SERGIO,2737.0,447.0,77.79988629903355,12.706083001705515,3518.0,2290.0,65.09380329732804
CASANARE,TAMARA,DUQUE MARQUEZ IVAN,FAJARDO VALDERRAMA SERGIO,1849.0,266.0,75.6237218813906,10.879345603271984,2445.0,1583.0,64.74437627811861
CASANARE,TAURAMENA,DUQUE MARQUEZ IVAN,FAJARDO VALDERRAMA SERGIO,7029.0,2221.0,64.28571428571429,20.31278580574355,10934.0,4808.0,43.97292847997074
CASANARE,TRINIDAD,DUQUE MARQUEZ IVAN,FAJARDO VALDERRAMA SERGIO,4070.0,606.0,77.27359027909625,11.505600911334726,5267.0,3464.0,65.76798936776153
CASANARE,VILLANUEVA,DUQUE MARQUEZ IVAN,FAJARDO VALDERRAMA SERGIO,8289.0,2603.0,61.80286310766478,19.407992842230836,13412.0,5686.0,42.39487026543394
CASANARE,YOPAL,DUQUE MARQUEZ IVAN,FAJARDO VALDERRAMA SERGIO,38235.0,21211.0,53.305543163060456,29.571436538032568,71728.0,17024.0,23.734106625027888
CAUCA,ALMAGUER,PETRO URREGO GUSTAVO FRANCISCO,VARGAS LLERAS GERMAN,3806.0,523.0,78.5876522816436,10.799091472227957,4843.0,3283.0,67.78856080941564
CAUCA,ARGELIA,PETRO URREGO GUSTAVO FRANCISCO,DUQUE MARQUEZ IVAN,6810.0,504.0,83.94970414201184,6.21301775147929,8112.0,6306.0,77.73668639053255
CAUCA,BALBOA,PETRO URREGO GUSTAVO FRANCISCO,DUQUE MARQUEZ IVAN,4951.0,564.0,80.13920362576886,9.129168015539008,6178.0,4387.0,71.01003561022985
CAUCA,BOLIVAR,PETRO URREGO GUSTAVO FRANCISCO,DUQUE MARQUEZ IVAN,7842.0,1598.0,68.90431420789034,14.040945435374747,11381.0,6244.0,54.86336877251559
CAUCA,BUENOS AIRES,VARGAS LLERAS GERMAN,PETRO URREGO GUSTAVO FRANCISCO,2517.0,2219.0,35.036191536748326,30.888084632516705,7184.0,298.0,4.148106904231621
CAUCA,CAJIBIO,PETRO URREGO GUSTAVO FRANCISCO,DUQUE MARQUEZ IVAN,3675.0,2586.0,42.3728813559322,29.816672431684538,8673.0,1089.0,12.556208924247663
CAUCA,CALDONO,PETRO URREGO GUSTAVO FRANCISCO,DUQUE MARQUEZ IVAN,7201.0,1757.0,67.14845207012308,16.383812010443865,10724.0,5444.0,50.76464005967922
CAUCA,CALOTO,PETRO URREGO GUSTAVO FRANCISCO,DUQUE MARQUEZ IVAN,5870.0,2058.0,55.387809020569925,19.418758256274767,10598.0,3812.0,35.96905076429516
CAUCA,CORINTO,PETRO URREGO GUSTAVO FRANCISCO,DUQUE MARQUEZ IVAN,5480.0,2004.0,55.11969422651378,20.15691007845504,9942.0,3476.0,34.96278414805874
CAUCA,EL TAMBO,DUQUE MARQUEZ IVAN,PETRO URREGO GUSTAVO FRANCISCO,4919.0,4217.0,38.82705817349436,33.28597363643539,12669.0,702.0,5.541084537058964
CAUCA,FLORENCIA,PETRO URREGO GUSTAVO FRANCISCO,DUQUE MARQUEZ IVAN,1196.0,532.0,56.20300751879699,25.0,2128.0,664.0,31.203007518796987
CAUCA,GUACHENE,PETRO URREGO GUSTAVO FRANCISCO,VARGAS LLERAS GERMAN,3851.0,2331.0,49.03858398064434,29.682923723417804,7853.0,1520.0,19.355660257226535
CAUCA,GUAPI,PETRO URREGO GUSTAVO FRANCISCO,DUQUE MARQUEZ IVAN,4350.0,973.0,67.80982073265783,15.167575993764615,6415.0,3377.0,52.64224473889321
CAUCA,INZA,PETRO URREGO GUSTAVO FRANCISCO,DUQUE MARQUEZ IVAN,5382.0,2064.0,66.1504424778761,25.368731563421832,8136.0,3318.0,40.781710914454266
CAUCA,JAMBALO,PETRO URREGO GUSTAVO FRANCISCO,DUQUE MARQUEZ IVAN,4331.0,300.0,87.58341759352881,6.066734074823053,4945.0,4031.0,81.51668351870575
CAUCA,LA SIERRA,PETRO URREGO GUSTAVO FRANCISCO,DUQUE MARQUEZ IVAN,1950.0,1431.0,49.45472990109054,36.29216332741567,3943.0,519.0,13.162566573674866
CAUCA,LA VEGA,PETRO URREGO GUSTAVO FRANCISCO,DUQUE MARQUEZ IVAN,3365.0,1144.0,62.01621820862514,21.083671212679693,5426.0,2221.0,40.932546995945444
CAUCA,LOPEZ DE MICAY,PETRO URREGO GUSTAVO FRANCISCO,VARGAS LLERAS GERMAN,1652.0,1222.0,42.875681287308595,31.715546327536988,3853.0,430.0,11.160134959771607
CAUCA,MERCADERES,PETRO URREGO GUSTAVO FRANCISCO,DUQUE MARQUEZ IVAN,3499.0,861.0,68.6078431372549,16.88235294117647,5100.0,2638.0,51.72549019607843
CAUCA,MIRANDA,PETRO URREGO GUSTAVO FRANCISCO,DUQUE MARQUEZ IVAN,6546.0,2162.0,56.08293351610693,18.522960932145306,11672.0,4384.0,37.559972583961624
CAUCA,MORALES,PETRO URREGO GUSTAVO FRANCISCO,DUQUE MARQUEZ IVAN,3000.0,2422.0,38.70967741935484,31.251612903225805,7750.0,578.0,7.458064516129035
CAUCA,PADILLA,PETRO URREGO GUSTAVO FRANCISCO,VARGAS LLERAS GERMAN,1815.0,754.0,54.65221318879856,22.704004817825957,3321.0,1061.0,31.948208370972605
CAUCA,PAEZ,PETRO URREGO GUSTAVO FRANCISCO,DUQUE MARQUEZ IVAN,5729.0,1917.0,64.79303325039584,21.680615245419588,8842.0,3812.0,43.11241800497625
CAUCA,PATIA,PETRO URREGO GUSTAVO FRANCISCO,DUQUE MARQUEZ IVAN,5586.0,2317.0,58.66414618777568,24.33312329342575,9522.0,3269.0,34.33102289434993
CAUCA,PIAMONTE,PETRO URREGO GUSTAVO FRANCISCO,DUQUE MARQUEZ IVAN,1148.0,796.0,52.83018867924528,36.631385181776345,2173.0,352.0,16.198803497468937
CAUCA,PIENDAMO  TUNIA,DUQUE MARQUEZ IVAN,PETRO URREGO GUSTAVO FRANCISCO,5460.0,3647.0,42.669584245076585,28.501094091903724,12796.0,1813.0,14.168490153172861
CAUCA,POPAYAN,PETRO URREGO GUSTAVO FRANCISCO,DUQUE MARQUEZ IVAN,52099.0,35342.0,39.409824656953965,26.73414121242379,132198.0,16757.0,12.675683444530176
CAUCA,PUERTO TEJADA,PETRO URREGO GUSTAVO FRANCISCO,FAJARDO VALDERRAMA SERGIO,10604.0,2266.0,62.60109805773658,13.377413070429187,16939.0,8338.0,49.223684987307394
CAUCA,PURACE,PETRO URREGO GUSTAVO FRANCISCO,DUQUE MARQUEZ IVAN,1753.0,934.0,46.98472259447869,25.03350308228357,3731.0,819.0,21.95121951219512
CAUCA,ROSAS,DUQUE MARQUEZ IVAN,PETRO URREGO GUSTAVO FRANCISCO,1602.0,1379.0,42.16899183995788,36.299026059489336,3799.0,223.0,5.869965780468547
CAUCA,SAN SEBASTIAN,VARGAS LLERAS GERMAN,PETRO URREGO GUSTAVO FRANCISCO,1059.0,992.0,38.24485373781148,35.82520765619357,2769.0,67.0,2.4196460816179126
CAUCA,SANTA ROSA,PETRO URREGO GUSTAVO FRANCISCO,DUQUE MARQUEZ IVAN,852.0,507.0,50.77473182359953,30.214541120381405,1678.0,345.0,20.560190703218126
CAUCA,SANTANDER DE QUILICHAO,PETRO URREGO GUSTAVO FRANCISCO,DUQUE MARQUEZ IVAN,16766.0,11113.0,42.746417826729896,28.333588292284944,39222.0,5653.0,14.412829534444953
CAUCA,SILVIA,PETRO URREGO GUSTAVO FRANCISCO,DUQUE MARQUEZ IVAN,7778.0,1646.0,70.25562279830186,14.86767229699214,11071.0,6132.0,55.38795050130972
CAUCA,SOTARA PAISPAMBA,PETRO URREGO GUSTAVO FRANCISCO,DUQUE MARQUEZ IVAN,1552.0,950.0,48.064416227934345,29.420873335397957,3229.0,602.0,18.643542892536388
CAUCA,SUAREZ,PETRO URREGO GUSTAVO FRANCISCO,DUQUE MARQUEZ IVAN,2422.0,1936.0,40.88453747467927,32.68062120189062,5924.0,486.0,8.203916272788653
CAUCA,SUCRE,PETRO URREGO GUSTAVO FRANCISCO,VARGAS LLERAS GERMAN,1977.0,266.0,79.0167865707434,10.631494804156674,2502.0,1711.0,68.38529176658673
CAUCA,TIMBIO,DUQUE MARQUEZ IVAN,PETRO URREGO GUSTAVO FRANCISCO,4902.0,4351.0,39.96412848524376,35.472036523724114,12266.0,551.0,4.492091961519648
CAUCA,TIMBIQUI,PETRO URREGO GUSTAVO FRANCISCO,VARGAS LLERAS GERMAN,2999.0,2338.0,47.71678599840891,37.19968178202068,6285.0,661.0,10.517104216388226
CAUCA,TORIBIO,PETRO URREGO GUSTAVO FRANCISCO,DUQUE MARQUEZ IVAN,8745.0,602.0,83.76436781609196,5.766283524904214,10440.0,8143.0,77.99808429118775
CAUCA,TOTORO,PETRO URREGO GUSTAVO FRANCISCO,DUQUE MARQUEZ IVAN,3552.0,888.0,70.16989332279732,17.54247333069933,5062.0,2664.0,52.62741999209799
CAUCA,VILLA RICA,PETRO URREGO GUSTAVO FRANCISCO,VARGAS LLERAS GERMAN,4531.0,1058.0,60.720986330742434,14.178504422406862,7462.0,3473.0,46.542481908335574
CESAR,AGUACHICA,DUQUE MARQUEZ IVAN,PETRO URREGO GUSTAVO FRANCISCO,23840.0,7312.0,61.33264728582455,18.811422691021352,38870.0,16528.0,42.5212245948032
CESAR,AGUSTIN CODAZZI,DUQUE MARQUEZ IVAN,PETRO URREGO GUSTAVO FRANCISCO,9840.0,7195.0,46.33859194725689,33.882740758182244,21235.0,2645.0,12.455851189074643
CESAR,ASTREA,DUQUE MARQUEZ IVAN,PETRO URREGO GUSTAVO FRANCISCO,3898.0,2495.0,54.96333897349126,35.1804850535815,7092.0,1403.0,19.782853919909762
CESAR,BECERRIL,PETRO URREGO GUSTAVO FRANCISCO,DUQUE MARQUEZ IVAN,3971.0,1961.0,55.32181666202285,27.31958762886598,7178.0,2010.0,28.00222903315687
CESAR,BOSCONIA,DUQUE MARQUEZ IVAN,PETRO URREGO GUSTAVO FRANCISCO,6255.0,5425.0,46.175992913037064,40.04872287022,13546.0,830.0,6.1272700428170666
CESAR,CHIMICHAGUA,DUQUE MARQUEZ IVAN,PETRO URREGO GUSTAVO FRANCISCO,5251.0,3045.0,51.91813328060114,30.10678267747676,10114.0,2206.0,21.811350603124378
CESAR,CHIRIGUANA,PETRO URREGO GUSTAVO FRANCISCO,DUQUE MARQUEZ IVAN,4544.0,4186.0,45.1959419136662,41.63517008155958,10054.0,358.0,3.5607718321066244
CESAR,CURUMANI,DUQUE MARQUEZ IVAN,PETRO URREGO GUSTAVO FRANCISCO,5332.0,4844.0,42.40833532172115,38.527002306529866,12573.0,488.0,3.881333015191281
CESAR,EL COPEY,PETRO URREGO GUSTAVO FRANCISCO,DUQUE MARQUEZ IVAN,5168.0,3845.0,48.114700679638766,35.79741178661205,10741.0,1323.0,12.317288893026713
CESAR,EL PASO,PETRO URREGO GUSTAVO FRANCISCO,DUQUE MARQUEZ IVAN,6987.0,2902.0,62.128756891339144,25.804730570869644,11246.0,4085.0,36.3240263204695
CESAR,GAMARRA,DUQUE MARQUEZ IVAN,PETRO URREGO GUSTAVO FRANCISCO,2607.0,1003.0,52.89105295191723,20.348955163319133,4929.0,1604.0,32.5420977885981
CESAR,GONZALEZ,DUQUE MARQUEZ IVAN,PETRO URREGO GUSTAVO FRANCISCO,902.0,267.0,58.49546044098574,17.315175097276263,1542.0,635.0,41.18028534370947
CESAR,LA GLORIA,DUQUE MARQUEZ IVAN,PETRO URREGO GUSTAVO FRANCISCO,2959.0,1634.0,52.22379103423932,28.83868690434169,5666.0,1325.0,23.38510412989763
CESAR,LA JAGUA DE IBIRICO,PETRO URREGO GUSTAVO FRANCISCO,DUQUE MARQUEZ IVAN,8193.0,2931.0,56.585399544167416,20.24311071206575,14479.0,5262.0,36.342288832101666
CESAR,LA PAZ,DUQUE MARQUEZ IVAN,PETRO URREGO GUSTAVO FRANCISCO,5130.0,2493.0,54.372019077901435,26.422893481717015,9435.0,2637.0,27.94912559618442
CESAR,MANAURE BALCON DEL CESAR,DUQUE MARQUEZ IVAN,PETRO URREGO GUSTAVO FRANCISCO,1759.0,1426.0,43.96400899775056,35.64108972756811,4001.0,333.0,8.322919270182453
CESAR,PAILITAS,DUQUE MARQUEZ IVAN,PETRO URREGO GUSTAVO FRANCISCO,2899.0,2032.0,43.262199671690794,30.323832263841215,6701.0,867.0,12.93836740784958
CESAR,PELAYA,DUQUE MARQUEZ IVAN,PETRO URREGO GUSTAVO FRANCISCO,4098.0,1548.0,60.442477876106196,22.831858407079647,6780.0,2550.0,37.610619469026545
CESAR,PUEBLO BELLO,PETRO URREGO GUSTAVO FRANCISCO,DUQUE MARQUEZ IVAN,2473.0,2054.0,43.34794040315513,36.00350569675723,5705.0,419.0,7.344434706397898
CESAR,RIO DE ORO,DUQUE MARQUEZ IVAN,PETRO URREGO GUSTAVO FRANCISCO,4900.0,1287.0,61.14299975043673,16.059396056900425,8014.0,3613.0,45.083603693536304
CESAR,SAN ALBERTO,DUQUE MARQUEZ IVAN,PETRO URREGO GUSTAVO FRANCISCO,4693.0,3026.0,48.227314767238724,31.096495735279007,9731.0,1667.0,17.130819031959717
CESAR,SAN DIEGO,DUQUE MARQUEZ IVAN,PETRO URREGO GUSTAVO FRANCISCO,3354.0,2037.0,46.460728632774625,28.217204598974927,7219.0,1317.0,18.243524033799698
CESAR,SAN MARTIN,DUQUE MARQUEZ IVAN,PETRO URREGO GUSTAVO FRANCISCO,5066.0,2450.0,54.158648706435756,26.19200342099636,9354.0,2616.0,27.966645285439395
CESAR,TAMALAMEQUE,PETRO URREGO GUSTAVO FRANCISCO,DUQUE MARQUEZ IVAN,1840.0,1744.0,40.4040404040404,38.296003513394815,4554.0,96.0,2.108036890645586
CESAR,VALLEDUPAR,DUQUE MARQUEZ IVAN,PETRO URREGO GUSTAVO FRANCISCO,60454.0,58372.0,40.99743655820641,39.58550909411493,147458.0,2082.0,1.4119274640914767
CHOCO,ACANDI,DUQUE MARQUEZ IVAN,PETRO URREGO GUSTAVO FRANCISCO,1601.0,872.0,50.28266331658291,27.386934673366838,3184.0,729.0,22.895728643216074
CHOCO,ALTO BAUDO,PETRO URREGO GUSTAVO FRANCISCO,VARGAS LLERAS GERMAN,2350.0,1961.0,51.7051705170517,43.14631463146314,4545.0,389.0,8.558855885588557
CHOCO,ATRATO,PETRO URREGO GUSTAVO FRANCISCO,DUQUE MARQUEZ IVAN,1543.0,770.0,50.11367327054238,25.008119519324456,3079.0,773.0,25.105553751217922
CHOCO,BAGADO,VARGAS LLERAS GERMAN,PETRO URREGO GUSTAVO FRANCISCO,961.0,818.0,40.51433389544688,34.48566610455312,2372.0,143.0,6.028667790893763
CHOCO,BAHIA SOLANO,VARGAS LLERAS GERMAN,PETRO URREGO GUSTAVO FRANCISCO,1126.0,788.0,38.97542402215299,27.275874004845967,2889.0,338.0,11.699550017307025
CHOCO,BAJO BAUDO,VARGAS LLERAS GERMAN,PETRO URREGO GUSTAVO FRANCISCO,1410.0,872.0,44.59203036053131,27.5774826059456,3162.0,538.0,17.01454775458571
CHOCO,BOJAYA,PETRO URREGO GUSTAVO FRANCISCO,VARGAS LLERAS GERMAN,847.0,482.0,50.93205051112447,28.983764281419123,1663.0,365.0,21.94828622970535
CHOCO,CARMEN DEL DARIEN,PETRO URREGO GUSTAVO FRANCISCO,DUQUE MARQUEZ IVAN,1369.0,289.0,67.80584447746409,14.31401684001981,2019.0,1080.0,53.49182763744428
CHOCO,CERTEGUI,PETRO URREGO GUSTAVO FRANCISCO,DUQUE MARQUEZ IVAN,644.0,643.0,33.33333333333333,33.2815734989648,1932.0,1.0,0.05175983436852505
CHOCO,CONDOTO,PETRO URREGO GUSTAVO FRANCISCO,DUQUE MARQUEZ IVAN,1887.0,1149.0,52.445803224013346,31.93440800444691,3598.0,738.0,20.511395219566435
CHOCO,EL CANTON DEL SAN PABLO,VARGAS LLERAS GERMAN,PETRO URREGO GUSTAVO FRANCISCO,705.0,578.0,37.55993606819393,30.79381992541289,1877.0,127.0,6.766116142781037
CHOCO,EL CARMEN DE ATRATO,DUQUE MARQUEZ IVAN,FAJARDO VALDERRAMA SERGIO,1604.0,461.0,60.849772382397575,17.488619119878603,2636.0,1143.0,43.36115326251897
CHOCO,EL LITORAL DEL SAN JUAN,PETRO URREGO GUSTAVO FRANCISCO,VARGAS LLERAS GERMAN,2052.0,239.0,81.04265402843602,9.439178515007898,2532.0,1813.0,71.60347551342812
CHOCO,ISTMINA,PETRO URREGO GUSTAVO FRANCISCO,DUQUE MARQUEZ IVAN,4024.0,2262.0,52.104104622556,29.289136345979543,7723.0,1762.0,22.814968276576458
CHOCO,JURADO,PETRO URREGO GUSTAVO FRANCISCO,VARGAS LLERAS GERMAN,257.0,213.0,36.044880785413746,29.873772791023846,713.0,44.0,6.171107994389899
CHOCO,LLORO,DUQUE MARQUEZ IVAN,VARGAS LLERAS GERMAN,1147.0,914.0,37.54500818330605,29.918166939443537,3055.0,233.0,7.626841243862515
CHOCO,MEDIO ATRATO,PETRO URREGO GUSTAVO FRANCISCO,VARGAS LLERAS GERMAN,819.0,697.0,40.30511811023622,34.30118110236221,2032.0,122.0,6.003937007874015
CHOCO,MEDIO BAUDO,VARGAS LLERAS GERMAN,PETRO URREGO GUSTAVO FRANCISCO,2121.0,705.0,63.7702946482261,21.196632591701743,3326.0,1416.0,42.573662056524356
CHOCO,MEDIO SAN JUAN,PETRO URREGO GUSTAVO FRANCISCO,VARGAS LLERAS GERMAN,1846.0,540.0,64.05274115197778,18.736988202637058,2882.0,1306.0,45.31575294934073
CHOCO,NOVITA,DUQUE MARQUEZ IVAN,PETRO URREGO GUSTAVO FRANCISCO,869.0,478.0,48.52037967615857,26.689000558347292,1791.0,391.0,21.831379117811277
CHOCO,NUQUI,PETRO URREGO GUSTAVO FRANCISCO,DUQUE MARQUEZ IVAN,755.0,279.0,51.8188057652711,19.148936170212767,1457.0,476.0,32.66986959505833
CHOCO,QUIBDO,PETRO URREGO GUSTAVO FRANCISCO,DUQUE MARQUEZ IVAN,16239.0,8406.0,48.839097744360906,25.281203007518798,33250.0,7833.0,23.55789473684211
CHOCO,RIO IRO,DUQUE MARQUEZ IVAN,VARGAS LLERAS GERMAN,540.0,518.0,34.460753031269945,33.05679642629228,1567.0,22.0,1.4039566049776653
CHOCO,RIO QUITO,PETRO URREGO GUSTAVO FRANCISCO,DUQUE MARQUEZ IVAN,1270.0,893.0,40.64,28.576,3125.0,377.0,12.064
CHOCO,RIOSUCIO,PETRO URREGO GUSTAVO FRANCISCO,DUQUE MARQUEZ IVAN,3139.0,1381.0,55.157265858372874,24.266385520998067,5691.0,1758.0,30.890880337374806
CHOCO,SAN JOSE DEL PALMAR,PETRO URREGO GUSTAVO FRANCISCO,DUQUE MARQUEZ IVAN,330.0,312.0,29.596412556053814,27.982062780269057,1115.0,18.0,1.6143497757847562
CHOCO,SIPI,PETRO URREGO GUSTAVO FRANCISCO,VARGAS LLERAS GERMAN,591.0,95.0,75.28662420382166,12.101910828025478,785.0,496.0,63.18471337579618
CHOCO,TADO,DUQUE MARQUEZ IVAN,PETRO URREGO GUSTAVO FRANCISCO,1800.0,1635.0,37.39871182214835,33.97049657178475,4813.0,165.0,3.4282152503636
CHOCO,UNGUIA,DUQUE MARQUEZ IVAN,PETRO URREGO GUSTAVO FRANCISCO,1152.0,940.0,43.25948178745775,35.29853548629365,2663.0,212.0,7.9609463011641
CHOCO,UNION PANAMERICANA,DUQUE MARQUEZ IVAN,PETRO URREGO GUSTAVO FRANCISCO,837.0,687.0,42.465753424657535,34.855403348554034,1971.0,150.0,7.610350076103501
CONSULADOS,ALEMANIA,FAJARDO VALDERRAMA SERGIO,PETRO URREGO GUSTAVO FRANCISCO,1838.0,697.0,58.834827144686294,22.311139564660692,3124.0,1141.0,36.5236875800256
CONSULADOS,ARGELIA,FAJARDO VALDERRAMA SERGIO,DUQUE MARQUEZ IVAN,5.0,2.0,62.5,25.0,8.0,3.0,37.5
CONSULADOS,ARGENTINA,FAJARDO VALDERRAMA SERGIO,PETRO URREGO GUSTAVO FRANCISCO,3447.0,3394.0,40.58158700259006,39.957617141511655,8494.0,53.0,0.6239698610784075
CONSULADOS,ARUBA,DUQUE MARQUEZ IVAN,FAJARDO VALDERRAMA SERGIO,1651.0,390.0,70.28522775649212,16.602809706257982,2349.0,1261.0,53.68241805023413
CONSULADOS,AUSTRALIA,FAJARDO VALDERRAMA SERGIO,DUQUE MARQUEZ IVAN,4934.0,1432.0,63.159242191500255,18.330773169482846,7812.0,3502.0,44.82846902201741
CONSULADOS,AUSTRIA,FAJARDO VALDERRAMA SERGIO,PETRO URREGO GUSTAVO FRANCISCO,285.0,138.0,51.2589928057554,24.820143884892087,556.0,147.0,26.43884892086331
CONSULADOS,AZERBAIYAN,FAJARDO VALDERRAMA SERGIO,DUQUE MARQUEZ IVAN,10.0,6.0,55.55555555555556,33.33333333333333,18.0,4.0,22.22222222222223
CONSULADOS,BELGICA,FAJARDO VALDERRAMA SERGIO,DUQUE MARQUEZ IVAN,563.0,310.0,47.03425229741019,25.898078529657475,1197.0,253.0,21.136173767752716
CONSULADOS,BELICE,FAJARDO VALDERRAMA SERGIO,DUQUE MARQUEZ IVAN,16.0,9.0,55.172413793103445,31.03448275862069,29.0,7.0,24.137931034482754
CONSULADOS,BOLIVIA,DUQUE MARQUEZ IVAN,FAJARDO VALDERRAMA SERGIO,236.0,123.0,52.09713024282561,27.1523178807947,453.0,113.0,24.944812362030905
CONSULADOS,BRASIL,FAJARDO VALDERRAMA SERGIO,PETRO URREGO GUSTAVO FRANCISCO,974.0,609.0,44.292860391086855,27.694406548431104,2199.0,365.0,16.59845384265575
CONSULADOS,CANADA,DUQUE MARQUEZ IVAN,FAJARDO VALDERRAMA SERGIO,6508.0,6227.0,41.236852109998736,39.456342668863265,15782.0,281.0,1.7805094411354716
CONSULADOS,CHILE,FAJARDO VALDERRAMA SERGIO,DUQUE MARQUEZ IVAN,3213.0,2644.0,40.3237951807229,33.182730923694784,7968.0,569.0,7.141064257028113
CONSULADOS,CHINA REPUBLICA POPULAR,FAJARDO VALDERRAMA SERGIO,DUQUE MARQUEZ IVAN,224.0,169.0,47.65957446808511,35.95744680851064,470.0,55.0,11.702127659574472
CONSULADOS,CHIPRE,DUQUE MARQUEZ IVAN,FAJARDO VALDERRAMA SERGIO,9.0,8.0,42.857142857142854,38.095238095238095,21.0,1.0,4.761904761904759
CONSULADOS,COREA DEL SUR,FAJARDO VALDERRAMA SERGIO,DUQUE MARQUEZ IVAN,61.0,18.0,66.30434782608695,19.565217391304348,92.0,43.0,46.73913043478261
CONSULADOS,COSTA RICA,DUQUE MARQUEZ IVAN,FAJARDO VALDERRAMA SERGIO,2173.0,985.0,59.469074986316365,26.956759715380407,3654.0,1188.0,32.51231527093596
CONSULADOS,CUBA,PETRO URREGO GUSTAVO FRANCISCO,FAJARDO VALDERRAMA SERGIO,110.0,57.0,49.7737556561086,25.791855203619914,221.0,53.0,23.981900452488684
CONSULADOS,CURAZAO,DUQUE MARQUEZ IVAN,FAJARDO VALDERRAMA SERGIO,495.0,127.0,66.8918918918919,17.16216216216216,740.0,368.0,49.72972972972974
CONSULADOS,DINAMARCA,FAJARDO VALDERRAMA SERGIO,PETRO URREGO GUSTAVO FRANCISCO,45.0,25.0,52.32558139534884,29.069767441860467,86.0,20.0,23.255813953488374
CONSULADOS,ECUADOR,DUQUE MARQUEZ IVAN,FAJARDO VALDERRAMA SERGIO,4233.0,1543.0,54.68285751194936,19.932825216380312,7741.0,2690.0,34.75003229556904
CONSULADOS,EGIPTO,FAJARDO VALDERRAMA SERGIO,DUQUE MARQUEZ IVAN,18.0,12.0,46.15384615384615,30.76923076923077,39.0,6.0,15.384615384615383
CONSULADOS,EL SALVADOR,DUQUE MARQUEZ IVAN,FAJARDO VALDERRAMA SERGIO,130.0,74.0,54.621848739495796,31.092436974789916,238.0,56.0,23.52941176470588
CONSULADOS,EMIRATOS ARABES UNIDOS,DUQUE MARQUEZ IVAN,FAJARDO VALDERRAMA SERGIO,873.0,209.0,73.11557788944724,17.504187604690117,1194.0,664.0,55.61139028475712
CONSULADOS,ESPANA,DUQUE MARQUEZ IVAN,FAJARDO VALDERRAMA SERGIO,11158.0,9472.0,42.306817320087966,35.91415788276333,26374.0,1686.0,6.392659437324639
CONSULADOS,ESTADOS UNIDOS,DUQUE MARQUEZ IVAN,FAJARDO VALDERRAMA SERGIO,80147.0,22113.0,71.8105170729959,19.812918313039273,111609.0,58034.0,51.99759875995663
CONSULADOS,FINLANDIA,FAJARDO VALDERRAMA SERGIO,DUQUE MARQUEZ IVAN,88.0,22.0,60.273972602739725,15.068493150684931,146.0,66.0,45.205479452054796
CONSULADOS,FRANCIA,FAJARDO VALDERRAMA SERGIO,PETRO URREGO GUSTAVO FRANCISCO,2855.0,1360.0,51.22914049883366,24.403373407500446,5573.0,1495.0,26.825767091333212
CONSULADOS,GHANA,DUQUE MARQUEZ IVAN,FAJARDO VALDERRAMA SERGIO,4.0,4.0,25.0,25.0,16.0,0.0,0.0
CONSULADOS,GRECIA,DUQUE MARQUEZ IVAN,FAJARDO VALDERRAMA SERGIO,25.0,13.0,53.191489361702125,27.659574468085108,47.0,12.0,25.531914893617017
CONSULADOS,GUATEMALA,DUQUE MARQUEZ IVAN,FAJARDO VALDERRAMA SERGIO,397.0,215.0,58.46833578792342,31.66421207658321,679.0,182.0,26.804123711340214
CONSULADOS,HONDURAS,DUQUE MARQUEZ IVAN,FAJARDO VALDERRAMA SERGIO,123.0,67.0,56.42201834862385,30.73394495412844,218.0,56.0,25.68807339449541
CONSULADOS,INDIA,FAJARDO VALDERRAMA SERGIO,DUQUE MARQUEZ IVAN,8.0,5.0,40.0,25.0,20.0,3.0,15.0
CONSULADOS,INDONESIA,FAJARDO VALDERRAMA SERGIO,DUQUE MARQUEZ IVAN,19.0,12.0,48.717948717948715,30.76923076923077,39.0,7.0,17.948717948717945
CONSULADOS,INGLATERRA,DUQUE MARQUEZ IVAN,FAJARDO VALDERRAMA SERGIO,2329.0,2275.0,40.27321459450112,39.33944319557323,5783.0,54.0,0.9337713989278882
CONSULADOS,IRLANDA,FAJARDO VALDERRAMA SERGIO,DUQUE MARQUEZ IVAN,74.0,30.0,57.36434108527132,23.25581395348837,129.0,44.0,34.10852713178295
CONSULADOS,ISRAEL,DUQUE MARQUEZ IVAN,FAJARDO VALDERRAMA SERGIO,209.0,93.0,62.202380952380956,27.67857142857143,336.0,116.0,34.523809523809526
CONSULADOS,ITALIA,DUQUE MARQUEZ IVAN,FAJARDO VALDERRAMA SERGIO,1060.0,1042.0,40.94244882193897,40.24719969100038,2589.0,18.0,0.6952491309385849
CONSULADOS,JAMAICA,DUQUE MARQUEZ IVAN,FAJARDO VALDERRAMA SERGIO,51.0,14.0,65.38461538461539,17.94871794871795,78.0,37.0,47.43589743589744
CONSULADOS,JAPON,FAJARDO VALDERRAMA SERGIO,DUQUE MARQUEZ IVAN,125.0,104.0,44.014084507042256,36.61971830985916,284.0,21.0,7.394366197183096
CONSULADOS,KENIA,FAJARDO VALDERRAMA SERGIO,PETRO URREGO GUSTAVO FRANCISCO,18.0,6.0,58.06451612903226,19.35483870967742,31.0,12.0,38.70967741935485
CONSULADOS,LIBANO,DUQUE MARQUEZ IVAN,VARGAS LLERAS GERMAN,61.0,18.0,60.396039603960396,17.82178217821782,101.0,43.0,42.57425742574257
CONSULADOS,LUXEMBURGO,FAJARDO VALDERRAMA SERGIO,DUQUE MARQUEZ IVAN,40.0,19.0,57.971014492753625,27.536231884057973,69.0,21.0,30.434782608695652
CONSULADOS,MALASIA,FAJARDO VALDERRAMA SERGIO,DUQUE MARQUEZ IVAN,33.0,19.0,55.00000000000001,31.666666666666664,60.0,14.0,23.333333333333343
CONSULADOS,MARRUECOS,FAJARDO VALDERRAMA SERGIO,PETRO URREGO GUSTAVO FRANCISCO,11.0,5.0,61.111111111111114,27.77777777777778,18.0,6.0,33.333333333333336
CONSULADOS,MEXICO,FAJARDO VALDERRAMA SERGIO,DUQUE MARQUEZ IVAN,2418.0,1992.0,42.63798271909716,35.12608005642744,5671.0,426.0,7.511902662669719
CONSULADOS,NICARAGUA,DUQUE MARQUEZ IVAN,FAJARDO VALDERRAMA SERGIO,69.0,39.0,51.8796992481203,29.32330827067669,133.0,30.0,22.556390977443613
CONSULADOS,NORUEGA,FAJARDO VALDERRAMA SERGIO,PETRO URREGO GUSTAVO FRANCISCO,104.0,52.0,55.319148936170215,27.659574468085108,188.0,52.0,27.659574468085108
CONSULADOS,NUEVA ZELANDA,FAJARDO VALDERRAMA SERGIO,DUQUE MARQUEZ IVAN,433.0,119.0,65.30920060331825,17.94871794871795,663.0,314.0,47.3604826546003
CONSULADOS,PAISES BAJOS,FAJARDO VALDERRAMA SERGIO,DUQUE MARQUEZ IVAN,658.0,340.0,53.36577453365775,27.5750202757502,1233.0,318.0,25.790754257907547
CONSULADOS,PANAMA,DUQUE MARQUEZ IVAN,FAJARDO VALDERRAMA SERGIO,4002.0,1728.0,60.38931643277501,26.075147125396107,6627.0,2274.0,34.314169307378904
CONSULADOS,PARAGUAY,DUQUE MARQUEZ IVAN,FAJARDO VALDERRAMA SERGIO,106.0,59.0,51.20772946859904,28.502415458937197,207.0,47.0,22.705314009661844
CONSULADOS,PERU,DUQUE MARQUEZ IVAN,FAJARDO VALDERRAMA SERGIO,1008.0,928.0,43.86422976501306,40.382941688424715,2298.0,80.0,3.481288076588342
CONSULADOS,POLONIA,FAJARDO VALDERRAMA SERGIO,PETRO URREGO GUSTAVO FRANCISCO,53.0,36.0,45.2991452991453,30.76923076923077,117.0,17.0,14.529914529914532
CONSULADOS,PORTUGAL,FAJARDO VALDERRAMA SERGIO,DUQUE MARQUEZ IVAN,151.0,94.0,47.93650793650794,29.841269841269842,315.0,57.0,18.095238095238095
CONSULADOS,PUERTO RICO,DUQUE MARQUEZ IVAN,FAJARDO VALDERRAMA SERGIO,399.0,186.0,54.50819672131148,25.40983606557377,732.0,213.0,29.098360655737707
CONSULADOS,REPUBLICA DE FILIPINAS,FAJARDO VALDERRAMA SERGIO,DUQUE MARQUEZ IVAN,40.0,27.0,50.0,33.75,80.0,13.0,16.25
CONSULADOS,REPUBLICA DE SINGAPUR,FAJARDO VALDERRAMA SERGIO,DUQUE MARQUEZ IVAN,71.0,54.0,51.07913669064749,38.84892086330935,139.0,17.0,12.230215827338135
CONSULADOS,REPUBLICA DOMINICANA,DUQUE MARQUEZ IVAN,FAJARDO VALDERRAMA SERGIO,546.0,325.0,53.529411764705884,31.862745098039213,1020.0,221.0,21.66666666666667
CONSULADOS,REPUBLICA SOCIALISTA DE VIETNAM,FAJARDO VALDERRAMA SERGIO,DUQUE MARQUEZ IVAN,11.0,7.0,52.38095238095239,33.33333333333333,21.0,4.0,19.047619047619058
CONSULADOS,RUSIA,PETRO URREGO GUSTAVO FRANCISCO,FAJARDO VALDERRAMA SERGIO,73.0,60.0,42.44186046511628,34.883720930232556,172.0,13.0,7.558139534883722
CONSULADOS,SUDAFRICA,FAJARDO VALDERRAMA SERGIO,DUQUE MARQUEZ IVAN,57.0,36.0,50.442477876106196,31.858407079646017,113.0,21.0,18.58407079646018
CONSULADOS,SUECIA,FAJARDO VALDERRAMA SERGIO,PETRO URREGO GUSTAVO FRANCISCO,278.0,187.0,43.16770186335403,29.037267080745345,644.0,91.0,14.130434782608688
CONSULADOS,SUIZA,FAJARDO VALDERRAMA SERGIO,DUQUE MARQUEZ IVAN,788.0,612.0,41.14882506527415,31.958224543080938,1915.0,176.0,9.190600522193215
CONSULADOS,TAILANDIA,FAJARDO VALDERRAMA SERGIO,DUQUE MARQUEZ IVAN,35.0,14.0,57.377049180327866,22.950819672131146,61.0,21.0,34.42622950819672
CONSULADOS,TRINIDAD Y TOBAGO,FAJARDO VALDERRAMA SERGIO,DUQUE MARQUEZ IVAN,45.0,38.0,47.87234042553192,40.42553191489361,94.0,7.0,7.446808510638306
CONSULADOS,TURQUIA,FAJARDO VALDERRAMA SERGIO,PETRO URREGO GUSTAVO FRANCISCO,47.0,25.0,47.95918367346938,25.510204081632654,98.0,22.0,22.44897959183673
CONSULADOS,URUGUAY,FAJARDO VALDERRAMA SERGIO,PETRO URREGO GUSTAVO FRANCISCO,149.0,97.0,40.48913043478261,26.358695652173914,368.0,52.0,14.130434782608695
CONSULADOS,VENEZUELA,DUQUE MARQUEZ IVAN,VARGAS LLERAS GERMAN,22154.0,6063.0,64.25360364279706,17.584616723222833,34479.0,16091.0,46.66898691957422
CORDOBA,AYAPEL,DUQUE MARQUEZ IVAN,PETRO URREGO GUSTAVO FRANCISCO,6988.0,4173.0,56.40032284100081,33.68038740920097,12390.0,2815.0,22.71993543179984
CORDOBA,BUENAVISTA,PETRO URREGO GUSTAVO FRANCISCO,DUQUE MARQUEZ IVAN,3219.0,2525.0,44.49820293060547,34.904617085982856,7234.0,694.0,9.593585844622616
CORDOBA,CANALETE,PETRO URREGO GUSTAVO FRANCISCO,DUQUE MARQUEZ IVAN,3043.0,2163.0,53.69684136227281,38.168343038644785,5667.0,880.0,15.528498323628021
CORDOBA,CERETE,PETRO URREGO GUSTAVO FRANCISCO,DUQUE MARQUEZ IVAN,18233.0,14301.0,48.063793330697244,37.698695136417555,37935.0,3932.0,10.365098194279689
CORDOBA,CHIMA,PETRO URREGO GUSTAVO FRANCISCO,DUQUE MARQUEZ IVAN,2526.0,1925.0,43.32018521694392,33.01320528211284,5831.0,601.0,10.306979934831077
CORDOBA,CHINU,DUQUE MARQUEZ IVAN,PETRO URREGO GUSTAVO FRANCISCO,11550.0,6146.0,54.630593132154004,29.070097436382557,21142.0,5404.0,25.560495695771447
CORDOBA,CIENAGA DE ORO,PETRO URREGO GUSTAVO FRANCISCO,DUQUE MARQUEZ IVAN,13460.0,6399.0,57.72117157682577,27.441142416055577,23319.0,7061.0,30.28002916077019
CORDOBA,COTORRA,PETRO URREGO GUSTAVO FRANCISCO,DUQUE MARQUEZ IVAN,3147.0,2777.0,41.865105760276705,36.94292936011706,7517.0,370.0,4.922176400159643
CORDOBA,LA APARTADA,PETRO URREGO GUSTAVO FRANCISCO,DUQUE MARQUEZ IVAN,2829.0,1478.0,53.875452294800986,28.14701961531137,5251.0,1351.0,25.728432679489618
CORDOBA,LORICA,PETRO URREGO GUSTAVO FRANCISCO,DUQUE MARQUEZ IVAN,19036.0,12690.0,44.22759694245022,29.483515717571617,43041.0,6346.0,14.744081224878602
CORDOBA,LOS CORDOBAS,DUQUE MARQUEZ IVAN,PETRO URREGO GUSTAVO FRANCISCO,2502.0,2016.0,38.88111888111888,31.32867132867133,6435.0,486.0,7.55244755244755
CORDOBA,MOMIL,DUQUE MARQUEZ IVAN,PETRO URREGO GUSTAVO FRANCISCO,2741.0,2735.0,36.683618843683085,36.603319057815845,7472.0,6.0,0.08029978586723985
CORDOBA,MONITOS,DUQUE MARQUEZ IVAN,PETRO URREGO GUSTAVO FRANCISCO,2832.0,2824.0,39.5254710397767,39.41381716678297,7165.0,8.0,0.11165387299372753
CORDOBA,MONTELIBANO,PETRO URREGO GUSTAVO FRANCISCO,DUQUE MARQUEZ IVAN,17628.0,5672.0,62.67956193998009,20.167828189446734,28124.0,11956.0,42.51173375053335
CORDOBA,MONTERIA,DUQUE MARQUEZ IVAN,PETRO URREGO GUSTAVO FRANCISCO,75290.0,60844.0,47.39035198146936,38.297497356362356,158872.0,14446.0,9.092854625107002
CORDOBA,PLANETA RICA,PETRO URREGO GUSTAVO FRANCISCO,DUQUE MARQUEZ IVAN,10459.0,9047.0,44.036040587764724,38.09102774620016,23751.0,1412.0,5.945012841564562
CORDOBA,PUEBLO NUEVO,DUQUE MARQUEZ IVAN,PETRO URREGO GUSTAVO FRANCISCO,5026.0,4139.0,42.935246881940884,35.35793610114471,11706.0,887.0,7.577310780796175
CORDOBA,PUERTO ESCONDIDO,DUQUE MARQUEZ IVAN,PETRO URREGO GUSTAVO FRANCISCO,3208.0,3077.0,44.77320307048151,42.94487090020935,7165.0,131.0,1.828332170272155
CORDOBA,PUERTO LIBERTADOR,PETRO URREGO GUSTAVO FRANCISCO,DUQUE MARQUEZ IVAN,7539.0,2265.0,63.56661045531198,19.097807757166947,11860.0,5274.0,44.46880269814503
CORDOBA,PURISIMA DE LA CONCEPCION,DUQUE MARQUEZ IVAN,PETRO URREGO GUSTAVO FRANCISCO,2398.0,1967.0,38.30059095991056,31.416706596390355,6261.0,431.0,6.8838843635202025
CORDOBA,SAHAGUN,PETRO URREGO GUSTAVO FRANCISCO,DUQUE MARQUEZ IVAN,17570.0,14694.0,45.28233808407,37.87015798561893,38801.0,2876.0,7.412180098451067
CORDOBA,SAN ANDRES DE SOTAVENTO,PETRO URREGO GUSTAVO FRANCISCO,DUQUE MARQUEZ IVAN,5259.0,3817.0,38.691877575044145,28.082695703354915,13592.0,1442.0,10.60918187168923
CORDOBA,SAN ANTERO,DUQUE MARQUEZ IVAN,PETRO URREGO GUSTAVO FRANCISCO,5083.0,3717.0,49.00221729490023,35.83341367010508,10373.0,1366.0,13.168803624795146
CORDOBA,SAN BERNARDO DEL VIENTO,PETRO URREGO GUSTAVO FRANCISCO,VARGAS LLERAS GERMAN,5723.0,2289.0,53.96511079679397,21.584158415841586,10605.0,3434.0,32.38095238095239
CORDOBA,SAN CARLOS,DUQUE MARQUEZ IVAN,PETRO URREGO GUSTAVO FRANCISCO,3818.0,2925.0,47.44625326208525,36.34894991922455,8047.0,893.0,11.097303342860698
CORDOBA,SAN JOSE DE URE,PETRO URREGO GUSTAVO FRANCISCO,DUQUE MARQUEZ IVAN,1868.0,673.0,58.59473023839398,21.110414052697614,3188.0,1195.0,37.484316185696365
CORDOBA,SAN PELAYO,PETRO URREGO GUSTAVO FRANCISCO,DUQUE MARQUEZ IVAN,7931.0,6553.0,46.209870069335196,38.18097069276933,17163.0,1378.0,8.028899376565867
CORDOBA,TIERRALTA,DUQUE MARQUEZ IVAN,PETRO URREGO GUSTAVO FRANCISCO,10393.0,10144.0,44.656898551970095,43.58698921497013,23273.0,249.0,1.069909336999963
CORDOBA,TUCHIN,DUQUE MARQUEZ IVAN,PETRO URREGO GUSTAVO FRANCISCO,3779.0,3198.0,35.73860412332135,30.24399470399092,10574.0,581.0,5.4946094193304305
CORDOBA,VALENCIA,DUQUE MARQUEZ IVAN,PETRO URREGO GUSTAVO FRANCISCO,4533.0,3062.0,44.881188118811885,30.316831683168317,10100.0,1471.0,14.564356435643568
CUNDINAMARCA,AGUA DE DIOS,DUQUE MARQUEZ IVAN,FAJARDO VALDERRAMA SERGIO,1868.0,1094.0,35.1789077212806,20.602636534839924,5310.0,774.0,14.576271186440678
CUNDINAMARCA,ALBAN,DUQUE MARQUEZ IVAN,FAJARDO VALDERRAMA SERGIO,1613.0,722.0,57.58657622277757,25.776508389860766,2801.0,891.0,31.810067832916808
CUNDINAMARCA,ANAPOIMA,DUQUE MARQUEZ IVAN,FAJARDO VALDERRAMA SERGIO,4417.0,1222.0,61.27063392980996,16.95103343043418,7209.0,3195.0,44.31960049937578
CUNDINAMARCA,ANOLAIMA,DUQUE MARQUEZ IVAN,FAJARDO VALDERRAMA SERGIO,3558.0,1275.0,55.8994501178319,20.031421838177533,6365.0,2283.0,35.86802827965437
CUNDINAMARCA,APULO,DUQUE MARQUEZ IVAN,FAJARDO VALDERRAMA SERGIO,2339.0,575.0,57.824474660074166,14.215080346106305,4045.0,1764.0,43.60939431396786
CUNDINAMARCA,ARBELAEZ,DUQUE MARQUEZ IVAN,FAJARDO VALDERRAMA SERGIO,3229.0,1155.0,58.69841846936921,20.996182512270497,5501.0,2074.0,37.70223595709871
CUNDINAMARCA,BELTRAN,DUQUE MARQUEZ IVAN,VARGAS LLERAS GERMAN,583.0,224.0,55.10396975425331,21.17202268431002,1058.0,359.0,33.93194706994329
CUNDINAMARCA,BITUIMA,DUQUE MARQUEZ IVAN,VARGAS LLERAS GERMAN,667.0,237.0,53.36,18.96,1250.0,430.0,34.4
CUNDINAMARCA,BOJACA,DUQUE MARQUEZ IVAN,FAJARDO VALDERRAMA SERGIO,1439.0,1253.0,33.64507832592939,29.296235679214405,4277.0,186.0,4.348842646714985
CUNDINAMARCA,CABRERA,PETRO URREGO GUSTAVO FRANCISCO,DUQUE MARQUEZ IVAN,1066.0,476.0,60.22598870056497,26.892655367231637,1770.0,590.0,33.33333333333333
CUNDINAMARCA,CACHIPAY,DUQUE MARQUEZ IVAN,FAJARDO VALDERRAMA SERGIO,2460.0,1239.0,47.11741045776671,23.731085998850794,5221.0,1221.0,23.386324458915915
CUNDINAMARCA,CAJICA,FAJARDO VALDERRAMA SERGIO,DUQUE MARQUEZ IVAN,14230.0,11314.0,42.533476805356294,33.81755141080823,33456.0,2916.0,8.715925394548066
CUNDINAMARCA,CAPARRAPI,DUQUE MARQUEZ IVAN,VARGAS LLERAS GERMAN,3549.0,541.0,73.0697961704756,11.138562898908791,4857.0,3008.0,61.93123327156681
CUNDINAMARCA,CAQUEZA,DUQUE MARQUEZ IVAN,FAJARDO VALDERRAMA SERGIO,4550.0,1668.0,53.30365510777882,19.540768509840674,8536.0,2882.0,33.76288659793815
CUNDINAMARCA,CARMEN DE CARUPA,DUQUE MARQUEZ IVAN,FAJARDO VALDERRAMA SERGIO,1577.0,664.0,54.22971114167813,22.833562585969737,2908.0,913.0,31.396148555708393
CUNDINAMARCA,CHAGUANI,DUQUE MARQUEZ IVAN,VARGAS LLERAS GERMAN,1162.0,343.0,63.39334424440808,18.71249318057829,1833.0,819.0,44.68085106382979
CUNDINAMARCA,CHIA,FAJARDO VALDERRAMA SERGIO,DUQUE MARQUEZ IVAN,27107.0,23450.0,41.878321591892224,36.228525522185144,64728.0,3657.0,5.6497960697070795
CUNDINAMARCA,CHIPAQUE,DUQUE MARQUEZ IVAN,FAJARDO VALDERRAMA SERGIO,2595.0,892.0,55.97497842968075,19.240724762726487,4636.0,1703.0,36.73425366695427
CUNDINAMARCA,CHOACHI,DUQUE MARQUEZ IVAN,FAJARDO VALDERRAMA SERGIO,4142.0,1615.0,59.994206257242176,23.392236384704518,6904.0,2527.0,36.60196987253766
CUNDINAMARCA,CHOCONTA,DUQUE MARQUEZ IVAN,FAJARDO VALDERRAMA SERGIO,4268.0,2592.0,50.09977696912783,30.426106350510622,8519.0,1676.0,19.67367061861721
CUNDINAMARCA,COGUA,DUQUE MARQUEZ IVAN,FAJARDO VALDERRAMA SERGIO,3310.0,3267.0,35.197788175244575,34.74053594215227,9404.0,43.0,0.457252233092305
CUNDINAMARCA,COTA,DUQUE MARQUEZ IVAN,FAJARDO VALDERRAMA SERGIO,6309.0,6005.0,38.846130164398744,36.974324241118154,16241.0,304.0,1.87180592328059
CUNDINAMARCA,CUCUNUBA,DUQUE MARQUEZ IVAN,FAJARDO VALDERRAMA SERGIO,1634.0,626.0,58.79812882331774,22.526088521050738,2779.0,1008.0,36.272040302267
CUNDINAMARCA,EL COLEGIO,DUQUE MARQUEZ IVAN,PETRO URREGO GUSTAVO FRANCISCO,5699.0,2163.0,46.686327516998446,17.719341361513884,12207.0,3536.0,28.966986155484562
CUNDINAMARCA,EL PENON,DUQUE MARQUEZ IVAN,VARGAS LLERAS GERMAN,1666.0,210.0,75.76170986812187,9.549795361527966,2199.0,1456.0,66.2119145065939
CUNDINAMARCA,EL ROSAL,DUQUE MARQUEZ IVAN,FAJARDO VALDERRAMA SERGIO,6021.0,3065.0,53.72535022753636,27.34897831712323,11207.0,2956.0,26.37637191041313
CUNDINAMARCA,FACATATIVA,FAJARDO VALDERRAMA SERGIO,DUQUE MARQUEZ IVAN,21553.0,20694.0,35.70209875929699,34.27918302439994,60369.0,859.0,1.422915734897046
CUNDINAMARCA,FOMEQUE,DUQUE MARQUEZ IVAN,FAJARDO VALDERRAMA SERGIO,3889.0,942.0,67.41202981452591,16.328653146125845,5769.0,2947.0,51.083376668400064
CUNDINAMARCA,FOSCA,DUQUE MARQUEZ IVAN,PETRO URREGO GUSTAVO FRANCISCO,2236.0,303.0,74.16252072968491,10.049751243781095,3015.0,1933.0,64.11276948590381
CUNDINAMARCA,FUNZA,FAJARDO VALDERRAMA SERGIO,DUQUE MARQUEZ IVAN,16696.0,12906.0,37.20474195561101,28.75924770478652,44876.0,3790.0,8.445494250824492
CUNDINAMARCA,FUQUENE,DUQUE MARQUEZ IVAN,FAJARDO VALDERRAMA SERGIO,796.0,616.0,36.53051858650757,28.269848554382744,2179.0,180.0,8.260670032124825
CUNDINAMARCA,FUSAGASUGA,DUQUE MARQUEZ IVAN,FAJARDO VALDERRAMA SERGIO,29171.0,15683.0,47.37474624441737,25.46975233455136,61575.0,13488.0,21.904993909866015
CUNDINAMARCA,GACHALA,DUQUE MARQUEZ IVAN,PETRO URREGO GUSTAVO FRANCISCO,1364.0,408.0,57.72323317816335,17.26618705035971,2363.0,956.0,40.457046127803636
CUNDINAMARCA,GACHANCIPA,FAJARDO VALDERRAMA SERGIO,DUQUE MARQUEZ IVAN,2301.0,2101.0,34.22070196311719,31.246281975014874,6724.0,200.0,2.9744199881023192
CUNDINAMARCA,GACHETA,DUQUE MARQUEZ IVAN,FAJARDO VALDERRAMA SERGIO,3245.0,815.0,67.44959467886095,16.940345042610684,4811.0,2430.0,50.50924963625026
CUNDINAMARCA,GAMA,DUQUE MARQUEZ IVAN,VARGAS LLERAS GERMAN,1130.0,212.0,67.58373205741627,12.679425837320574,1672.0,918.0,54.9043062200957
CUNDINAMARCA,GIRARDOT,DUQUE MARQUEZ IVAN,FAJARDO VALDERRAMA SERGIO,20387.0,11490.0,43.72640700068634,24.643960192175705,46624.0,8897.0,19.08244680851064
CUNDINAMARCA,GRANADA,DUQUE MARQUEZ IVAN,PETRO URREGO GUSTAVO FRANCISCO,1491.0,1025.0,42.99307958477508,29.55594002306805,3468.0,466.0,13.437139561707031
CUNDINAMARCA,GUACHETA,DUQUE MARQUEZ IVAN,FAJARDO VALDERRAMA SERGIO,1852.0,1408.0,41.32083891120036,31.41454707719768,4482.0,444.0,9.906291834002683
CUNDINAMARCA,GUADUAS,DUQUE MARQUEZ IVAN,FAJARDO VALDERRAMA SERGIO,6227.0,2431.0,52.30136065849151,20.41827649924408,11906.0,3796.0,31.88308415924743
CUNDINAMARCA,GUASCA,DUQUE MARQUEZ IVAN,FAJARDO VALDERRAMA SERGIO,3132.0,2077.0,46.51715431457003,30.84806178523689,6733.0,1055.0,15.669092529333138
CUNDINAMARCA,GUATAQUI,DUQUE MARQUEZ IVAN,PETRO URREGO GUSTAVO FRANCISCO,491.0,234.0,49.54591321897074,23.612512613521695,991.0,257.0,25.933400605449044
CUNDINAMARCA,GUATAVITA,DUQUE MARQUEZ IVAN,FAJARDO VALDERRAMA SERGIO,1786.0,1093.0,53.633633633633636,32.82282282282282,3330.0,693.0,20.810810810810814
CUNDINAMARCA,GUAYABAL DE SIQUIMA,DUQUE MARQUEZ IVAN,FAJARDO VALDERRAMA SERGIO,1452.0,432.0,61.1625947767481,18.197135636057286,2374.0,1020.0,42.96545914069081
CUNDINAMARCA,GUAYABETAL,DUQUE MARQUEZ IVAN,FAJARDO VALDERRAMA SERGIO,1955.0,362.0,69.32624113475178,12.836879432624112,2820.0,1593.0,56.48936170212767
CUNDINAMARCA,GUTIERREZ,DUQUE MARQUEZ IVAN,VARGAS LLERAS GERMAN,1303.0,150.0,74.75616752725186,8.605851979345955,1743.0,1153.0,66.1503155479059
CUNDINAMARCA,JERUSALEN,DUQUE MARQUEZ IVAN,VARGAS LLERAS GERMAN,744.0,204.0,63.589743589743584,17.435897435897434,1170.0,540.0,46.153846153846146
CUNDINAMARCA,JUNIN,DUQUE MARQUEZ IVAN,FAJARDO VALDERRAMA SERGIO,1724.0,334.0,64.4968200523756,12.495323606434718,2673.0,1390.0,52.00149644594088
CUNDINAMARCA,LA CALERA,FAJARDO VALDERRAMA SERGIO,DUQUE MARQUEZ IVAN,5353.0,4604.0,38.35626253940958,32.98939524218974,13956.0,749.0,5.366867297219841
CUNDINAMARCA,LA MESA,DUQUE MARQUEZ IVAN,FAJARDO VALDERRAMA SERGIO,6501.0,3284.0,45.83656490164281,23.154480716350562,14183.0,3217.0,22.682084185292247
CUNDINAMARCA,LA PALMA,DUQUE MARQUEZ IVAN,VARGAS LLERAS GERMAN,2075.0,496.0,58.401350971010416,13.96003377427526,3553.0,1579.0,44.441317196735156
CUNDINAMARCA,LA PENA,DUQUE MARQUEZ IVAN,FAJARDO VALDERRAMA SERGIO,2597.0,229.0,81.28325508607199,7.167449139280126,3195.0,2368.0,74.11580594679187
CUNDINAMARCA,LA VEGA,DUQUE MARQUEZ IVAN,FAJARDO VALDERRAMA SERGIO,4591.0,1576.0,57.828441869253055,19.851366670865346,7939.0,3015.0,37.97707519838771
CUNDINAMARCA,LENGUAZAQUE,DUQUE MARQUEZ IVAN,FAJARDO VALDERRAMA SERGIO,2214.0,895.0,58.711217183770884,23.73375762397242,3771.0,1319.0,34.97745955979846
CUNDINAMARCA,MACHETA,DUQUE MARQUEZ IVAN,FAJARDO VALDERRAMA SERGIO,2418.0,483.0,71.26436781609196,14.235190097259062,3393.0,1935.0,57.0291777188329
CUNDINAMARCA,MADRID,FAJARDO VALDERRAMA SERGIO,DUQUE MARQUEZ IVAN,15745.0,14056.0,37.5551580202743,33.52653548002385,41925.0,1689.0,4.028622540250446
CUNDINAMARCA,MANTA,DUQUE MARQUEZ IVAN,FAJARDO VALDERRAMA SERGIO,1584.0,364.0,63.614457831325296,14.61847389558233,2490.0,1220.0,48.99598393574297
CUNDINAMARCA,MEDINA,DUQUE MARQUEZ IVAN,VARGAS LLERAS GERMAN,2698.0,457.0,69.80595084087969,11.824062095730918,3865.0,2241.0,57.98188874514877
CUNDINAMARCA,MOSQUERA,FAJARDO VALDERRAMA SERGIO,DUQUE MARQUEZ IVAN,17181.0,13963.0,36.16900341038272,29.39455180834491,47502.0,3218.0,6.774451602037811
CUNDINAMARCA,NARINO,DUQUE MARQUEZ IVAN,PETRO URREGO GUSTAVO FRANCISCO,582.0,265.0,49.914236706689536,22.727272727272727,1166.0,317.0,27.18696397941681
CUNDINAMARCA,NEMOCON,DUQUE MARQUEZ IVAN,FAJARDO VALDERRAMA SERGIO,2342.0,1851.0,37.532051282051285,29.66346153846154,6240.0,491.0,7.8685897435897445
CUNDINAMARCA,NILO,DUQUE MARQUEZ IVAN,VARGAS LLERAS GERMAN,1592.0,670.0,48.75957120980092,20.520673813169985,3265.0,922.0,28.238897396630932
CUNDINAMARCA,NIMAIMA,DUQUE MARQUEZ IVAN,VARGAS LLERAS GERMAN,1271.0,242.0,66.96522655426766,12.750263435194942,1898.0,1029.0,54.21496311907272
CUNDINAMARCA,NOCAIMA,DUQUE MARQUEZ IVAN,FAJARDO VALDERRAMA SERGIO,1772.0,608.0,55.54858934169279,19.059561128526646,3190.0,1164.0,36.489028213166144
CUNDINAMARCA,PACHO,DUQUE MARQUEZ IVAN,FAJARDO VALDERRAMA SERGIO,7021.0,2074.0,60.1010101010101,17.753809279233007,11682.0,4947.0,42.34720082177709
CUNDINAMARCA,PAIME,DUQUE MARQUEZ IVAN,VARGAS LLERAS GERMAN,1365.0,362.0,64.7226173541963,17.16453295400664,2109.0,1003.0,47.558084400189664
CUNDINAMARCA,PANDI,DUQUE MARQUEZ IVAN,PETRO URREGO GUSTAVO FRANCISCO,1026.0,581.0,48.81065651760228,27.64034253092293,2102.0,445.0,21.170313986679353
CUNDINAMARCA,PARATEBUENO,DUQUE MARQUEZ IVAN,VARGAS LLERAS GERMAN,2665.0,661.0,65.38272816486752,16.216879293424928,4076.0,2004.0,49.16584887144259
CUNDINAMARCA,PASCA,PETRO URREGO GUSTAVO FRANCISCO,DUQUE MARQUEZ IVAN,1617.0,1268.0,40.658788031179284,31.883329142569778,3977.0,349.0,8.775458888609506
CUNDINAMARCA,PUERTO SALGAR,DUQUE MARQUEZ IVAN,FAJARDO VALDERRAMA SERGIO,3390.0,1066.0,55.99603567888999,17.60819293029402,6054.0,2324.0,38.38784274859597
CUNDINAMARCA,PULI,DUQUE MARQUEZ IVAN,VARGAS LLERAS GERMAN,862.0,326.0,59.902710215427376,22.6546212647672,1439.0,536.0,37.248088950660176
CUNDINAMARCA,QUEBRADANEGRA,DUQUE MARQUEZ IVAN,FAJARDO VALDERRAMA SERGIO,1991.0,250.0,77.23041117145074,9.69743987587277,2578.0,1741.0,67.53297129557797
CUNDINAMARCA,QUETAME,DUQUE MARQUEZ IVAN,PETRO URREGO GUSTAVO FRANCISCO,1694.0,697.0,51.14734299516909,21.044685990338163,3312.0,997.0,30.102657004830927
CUNDINAMARCA,QUIPILE,DUQUE MARQUEZ IVAN,VARGAS LLERAS GERMAN,2372.0,368.0,72.91730710113741,11.312634491238857,3253.0,2004.0,61.60467260989856
CUNDINAMARCA,RICAURTE,DUQUE MARQUEZ IVAN,VARGAS LLERAS GERMAN,2752.0,1212.0,46.51005577150583,20.48335305053236,5917.0,1540.0,26.02670272097347
CUNDINAMARCA,SAN ANTONIO DEL TEQUENDAMA,DUQUE MARQUEZ IVAN,FAJARDO VALDERRAMA SERGIO,2344.0,1128.0,46.269245953414924,22.266087643110936,5066.0,1216.0,24.003158310303988
CUNDINAMARCA,SAN BERNARDO,DUQUE MARQUEZ IVAN,PETRO URREGO GUSTAVO FRANCISCO,2118.0,817.0,54.84205075090627,21.154842050750904,3862.0,1301.0,33.68720870015537
CUNDINAMARCA,SAN CAYETANO,DUQUE MARQUEZ IVAN,VARGAS LLERAS GERMAN,1418.0,250.0,69.17073170731707,12.195121951219512,2050.0,1168.0,56.97560975609756
CUNDINAMARCA,SAN FRANCISCO,DUQUE MARQUEZ IVAN,FAJARDO VALDERRAMA SERGIO,3123.0,1071.0,60.877192982456144,20.87719298245614,5130.0,2052.0,40.0
CUNDINAMARCA,SAN JUAN DE RIOSECO,DUQUE MARQUEZ IVAN,VARGAS LLERAS GERMAN,2770.0,677.0,59.89189189189189,14.63783783783784,4625.0,2093.0,45.25405405405405
CUNDINAMARCA,SASAIMA,DUQUE MARQUEZ IVAN,FAJARDO VALDERRAMA SERGIO,3200.0,938.0,64.50312437008667,18.907478330981657,4961.0,2262.0,45.595646039105006
CUNDINAMARCA,SESQUILE,DUQUE MARQUEZ IVAN,FAJARDO VALDERRAMA SERGIO,1948.0,1802.0,37.920965544091885,35.078839789760565,5137.0,146.0,2.8421257543313203
CUNDINAMARCA,SIBATE,DUQUE MARQUEZ IVAN,PETRO URREGO GUSTAVO FRANCISCO,5356.0,4479.0,34.2849827166816,28.671104852131606,15622.0,877.0,5.613877864549991
CUNDINAMARCA,SILVANIA,DUQUE MARQUEZ IVAN,PETRO URREGO GUSTAVO FRANCISCO,5735.0,1692.0,58.11714633157682,17.146331576813946,9868.0,4043.0,40.97081475476287
CUNDINAMARCA,SIMIJACA,DUQUE MARQUEZ IVAN,FAJARDO VALDERRAMA SERGIO,2517.0,1294.0,48.292402148887184,24.827321565617805,5212.0,1223.0,23.46508058326938
CUNDINAMARCA,SOACHA,PETRO URREGO GUSTAVO FRANCISCO,DUQUE MARQUEZ IVAN,53200.0,41539.0,36.543983294179064,28.533844399565865,145578.0,11661.0,8.010138894613199
CUNDINAMARCA,SOPO,FAJARDO VALDERRAMA SERGIO,PETRO URREGO GUSTAVO FRANCISCO,4914.0,3642.0,38.47780126849894,28.51773549447968,12771.0,1272.0,9.960065774019263
CUNDINAMARCA,SUBACHOQUE,DUQUE MARQUEZ IVAN,FAJARDO VALDERRAMA SERGIO,4476.0,2307.0,55.41661507985638,28.56258511823697,8077.0,2169.0,26.854029961619407
CUNDINAMARCA,SUESCA,FAJARDO VALDERRAMA SERGIO,DUQUE MARQUEZ IVAN,2796.0,1610.0,43.288434742220154,24.92645920421118,6459.0,1186.0,18.361975538008974
CUNDINAMARCA,SUPATA,DUQUE MARQUEZ IVAN,FAJARDO VALDERRAMA SERGIO,1617.0,360.0,68.83780332056195,15.32567049808429,2349.0,1257.0,53.51213282247765
CUNDINAMARCA,SUSA,DUQUE MARQUEZ IVAN,PETRO URREGO GUSTAVO FRANCISCO,1362.0,508.0,50.50055617352614,18.835743418613273,2697.0,854.0,31.66481275491287
CUNDINAMARCA,SUTATAUSA,DUQUE MARQUEZ IVAN,FAJARDO VALDERRAMA SERGIO,1084.0,726.0,47.92219274977896,32.09549071618037,2262.0,358.0,15.826702033598586
CUNDINAMARCA,TABIO,DUQUE MARQUEZ IVAN,FAJARDO VALDERRAMA SERGIO,4275.0,4235.0,40.40260844910689,40.024572346659106,10581.0,40.0,0.37803610244778696
CUNDINAMARCA,TAUSA,DUQUE MARQUEZ IVAN,FAJARDO VALDERRAMA SERGIO,2123.0,735.0,62.959667852906286,21.797153024911033,3372.0,1388.0,41.16251482799525
CUNDINAMARCA,TENA,DUQUE MARQUEZ IVAN,VARGAS LLERAS GERMAN,1932.0,691.0,48.09559372666169,17.201891959173512,4017.0,1241.0,30.893701767488178
CUNDINAMARCA,TENJO,DUQUE MARQUEZ IVAN,FAJARDO VALDERRAMA SERGIO,4585.0,3669.0,43.61267002758489,34.8996480547893,10513.0,916.0,8.713021972795588
CUNDINAMARCA,TIBACUY,DUQUE MARQUEZ IVAN,PETRO URREGO GUSTAVO FRANCISCO,1142.0,501.0,54.30337612933904,23.823109843081312,2103.0,641.0,30.48026628625773
CUNDINAMARCA,TIBIRITA,DUQUE MARQUEZ IVAN,VARGAS LLERAS GERMAN,807.0,308.0,52.98752462245568,20.223243598161524,1523.0,499.0,32.76428102429416
CUNDINAMARCA,TOCAIMA,DUQUE MARQUEZ IVAN,VARGAS LLERAS GERMAN,3585.0,1275.0,54.657722213752095,19.4389388626315,6559.0,2310.0,35.21878335112059
CUNDINAMARCA,TOCANCIPA,FAJARDO VALDERRAMA SERGIO,PETRO URREGO GUSTAVO FRANCISCO,7359.0,5285.0,39.95981754995656,28.69787141615986,18416.0,2074.0,11.261946133796702
CUNDINAMARCA,TOPAIPI,DUQUE MARQUEZ IVAN,VARGAS LLERAS GERMAN,1194.0,338.0,65.42465753424658,18.52054794520548,1825.0,856.0,46.9041095890411
CUNDINAMARCA,UBALA,DUQUE MARQUEZ IVAN,FAJARDO VALDERRAMA SERGIO,2607.0,473.0,68.40724219364996,12.411440566780373,3811.0,2134.0,55.99580162686959
CUNDINAMARCA,UBAQUE,DUQUE MARQUEZ IVAN,FAJARDO VALDERRAMA SERGIO,2040.0,630.0,59.57943925233645,18.399532710280376,3424.0,1410.0,41.179906542056074
CUNDINAMARCA,UNE,DUQUE MARQUEZ IVAN,PETRO URREGO GUSTAVO FRANCISCO,1854.0,716.0,48.76380852183061,18.83219358232509,3802.0,1138.0,29.931614939505522
CUNDINAMARCA,UTICA,DUQUE MARQUEZ IVAN,VARGAS LLERAS GERMAN,1969.0,318.0,73.91141141141141,11.936936936936938,2664.0,1651.0,61.97447447447447
CUNDINAMARCA,VENECIA,DUQUE MARQUEZ IVAN,PETRO URREGO GUSTAVO FRANCISCO,866.0,432.0,49.971148297749565,24.927870744373916,1733.0,434.0,25.04327755337565
CUNDINAMARCA,VERGARA,DUQUE MARQUEZ IVAN,VARGAS LLERAS GERMAN,2337.0,533.0,62.687768240343345,14.297210300429184,3728.0,1804.0,48.39055793991416
CUNDINAMARCA,VIANI,DUQUE MARQUEZ IVAN,VARGAS LLERAS GERMAN,1242.0,267.0,61.212419911286354,13.159191720059143,2029.0,975.0,48.05322819122721
CUNDINAMARCA,VILLA DE SAN DIEGO DE UBATE,FAJARDO VALDERRAMA SERGIO,DUQUE MARQUEZ IVAN,7954.0,6892.0,42.83021915890367,37.11162565289968,18571.0,1062.0,5.718593506003984
CUNDINAMARCA,VILLAGOMEZ,DUQUE MARQUEZ IVAN,PETRO URREGO GUSTAVO FRANCISCO,761.0,130.0,71.38836772983115,12.195121951219512,1066.0,631.0,59.19324577861163
CUNDINAMARCA,VILLAPINZON,DUQUE MARQUEZ IVAN,FAJARDO VALDERRAMA SERGIO,5303.0,2034.0,62.73512362474861,24.062463030876614,8453.0,3269.0,38.672660593871996
CUNDINAMARCA,VILLETA,DUQUE MARQUEZ IVAN,FAJARDO VALDERRAMA SERGIO,8543.0,2550.0,62.82079564673874,18.751378777851315,13599.0,5993.0,44.06941686888742
CUNDINAMARCA,VIOTA,DUQUE MARQUEZ IVAN,PETRO URREGO GUSTAVO FRANCISCO,3346.0,1242.0,57.67971039475952,21.410101706602312,5801.0,2104.0,36.269608688157206
CUNDINAMARCA,YACOPI,DUQUE MARQUEZ IVAN,VARGAS LLERAS GERMAN,3226.0,552.0,73.23496027241771,12.531214528944382,4405.0,2674.0,60.70374574347333
CUNDINAMARCA,ZIPACON,DUQUE MARQUEZ IVAN,FAJARDO VALDERRAMA SERGIO,1190.0,680.0,46.017014694508894,26.295436968290797,2586.0,510.0,19.721577726218097
CUNDINAMARCA,ZIPAQUIRA,FAJARDO VALDERRAMA SERGIO,PETRO URREGO GUSTAVO FRANCISCO,21662.0,19399.0,37.330897685560174,33.43098902235167,58027.0,2263.0,3.8999086632085067
GUAINIA,BARRANCOMINAS,PETRO URREGO GUSTAVO FRANCISCO,VARGAS LLERAS GERMAN,359.0,83.0,63.31569664902999,14.638447971781304,567.0,276.0,48.677248677248684
GUAINIA,CACAHUAL,PETRO URREGO GUSTAVO FRANCISCO,DUQUE MARQUEZ IVAN,6.0,5.0,33.33333333333333,27.77777777777778,18.0,1.0,5.55555555555555
GUAINIA,INIRIDA,DUQUE MARQUEZ IVAN,VARGAS LLERAS GERMAN,3557.0,1599.0,44.20830226199354,19.87322893363162,8046.0,1958.0,24.33507332836192
GUAINIA,LA GUADALUPE,DUQUE MARQUEZ IVAN,VARGAS LLERAS GERMAN,28.0,11.0,58.333333333333336,22.916666666666664,48.0,17.0,35.41666666666667
GUAINIA,MAPIRIPANA,DUQUE MARQUEZ IVAN,PETRO URREGO GUSTAVO FRANCISCO,53.0,27.0,55.78947368421052,28.421052631578945,95.0,26.0,27.368421052631575
GUAINIA,MORICHAL,PETRO URREGO GUSTAVO FRANCISCO,FAJARDO VALDERRAMA SERGIO,39.0,4.0,78.0,8.0,50.0,35.0,70.0
GUAINIA,PANA PANA,PETRO URREGO GUSTAVO FRANCISCO,VARGAS LLERAS GERMAN,76.0,22.0,54.67625899280576,15.827338129496402,139.0,54.0,38.84892086330935
GUAINIA,PUERTO COLOMBIA,DUQUE MARQUEZ IVAN,PETRO URREGO GUSTAVO FRANCISCO,62.0,31.0,51.66666666666667,25.833333333333336,120.0,31.0,25.833333333333336
GUAINIA,SAN FELIPE,DUQUE MARQUEZ IVAN,VARGAS LLERAS GERMAN,121.0,102.0,47.45098039215686,40.0,255.0,19.0,7.450980392156858
GUAVIARE,CALAMAR,PETRO URREGO GUSTAVO FRANCISCO,DUQUE MARQUEZ IVAN,837.0,500.0,46.03960396039604,27.502750275027505,1818.0,337.0,18.536853685368538
GUAVIARE,EL RETORNO,DUQUE MARQUEZ IVAN,PETRO URREGO GUSTAVO FRANCISCO,1972.0,663.0,52.6287696824126,17.69415532425941,3747.0,1309.0,34.9346143581532
GUAVIARE,MIRAFLORES,PETRO URREGO GUSTAVO FRANCISCO,DUQUE MARQUEZ IVAN,597.0,155.0,57.238734419942475,14.86097794822627,1043.0,442.0,42.377756471716204
GUAVIARE,SAN JOSE DEL GUAVIARE,DUQUE MARQUEZ IVAN,PETRO URREGO GUSTAVO FRANCISCO,8861.0,3665.0,51.16346209365437,21.1617298920261,17319.0,5196.0,30.00173220162827
HUILA,ACEVEDO,DUQUE MARQUEZ IVAN,PETRO URREGO GUSTAVO FRANCISCO,8887.0,885.0,84.2529389457717,8.390216154721273,10548.0,8002.0,75.86272279105043
HUILA,AGRADO,DUQUE MARQUEZ IVAN,PETRO URREGO GUSTAVO FRANCISCO,2304.0,481.0,60.952380952380956,12.724867724867725,3780.0,1823.0,48.22751322751323
HUILA,AIPE,DUQUE MARQUEZ IVAN,PETRO URREGO GUSTAVO FRANCISCO,4015.0,1536.0,53.95055092717011,20.639613007256113,7442.0,2479.0,33.310937919914
HUILA,ALGECIRAS,DUQUE MARQUEZ IVAN,PETRO URREGO GUSTAVO FRANCISCO,3405.0,1840.0,50.54928741092637,27.315914489311165,6736.0,1565.0,23.233372921615203
HUILA,ALTAMIRA,DUQUE MARQUEZ IVAN,PETRO URREGO GUSTAVO FRANCISCO,890.0,436.0,54.53431372549019,26.715686274509803,1632.0,454.0,27.81862745098039
HUILA,BARAYA,DUQUE MARQUEZ IVAN,PETRO URREGO GUSTAVO FRANCISCO,1545.0,598.0,58.36796373252739,22.59161314695882,2647.0,947.0,35.77635058556857
HUILA,CAMPOALEGRE,DUQUE MARQUEZ IVAN,PETRO URREGO GUSTAVO FRANCISCO,6746.0,3168.0,53.454833597464344,25.103011093502374,12620.0,3578.0,28.35182250396197
HUILA,COLOMBIA,DUQUE MARQUEZ IVAN,PETRO URREGO GUSTAVO FRANCISCO,2381.0,360.0,75.30044275774827,11.385199240986717,3162.0,2021.0,63.91524351676156
HUILA,ELIAS,DUQUE MARQUEZ IVAN,FAJARDO VALDERRAMA SERGIO,1194.0,227.0,64.26264800861141,12.217438105489773,1858.0,967.0,52.04520990312163
HUILA,GARZON,DUQUE MARQUEZ IVAN,FAJARDO VALDERRAMA SERGIO,16026.0,5317.0,58.11996808587801,19.282657575977368,27574.0,10709.0,38.83731050990064
HUILA,GIGANTE,DUQUE MARQUEZ IVAN,PETRO URREGO GUSTAVO FRANCISCO,5930.0,1693.0,63.22635675445143,18.050964921633437,9379.0,4237.0,45.17539183281799
HUILA,GUADALUPE,DUQUE MARQUEZ IVAN,FAJARDO VALDERRAMA SERGIO,4174.0,881.0,67.61704195690912,14.271828932447756,6173.0,3293.0,53.345213024461366
HUILA,HOBO,DUQUE MARQUEZ IVAN,PETRO URREGO GUSTAVO FRANCISCO,1649.0,686.0,59.38062657544112,24.70291681670868,2777.0,963.0,34.67770975873244
HUILA,IQUIRA,DUQUE MARQUEZ IVAN,PETRO URREGO GUSTAVO FRANCISCO,2228.0,1126.0,57.467113747743106,29.04307454217178,3877.0,1102.0,28.424039205571326
HUILA,ISNOS,DUQUE MARQUEZ IVAN,PETRO URREGO GUSTAVO FRANCISCO,5973.0,2828.0,55.890334050715815,26.46205670440722,10687.0,3145.0,29.428277346308594
HUILA,LA ARGENTINA,DUQUE MARQUEZ IVAN,PETRO URREGO GUSTAVO FRANCISCO,3386.0,1256.0,64.55672068636798,23.94661582459485,5245.0,2130.0,40.61010486177313
HUILA,LA PLATA,DUQUE MARQUEZ IVAN,PETRO URREGO GUSTAVO FRANCISCO,13109.0,4585.0,61.29137834299607,21.437254535253413,21388.0,8524.0,39.85412380774265
HUILA,NATAGA,DUQUE MARQUEZ IVAN,PETRO URREGO GUSTAVO FRANCISCO,1675.0,497.0,67.64943457189014,20.07269789983845,2476.0,1178.0,47.576736672051695
HUILA,NEIVA,DUQUE MARQUEZ IVAN,PETRO URREGO GUSTAVO FRANCISCO,63882.0,40578.0,42.25279449699054,26.83907665850916,151190.0,23304.0,15.413717838481379
HUILA,OPORAPA,DUQUE MARQUEZ IVAN,FAJARDO VALDERRAMA SERGIO,3386.0,480.0,77.87488500459982,11.039558417663294,4348.0,2906.0,66.83532658693653
HUILA,PAICOL,DUQUE MARQUEZ IVAN,FAJARDO VALDERRAMA SERGIO,2119.0,394.0,71.97690217391305,13.383152173913043,2944.0,1725.0,58.59375
HUILA,PALERMO,DUQUE MARQUEZ IVAN,PETRO URREGO GUSTAVO FRANCISCO,5862.0,2238.0,56.588473790906455,21.604401969302057,10359.0,3624.0,34.9840718216044
HUILA,PALESTINA,DUQUE MARQUEZ IVAN,PETRO URREGO GUSTAVO FRANCISCO,3438.0,671.0,72.51634676228643,14.153132250580047,4741.0,2767.0,58.36321451170639
HUILA,PITAL,DUQUE MARQUEZ IVAN,PETRO URREGO GUSTAVO FRANCISCO,3454.0,802.0,67.39512195121952,15.648780487804878,5125.0,2652.0,51.746341463414645
HUILA,PITALITO,DUQUE MARQUEZ IVAN,PETRO URREGO GUSTAVO FRANCISCO,27571.0,10798.0,54.258668870783644,21.250049199039633,50814.0,16773.0,33.008619671744015
HUILA,RIVERA,DUQUE MARQUEZ IVAN,PETRO URREGO GUSTAVO FRANCISCO,4379.0,2207.0,50.42607093505297,25.414555504375862,8684.0,2172.0,25.011515430677107
HUILA,SALADOBLANCO,DUQUE MARQUEZ IVAN,VARGAS LLERAS GERMAN,3867.0,472.0,76.16702777230648,9.296828835926728,5077.0,3395.0,66.87019893637975
HUILA,SAN AGUSTIN,DUQUE MARQUEZ IVAN,PETRO URREGO GUSTAVO FRANCISCO,6950.0,2436.0,59.76438214807808,20.947630922693268,11629.0,4514.0,38.816751225384806
HUILA,SANTA MARIA,DUQUE MARQUEZ IVAN,PETRO URREGO GUSTAVO FRANCISCO,3715.0,455.0,78.774385072095,9.648006785411365,4716.0,3260.0,69.12637828668363
HUILA,SUAZA,DUQUE MARQUEZ IVAN,PETRO URREGO GUSTAVO FRANCISCO,4667.0,1051.0,71.6566866267465,16.13695685551973,6513.0,3616.0,55.51972977122678
HUILA,TARQUI,DUQUE MARQUEZ IVAN,PETRO URREGO GUSTAVO FRANCISCO,4083.0,891.0,66.52003910068426,14.516129032258066,6138.0,3192.0,52.003910068426194
HUILA,TELLO,DUQUE MARQUEZ IVAN,PETRO URREGO GUSTAVO FRANCISCO,3228.0,995.0,63.60591133004926,19.60591133004926,5075.0,2233.0,44.0
HUILA,TERUEL,DUQUE MARQUEZ IVAN,FAJARDO VALDERRAMA SERGIO,2986.0,339.0,79.33049946865037,9.006376195536662,3764.0,2647.0,70.32412327311371
HUILA,TESALIA,DUQUE MARQUEZ IVAN,FAJARDO VALDERRAMA SERGIO,2910.0,816.0,66.5751544269046,18.668496911461908,4371.0,2094.0,47.906657515442696
HUILA,TIMANA,DUQUE MARQUEZ IVAN,FAJARDO VALDERRAMA SERGIO,6325.0,1131.0,71.41244213616349,12.769560799367733,8857.0,5194.0,58.64288133679576
HUILA,VILLAVIEJA,DUQUE MARQUEZ IVAN,PETRO URREGO GUSTAVO FRANCISCO,1368.0,1001.0,42.23525779561593,30.90460018524236,3239.0,367.0,11.33065761037357
HUILA,YAGUARA,DUQUE MARQUEZ IVAN,FAJARDO VALDERRAMA SERGIO,1905.0,955.0,50.41016141836465,25.271235776660493,3779.0,950.0,25.13892564170416
LA GUAJIRA,ALBANIA,PETRO URREGO GUSTAVO FRANCISCO,DUQUE MARQUEZ IVAN,4869.0,2044.0,65.35570469798657,27.436241610738254,7450.0,2825.0,37.91946308724832
LA GUAJIRA,BARRANCAS,PETRO URREGO GUSTAVO FRANCISCO,DUQUE MARQUEZ IVAN,5801.0,2712.0,60.282656136340016,28.182479476254805,9623.0,3089.0,32.10017666008521
LA GUAJIRA,DIBULLA,PETRO URREGO GUSTAVO FRANCISCO,DUQUE MARQUEZ IVAN,3461.0,2725.0,46.22061965811966,36.39155982905983,7488.0,736.0,9.82905982905983
LA GUAJIRA,DISTRACCION,PETRO URREGO GUSTAVO FRANCISCO,DUQUE MARQUEZ IVAN,1634.0,1535.0,37.72800738859386,35.44216116370353,4331.0,99.0,2.285846224890328
LA GUAJIRA,EL MOLINO,DUQUE MARQUEZ IVAN,PETRO URREGO GUSTAVO FRANCISCO,1395.0,1351.0,38.53591160220994,37.32044198895028,3620.0,44.0,1.215469613259664
LA GUAJIRA,FONSECA,PETRO URREGO GUSTAVO FRANCISCO,DUQUE MARQUEZ IVAN,7650.0,3771.0,57.47126436781609,28.32995267072346,13311.0,3879.0,29.14131169709263
LA GUAJIRA,HATONUEVO,PETRO URREGO GUSTAVO FRANCISCO,DUQUE MARQUEZ IVAN,3736.0,1554.0,62.28742914304768,25.90863621207069,5998.0,2182.0,36.37879293097699
LA GUAJIRA,LA JAGUA DEL PILAR,PETRO URREGO GUSTAVO FRANCISCO,DUQUE MARQUEZ IVAN,821.0,504.0,45.96864501679731,28.21948488241881,1786.0,317.0,17.7491601343785
LA GUAJIRA,MAICAO,DUQUE MARQUEZ IVAN,PETRO URREGO GUSTAVO FRANCISCO,16871.0,14634.0,45.38875437180522,39.370460048426146,37170.0,2237.0,6.018294323379074
LA GUAJIRA,MANAURE,PETRO URREGO GUSTAVO FRANCISCO,DUQUE MARQUEZ IVAN,3796.0,3725.0,38.534158968632624,37.81341995736474,9851.0,71.0,0.720739011267888
LA GUAJIRA,RIOHACHA,PETRO URREGO GUSTAVO FRANCISCO,DUQUE MARQUEZ IVAN,22081.0,17712.0,46.24293193717278,37.09319371727749,47750.0,4369.0,9.14973821989529
LA GUAJIRA,SAN JUAN DEL CESAR,DUQUE MARQUEZ IVAN,PETRO URREGO GUSTAVO FRANCISCO,9544.0,5011.0,59.07768492726711,31.0182606004333,16155.0,4533.0,28.059424326833806
LA GUAJIRA,URIBIA,DUQUE MARQUEZ IVAN,VARGAS LLERAS GERMAN,6880.0,5166.0,39.501636332319,29.66067635069185,17417.0,1714.0,9.840959981627151
LA GUAJIRA,URUMITA,PETRO URREGO GUSTAVO FRANCISCO,DUQUE MARQUEZ IVAN,2466.0,1391.0,55.76662143826323,31.45635459068295,4422.0,1075.0,24.31026684758028
LA GUAJIRA,VILLANUEVA,DUQUE MARQUEZ IVAN,PETRO URREGO GUSTAVO FRANCISCO,4186.0,3648.0,47.49262536873156,41.388699795779445,8814.0,538.0,6.1039255729521145
MAGDALENA,ALGARROBO,PETRO URREGO GUSTAVO FRANCISCO,DUQUE MARQUEZ IVAN,2896.0,1154.0,58.48142164781906,23.303715670436187,4952.0,1742.0,35.17770597738287
MAGDALENA,ARACATACA,DUQUE MARQUEZ IVAN,PETRO URREGO GUSTAVO FRANCISCO,4468.0,4000.0,41.44712430426716,37.105751391465674,10780.0,468.0,4.341372912801489
MAGDALENA,ARIGUANI,DUQUE MARQUEZ IVAN,PETRO URREGO GUSTAVO FRANCISCO,4725.0,2920.0,47.655068078668684,29.45032778618255,9915.0,1805.0,18.204740292486132
MAGDALENA,CERRO DE SAN ANTONIO,VARGAS LLERAS GERMAN,DUQUE MARQUEZ IVAN,1625.0,839.0,47.40373395565928,24.474912485414237,3428.0,786.0,22.92882147024504
MAGDALENA,CHIVOLO,DUQUE MARQUEZ IVAN,PETRO URREGO GUSTAVO FRANCISCO,2431.0,1748.0,45.47325102880658,32.69734380845492,5346.0,683.0,12.775907220351662
MAGDALENA,CIENAGA,DUQUE MARQUEZ IVAN,PETRO URREGO GUSTAVO FRANCISCO,13224.0,13020.0,38.81990312637605,38.221047996477324,34065.0,204.0,0.5988551298987232
MAGDALENA,CONCORDIA,VARGAS LLERAS GERMAN,DUQUE MARQUEZ IVAN,2100.0,1261.0,49.226441631504926,29.559306141584624,4266.0,839.0,19.6671354899203
MAGDALENA,EL BANCO,DUQUE MARQUEZ IVAN,VARGAS LLERAS GERMAN,9114.0,6335.0,43.82784323154604,30.464053859100748,20795.0,2779.0,13.363789372445293
MAGDALENA,EL PINON,VARGAS LLERAS GERMAN,DUQUE MARQUEZ IVAN,2251.0,1703.0,42.46368609696284,32.12601395963026,5301.0,548.0,10.337672137332582
MAGDALENA,EL RETEN,PETRO URREGO GUSTAVO FRANCISCO,DUQUE MARQUEZ IVAN,2714.0,1640.0,47.07718993928881,28.44752818733738,5765.0,1074.0,18.629661751951428
MAGDALENA,FUNDACION,DUQUE MARQUEZ IVAN,PETRO URREGO GUSTAVO FRANCISCO,10851.0,6106.0,48.78388706559367,27.451333003641594,22243.0,4745.0,21.332554061952074
MAGDALENA,GUAMAL,DUQUE MARQUEZ IVAN,VARGAS LLERAS GERMAN,3758.0,1980.0,47.294236093632016,24.918197835388874,7946.0,1778.0,22.376038258243142
MAGDALENA,NUEVA GRANADA,DUQUE MARQUEZ IVAN,VARGAS LLERAS GERMAN,3710.0,1956.0,52.94705294705294,27.914942200656483,7007.0,1754.0,25.032110746396455
MAGDALENA,PEDRAZA,DUQUE MARQUEZ IVAN,VARGAS LLERAS GERMAN,1581.0,894.0,47.40629685157421,26.806596701649177,3335.0,687.0,20.599700149925035
MAGDALENA,PIJINO DEL CARMEN,DUQUE MARQUEZ IVAN,VARGAS LLERAS GERMAN,1881.0,1329.0,42.78889899909008,30.232029117379433,4396.0,552.0,12.556869881710647
MAGDALENA,PIVIJAY,PETRO URREGO GUSTAVO FRANCISCO,VARGAS LLERAS GERMAN,4100.0,3903.0,35.876793839691985,34.152957647882396,11428.0,197.0,1.723836191809589
MAGDALENA,PLATO,PETRO URREGO GUSTAVO FRANCISCO,DUQUE MARQUEZ IVAN,6492.0,6371.0,37.443765140154575,36.745876110278004,17338.0,121.0,0.6978890298765705
MAGDALENA,PUEBLOVIEJO,DUQUE MARQUEZ IVAN,PETRO URREGO GUSTAVO FRANCISCO,3253.0,2056.0,44.937146014642906,28.401712943776765,7239.0,1197.0,16.53543307086614
MAGDALENA,REMOLINO,VARGAS LLERAS GERMAN,PETRO URREGO GUSTAVO FRANCISCO,1300.0,889.0,45.90395480225989,31.391242937853107,2832.0,411.0,14.512711864406782
MAGDALENA,SABANAS DE SAN ANGEL,DUQUE MARQUEZ IVAN,VARGAS LLERAS GERMAN,2939.0,1530.0,57.16786617389613,29.760746936393694,5141.0,1409.0,27.407119237502435
MAGDALENA,SALAMINA,DUQUE MARQUEZ IVAN,VARGAS LLERAS GERMAN,1533.0,953.0,44.56395348837209,27.70348837209302,3440.0,580.0,16.860465116279073
MAGDALENA,SAN SEBASTIAN DE BUENAVISTA,DUQUE MARQUEZ IVAN,PETRO URREGO GUSTAVO FRANCISCO,2673.0,2363.0,37.011908058709494,32.71946829133204,7222.0,310.0,4.292439767377452
MAGDALENA,SAN ZENON,VARGAS LLERAS GERMAN,PETRO URREGO GUSTAVO FRANCISCO,2049.0,1410.0,45.52321706287491,31.326371917351697,4501.0,639.0,14.196845145523216
MAGDALENA,SANTA ANA,DUQUE MARQUEZ IVAN,PETRO URREGO GUSTAVO FRANCISCO,4620.0,1268.0,62.41556336125371,17.130505268846257,7402.0,3352.0,45.28505809240745
MAGDALENA,SANTA BARBARA DE PINTO,PETRO URREGO GUSTAVO FRANCISCO,VARGAS LLERAS GERMAN,1385.0,1045.0,38.83903533370724,29.30454290521593,3566.0,340.0,9.534492428491308
MAGDALENA,SANTA MARTA,PETRO URREGO GUSTAVO FRANCISCO,DUQUE MARQUEZ IVAN,64621.0,62873.0,39.15166643441804,38.092612675928336,165053.0,1748.0,1.0590537584897035
MAGDALENA,SITIONUEVO,PETRO URREGO GUSTAVO FRANCISCO,DUQUE MARQUEZ IVAN,2059.0,1956.0,37.0257147994965,35.173529940658156,5561.0,103.0,1.852184858838342
MAGDALENA,TENERIFE,VARGAS LLERAS GERMAN,DUQUE MARQUEZ IVAN,1741.0,1150.0,35.911716171617165,23.72112211221122,4848.0,591.0,12.190594059405946
MAGDALENA,ZAPAYAN,DUQUE MARQUEZ IVAN,VARGAS LLERAS GERMAN,1691.0,968.0,49.74992644895557,28.478964401294498,3399.0,723.0,21.270962047661072
MAGDALENA,ZONA BANANERA,PETRO URREGO GUSTAVO FRANCISCO,DUQUE MARQUEZ IVAN,7971.0,4915.0,48.82695252679939,30.10719754977029,16325.0,3056.0,18.719754977029098
META,ACACIAS,DUQUE MARQUEZ IVAN,FAJARDO VALDERRAMA SERGIO,21951.0,10877.0,53.851626514891315,26.68416662577891,40762.0,11074.0,27.167459889112404
META,BARRANCA DE UPIA,DUQUE MARQUEZ IVAN,PETRO URREGO GUSTAVO FRANCISCO,1590.0,501.0,60.36446469248291,19.020501138952163,2634.0,1089.0,41.34396355353075
META,CABUYARO,DUQUE MARQUEZ IVAN,VARGAS LLERAS GERMAN,1760.0,515.0,61.08989934050677,17.875737591114195,2881.0,1245.0,43.214161749392574
META,CASTILLA LA NUEVA,DUQUE MARQUEZ IVAN,FAJARDO VALDERRAMA SERGIO,4557.0,1747.0,57.306338028169016,21.969315895372233,7952.0,2810.0,35.33702213279678
META,CUBARRAL,DUQUE MARQUEZ IVAN,FAJARDO VALDERRAMA SERGIO,1959.0,557.0,65.62814070351759,18.65996649916248,2985.0,1402.0,46.96817420435511
META,CUMARAL,DUQUE MARQUEZ IVAN,FAJARDO VALDERRAMA SERGIO,5963.0,2697.0,55.74981301421092,25.21503365744203,10696.0,3266.0,30.53477935676889
META,EL CALVARIO,DUQUE MARQUEZ IVAN,VARGAS LLERAS GERMAN,506.0,139.0,60.96385542168675,16.74698795180723,830.0,367.0,44.21686746987952
META,EL CASTILLO,DUQUE MARQUEZ IVAN,PETRO URREGO GUSTAVO FRANCISCO,1114.0,1035.0,41.44345238095239,38.504464285714285,2688.0,79.0,2.938988095238102
META,EL DORADO,DUQUE MARQUEZ IVAN,PETRO URREGO GUSTAVO FRANCISCO,1246.0,233.0,67.31496488384657,12.587790383576444,1851.0,1013.0,54.727174500270124
META,FUENTE DE ORO,DUQUE MARQUEZ IVAN,PETRO URREGO GUSTAVO FRANCISCO,2792.0,953.0,56.60989456609895,19.3227899432279,4932.0,1839.0,37.287104622871055
META,GRANADA,DUQUE MARQUEZ IVAN,FAJARDO VALDERRAMA SERGIO,14267.0,5681.0,52.95252941394797,21.08525405485655,26943.0,8586.0,31.867275359091423
META,GUAMAL,DUQUE MARQUEZ IVAN,FAJARDO VALDERRAMA SERGIO,4834.0,1740.0,63.02477183833116,22.685788787483702,7670.0,3094.0,40.33898305084746
META,LA MACARENA,DUQUE MARQUEZ IVAN,PETRO URREGO GUSTAVO FRANCISCO,1315.0,1105.0,40.87659309916071,34.34877214796394,3217.0,210.0,6.527820951196766
META,LEJANIAS,DUQUE MARQUEZ IVAN,PETRO URREGO GUSTAVO FRANCISCO,2480.0,778.0,63.54086600051243,19.933384575967207,3903.0,1702.0,43.60748142454523
META,MAPIRIPAN,DUQUE MARQUEZ IVAN,PETRO URREGO GUSTAVO FRANCISCO,929.0,363.0,51.95749440715883,20.302013422818792,1788.0,566.0,31.65548098434004
META,MESETAS,PETRO URREGO GUSTAVO FRANCISCO,DUQUE MARQUEZ IVAN,1734.0,1535.0,44.415983606557376,39.31864754098361,3904.0,199.0,5.097336065573764
META,PUERTO CONCORDIA,DUQUE MARQUEZ IVAN,PETRO URREGO GUSTAVO FRANCISCO,1429.0,926.0,50.60198300283286,32.79036827195468,2824.0,503.0,17.811614730878183
META,PUERTO GAITAN,DUQUE MARQUEZ IVAN,PETRO URREGO GUSTAVO FRANCISCO,6666.0,4203.0,46.30452903584329,29.195609891636565,14396.0,2463.0,17.108919144206723
META,PUERTO LLERAS,DUQUE MARQUEZ IVAN,PETRO URREGO GUSTAVO FRANCISCO,2071.0,417.0,63.605651105651106,12.807125307125308,3256.0,1654.0,50.7985257985258
META,PUERTO LOPEZ,DUQUE MARQUEZ IVAN,FAJARDO VALDERRAMA SERGIO,8319.0,2251.0,62.789644501471805,16.989961506528793,13249.0,6068.0,45.79968299494301
META,PUERTO RICO,DUQUE MARQUEZ IVAN,PETRO URREGO GUSTAVO FRANCISCO,2016.0,1664.0,47.257383966244724,39.00609470229723,4266.0,352.0,8.251289263947491
META,RESTREPO,DUQUE MARQUEZ IVAN,FAJARDO VALDERRAMA SERGIO,4822.0,2246.0,53.393865574133535,24.86989259218248,9031.0,2576.0,28.523972981951054
META,SAN CARLOS DE GUAROA,DUQUE MARQUEZ IVAN,PETRO URREGO GUSTAVO FRANCISCO,3557.0,595.0,71.16846738695479,11.904761904761903,4998.0,2962.0,59.26370548219288
META,SAN JUAN DE ARAMA,DUQUE MARQUEZ IVAN,PETRO URREGO GUSTAVO FRANCISCO,1740.0,679.0,56.89993459777632,22.204054937867888,3058.0,1061.0,34.695879659908435
META,SAN JUANITO,DUQUE MARQUEZ IVAN,FAJARDO VALDERRAMA SERGIO,576.0,78.0,75.68988173455979,10.249671484888305,761.0,498.0,65.44021024967148
META,SAN MARTIN,DUQUE MARQUEZ IVAN,FAJARDO VALDERRAMA SERGIO,6947.0,1807.0,65.50066000377144,17.037525928719592,10606.0,5140.0,48.463134075051855
META,URIBE,PETRO URREGO GUSTAVO FRANCISCO,DUQUE MARQUEZ IVAN,2155.0,239.0,80.3804550540843,8.914584110406565,2681.0,1916.0,71.46587094367773
META,VILLAVICENCIO,DUQUE MARQUEZ IVAN,FAJARDO VALDERRAMA SERGIO,101846.0,64474.0,46.67595486668072,29.548391827606117,218198.0,37372.0,17.1275630390746
META,VISTAHERMOSA,DUQUE MARQUEZ IVAN,PETRO URREGO GUSTAVO FRANCISCO,3132.0,1843.0,49.714285714285715,29.253968253968253,6300.0,1289.0,20.460317460317462
NARINO,ALBAN,DUQUE MARQUEZ IVAN,PETRO URREGO GUSTAVO FRANCISCO,2678.0,754.0,71.43238196852494,20.112029874633237,3749.0,1924.0,51.3203520938917
NARINO,ALDANA,PETRO URREGO GUSTAVO FRANCISCO,DUQUE MARQUEZ IVAN,1105.0,807.0,37.54672103295956,27.42099898063201,2943.0,298.0,10.12572205232755
NARINO,ANCUYA,PETRO URREGO GUSTAVO FRANCISCO,DUQUE MARQUEZ IVAN,1598.0,988.0,50.89171974522293,31.46496815286624,3140.0,610.0,19.426751592356688
NARINO,ARBOLEDA,DUQUE MARQUEZ IVAN,PETRO URREGO GUSTAVO FRANCISCO,1594.0,906.0,58.28153564899452,33.12614259597807,2735.0,688.0,25.155393053016454
NARINO,BARBACOAS,DUQUE MARQUEZ IVAN,PETRO URREGO GUSTAVO FRANCISCO,1552.0,1543.0,32.687447346251055,32.497893850042125,4748.0,9.0,0.18955349620893003
NARINO,BELEN,DUQUE MARQUEZ IVAN,PETRO URREGO GUSTAVO FRANCISCO,1177.0,1105.0,43.303899926416484,40.654893303899925,2718.0,72.0,2.649006622516559
NARINO,BUESACO,DUQUE MARQUEZ IVAN,PETRO URREGO GUSTAVO FRANCISCO,4882.0,1886.0,59.47131197466196,22.974783773906687,8209.0,2996.0,36.49652820075527
NARINO,CHACHAGUI,PETRO URREGO GUSTAVO FRANCISCO,DUQUE MARQUEZ IVAN,2304.0,1480.0,48.5563751317176,31.190727081138043,4745.0,824.0,17.36564805057956
NARINO,COLON,PETRO URREGO GUSTAVO FRANCISCO,DUQUE MARQUEZ IVAN,1746.0,708.0,59.63114754098361,24.18032786885246,2928.0,1038.0,35.45081967213115
NARINO,CONSACA,PETRO URREGO GUSTAVO FRANCISCO,DUQUE MARQUEZ IVAN,1902.0,1388.0,46.60622396471453,34.0112717471208,4081.0,514.0,12.594952217593729
NARINO,CONTADERO,PETRO URREGO GUSTAVO FRANCISCO,DUQUE MARQUEZ IVAN,1052.0,648.0,43.1501230516817,26.5791632485644,2438.0,404.0,16.570959803117304
NARINO,CORDOBA,PETRO URREGO GUSTAVO FRANCISCO,DUQUE MARQUEZ IVAN,3103.0,912.0,68.36307556730557,20.092531394580305,4539.0,2191.0,48.270544172725266
NARINO,CUASPUD CARLOSAMA,PETRO URREGO GUSTAVO FRANCISCO,DUQUE MARQUEZ IVAN,1178.0,955.0,40.495015469233415,32.829150910965964,2909.0,223.0,7.665864558267451
NARINO,CUMBAL,PETRO URREGO GUSTAVO FRANCISCO,DUQUE MARQUEZ IVAN,7243.0,2478.0,65.340550293189,22.354533152909337,11085.0,4765.0,42.98601714027966
NARINO,CUMBITARA,PETRO URREGO GUSTAVO FRANCISCO,DUQUE MARQUEZ IVAN,2338.0,114.0,90.06163328197226,4.391371340523883,2596.0,2224.0,85.67026194144837
NARINO,EL CHARCO,PETRO URREGO GUSTAVO FRANCISCO,VARGAS LLERAS GERMAN,2871.0,1175.0,57.754978877489435,23.63709515188091,4971.0,1696.0,34.11788372560852
NARINO,EL PENOL,PETRO URREGO GUSTAVO FRANCISCO,DUQUE MARQUEZ IVAN,1705.0,722.0,63.312291125139254,26.810248793167474,2693.0,983.0,36.50204233197178
NARINO,EL ROSARIO,PETRO URREGO GUSTAVO FRANCISCO,DUQUE MARQUEZ IVAN,2412.0,204.0,85.07936507936508,7.195767195767195,2835.0,2208.0,77.88359788359789
NARINO,EL TABLON DE GOMEZ,DUQUE MARQUEZ IVAN,PETRO URREGO GUSTAVO FRANCISCO,2203.0,2107.0,42.479753181642884,40.628615503278056,5186.0,96.0,1.8511376783648288
NARINO,EL TAMBO,PETRO URREGO GUSTAVO FRANCISCO,DUQUE MARQUEZ IVAN,2490.0,2370.0,43.18418314255983,41.103017689906345,5766.0,120.0,2.0811654526534866
NARINO,FRANCISCO PIZARRO,PETRO URREGO GUSTAVO FRANCISCO,VARGAS LLERAS GERMAN,899.0,351.0,57.81350482315113,22.572347266881028,1555.0,548.0,35.241157556270096
NARINO,FUNES,DUQUE MARQUEZ IVAN,PETRO URREGO GUSTAVO FRANCISCO,1466.0,764.0,54.885810557843506,28.6035192811681,2671.0,702.0,26.282291276675405
NARINO,GUACHUCAL,PETRO URREGO GUSTAVO FRANCISCO,DUQUE MARQUEZ IVAN,4873.0,1452.0,68.47948285553682,20.404721753794266,7116.0,3421.0,48.07476110174255
NARINO,GUAITARILLA,PETRO URREGO GUSTAVO FRANCISCO,DUQUE MARQUEZ IVAN,2898.0,1033.0,64.80322003577818,23.09928443649374,4472.0,1865.0,41.70393559928444
NARINO,GUALMATAN,PETRO URREGO GUSTAVO FRANCISCO,DUQUE MARQUEZ IVAN,1265.0,550.0,46.90396737115313,20.39302929180571,2697.0,715.0,26.51093807934742
NARINO,ILES,PETRO URREGO GUSTAVO FRANCISCO,DUQUE MARQUEZ IVAN,1843.0,689.0,62.11661611054937,23.22210987529491,2967.0,1154.0,38.89450623525446
NARINO,IMUES,PETRO URREGO GUSTAVO FRANCISCO,DUQUE MARQUEZ IVAN,1236.0,913.0,42.75337253545486,31.58076790038049,2891.0,323.0,11.172604635074368
NARINO,IPIALES,PETRO URREGO GUSTAVO FRANCISCO,FAJARDO VALDERRAMA SERGIO,13411.0,11003.0,33.957916592813916,27.860633529992658,39493.0,2408.0,6.097283062821258
NARINO,LA CRUZ,DUQUE MARQUEZ IVAN,PETRO URREGO GUSTAVO FRANCISCO,3330.0,2816.0,47.59862778730704,40.25157232704403,6996.0,514.0,7.347055460263007
NARINO,LA FLORIDA,PETRO URREGO GUSTAVO FRANCISCO,DUQUE MARQUEZ IVAN,2270.0,1116.0,57.020849032906305,28.03315749811605,3981.0,1154.0,28.987691534790255
NARINO,LA LLANADA,PETRO URREGO GUSTAVO FRANCISCO,DUQUE MARQUEZ IVAN,1020.0,349.0,63.74999999999999,21.8125,1600.0,671.0,41.93749999999999
NARINO,LA TOLA,PETRO URREGO GUSTAVO FRANCISCO,VARGAS LLERAS GERMAN,802.0,368.0,51.4432328415651,23.6048749198204,1559.0,434.0,27.8383579217447
NARINO,LA UNION,DUQUE MARQUEZ IVAN,PETRO URREGO GUSTAVO FRANCISCO,5638.0,3771.0,52.59819012967628,35.18052057094878,10719.0,1867.0,17.417669558727503
NARINO,LEIVA,PETRO URREGO GUSTAVO FRANCISCO,DUQUE MARQUEZ IVAN,2558.0,259.0,83.8688524590164,8.491803278688524,3050.0,2299.0,75.37704918032787
NARINO,LINARES,PETRO URREGO GUSTAVO FRANCISCO,DUQUE MARQUEZ IVAN,2763.0,900.0,66.5943600867679,21.69197396963124,4149.0,1863.0,44.90238611713667
NARINO,LOS ANDES,PETRO URREGO GUSTAVO FRANCISCO,DUQUE MARQUEZ IVAN,2440.0,584.0,63.740856844305114,15.256008359456635,3828.0,1856.0,48.48484848484848
NARINO,MAGUI,PETRO URREGO GUSTAVO FRANCISCO,DUQUE MARQUEZ IVAN,1654.0,220.0,75.55961626313386,10.050251256281408,2189.0,1434.0,65.50936500685245
NARINO,MALLAMA,PETRO URREGO GUSTAVO FRANCISCO,DUQUE MARQUEZ IVAN,1868.0,330.0,75.2012882447665,13.285024154589372,2484.0,1538.0,61.91626409017713
NARINO,MOSQUERA,PETRO URREGO GUSTAVO FRANCISCO,DUQUE MARQUEZ IVAN,1680.0,130.0,81.43480368395541,6.301502666020359,2063.0,1550.0,75.13330101793505
NARINO,NARINO,PETRO URREGO GUSTAVO FRANCISCO,DUQUE MARQUEZ IVAN,1161.0,860.0,45.10489510489511,33.41103341103341,2574.0,301.0,11.693861693861699
NARINO,OLAYA HERRERA,PETRO URREGO GUSTAVO FRANCISCO,DUQUE MARQUEZ IVAN,3179.0,474.0,72.74599542334096,10.846681922196796,4370.0,2705.0,61.899313501144164
NARINO,OSPINA,DUQUE MARQUEZ IVAN,PETRO URREGO GUSTAVO FRANCISCO,869.0,740.0,42.59803921568627,36.27450980392157,2040.0,129.0,6.323529411764703
NARINO,PASTO,PETRO URREGO GUSTAVO FRANCISCO,FAJARDO VALDERRAMA SERGIO,71476.0,37485.0,45.0878720209934,23.64596343817418,158526.0,33991.0,21.44190858281922
NARINO,POLICARPA,PETRO URREGO GUSTAVO FRANCISCO,DUQUE MARQUEZ IVAN,3860.0,191.0,89.55916473317865,4.431554524361949,4310.0,3669.0,85.1276102088167
NARINO,POTOSI,PETRO URREGO GUSTAVO FRANCISCO,DUQUE MARQUEZ IVAN,1360.0,1355.0,34.66734641855723,34.53989293907724,3923.0,5.0,0.12745347947998908
NARINO,PROVIDENCIA,PETRO URREGO GUSTAVO FRANCISCO,VARGAS LLERAS GERMAN,1657.0,186.0,79.62518020182604,8.938010571840461,2081.0,1471.0,70.68716962998558
NARINO,PUERRES,PETRO URREGO GUSTAVO FRANCISCO,DUQUE MARQUEZ IVAN,2100.0,1072.0,51.66051660516605,26.371463714637144,4065.0,1028.0,25.289052890528907
NARINO,PUPIALES,PETRO URREGO GUSTAVO FRANCISCO,DUQUE MARQUEZ IVAN,2325.0,2293.0,34.61366681554266,34.13726365937174,6717.0,32.0,0.47640315617091744
NARINO,RICAURTE,PETRO URREGO GUSTAVO FRANCISCO,DUQUE MARQUEZ IVAN,3182.0,659.0,72.02354006337708,14.916251697600725,4418.0,2523.0,57.107288365776355
NARINO,ROBERTO PAYAN,PETRO URREGO GUSTAVO FRANCISCO,VARGAS LLERAS GERMAN,1965.0,256.0,75.95670660997294,9.89563200618477,2587.0,1709.0,66.06107460378817
NARINO,SAMANIEGO,PETRO URREGO GUSTAVO FRANCISCO,DUQUE MARQUEZ IVAN,6783.0,1033.0,77.44034707158352,11.793583742436352,8759.0,5750.0,65.64676332914716
NARINO,SAN ANDRES DE TUMACO,DUQUE MARQUEZ IVAN,PETRO URREGO GUSTAVO FRANCISCO,15530.0,13707.0,33.97134419774691,29.98359400634365,45715.0,1823.0,3.987750191403258
NARINO,SAN BERNARDO,DUQUE MARQUEZ IVAN,PETRO URREGO GUSTAVO FRANCISCO,2132.0,1137.0,58.813793103448276,31.365517241379308,3625.0,995.0,27.448275862068968
NARINO,SAN LORENZO,PETRO URREGO GUSTAVO FRANCISCO,DUQUE MARQUEZ IVAN,2871.0,2149.0,50.85916740478299,38.06908768821967,5645.0,722.0,12.79007971656332
NARINO,SAN PABLO,PETRO URREGO GUSTAVO FRANCISCO,DUQUE MARQUEZ IVAN,3525.0,1221.0,68.11594202898551,23.594202898550726,5175.0,2304.0,44.52173913043479
NARINO,SAN PEDRO DE CARTAGO,DUQUE MARQUEZ IVAN,PETRO URREGO GUSTAVO FRANCISCO,1951.0,725.0,67.02164204740639,24.9055307454483,2911.0,1226.0,42.116111301958085
NARINO,SANDONA,PETRO URREGO GUSTAVO FRANCISCO,DUQUE MARQUEZ IVAN,3472.0,1426.0,46.729475100942125,19.192462987886945,7430.0,2046.0,27.53701211305518
NARINO,SANTA BARBARA,PETRO URREGO GUSTAVO FRANCISCO,DUQUE MARQUEZ IVAN,775.0,457.0,50.29201817001947,29.65606748864374,1541.0,318.0,20.63595068137573
NARINO,SANTACRUZ,PETRO URREGO GUSTAVO FRANCISCO,DUQUE MARQUEZ IVAN,1995.0,250.0,79.29252782193959,9.936406995230525,2516.0,1745.0,69.35612082670906
NARINO,SAPUYES,PETRO URREGO GUSTAVO FRANCISCO,DUQUE MARQUEZ IVAN,1208.0,737.0,50.52279381012129,30.82392304475115,2391.0,471.0,19.698870765370142
NARINO,TAMINANGO,PETRO URREGO GUSTAVO FRANCISCO,DUQUE MARQUEZ IVAN,5283.0,898.0,80.02120569524386,13.601938806422295,6602.0,4385.0,66.41926688882157
NARINO,TANGUA,PETRO URREGO GUSTAVO FRANCISCO,DUQUE MARQUEZ IVAN,1533.0,1007.0,40.46990496304118,26.583949313621964,3788.0,526.0,13.885955649419216
NARINO,TUQUERRES,PETRO URREGO GUSTAVO FRANCISCO,DUQUE MARQUEZ IVAN,8783.0,3171.0,58.200251805712014,21.012524020939633,15091.0,5612.0,37.18772778477238
NARINO,YACUANQUER,PETRO URREGO GUSTAVO FRANCISCO,DUQUE MARQUEZ IVAN,2143.0,928.0,52.42172211350293,22.700587084148726,4088.0,1215.0,29.721135029354205
NORTE DE SANTANDER,ABREGO,DUQUE MARQUEZ IVAN,FAJARDO VALDERRAMA SERGIO,8635.0,895.0,77.68780926675663,8.052181736392262,11115.0,7740.0,69.63562753036437
NORTE DE SANTANDER,ARBOLEDAS,DUQUE MARQUEZ IVAN,VARGAS LLERAS GERMAN,2871.0,847.0,71.18770146293082,21.001735680634763,4033.0,2024.0,50.18596578229605
NORTE DE SANTANDER,BOCHALEMA,DUQUE MARQUEZ IVAN,FAJARDO VALDERRAMA SERGIO,2829.0,459.0,70.28571428571428,11.403726708074533,4025.0,2370.0,58.88198757763975
NORTE DE SANTANDER,BUCARASICA,DUQUE MARQUEZ IVAN,VARGAS LLERAS GERMAN,1668.0,204.0,80.30813673567646,9.82185844968705,2077.0,1464.0,70.48627828598941
NORTE DE SANTANDER,CACHIRA,DUQUE MARQUEZ IVAN,FAJARDO VALDERRAMA SERGIO,3470.0,294.0,86.18976651763536,7.302533532041728,4026.0,3176.0,78.88723298559364
NORTE DE SANTANDER,CACOTA,DUQUE MARQUEZ IVAN,FAJARDO VALDERRAMA SERGIO,1078.0,124.0,76.61691542288557,8.813077469793889,1407.0,954.0,67.80383795309169
NORTE DE SANTANDER,CHINACOTA,DUQUE MARQUEZ IVAN,FAJARDO VALDERRAMA SERGIO,5242.0,1575.0,65.02108657901266,19.536095261721655,8062.0,3667.0,45.484991317291005
NORTE DE SANTANDER,CHITAGA,DUQUE MARQUEZ IVAN,FAJARDO VALDERRAMA SERGIO,3688.0,484.0,76.37191965210188,10.022779043280181,4829.0,3204.0,66.3491406088217
NORTE DE SANTANDER,CONVENCION,DUQUE MARQUEZ IVAN,PETRO URREGO GUSTAVO FRANCISCO,1884.0,1246.0,42.3465947403911,28.00629354911216,4449.0,638.0,14.340301191278936
NORTE DE SANTANDER,CUCUTILLA,DUQUE MARQUEZ IVAN,VARGAS LLERAS GERMAN,2649.0,380.0,74.66178128523111,10.710259301014656,3548.0,2269.0,63.951521984216456
NORTE DE SANTANDER,DURANIA,DUQUE MARQUEZ IVAN,VARGAS LLERAS GERMAN,1417.0,761.0,56.793587174348694,30.501002004008015,2495.0,656.0,26.29258517034068
NORTE DE SANTANDER,EL CARMEN,DUQUE MARQUEZ IVAN,PETRO URREGO GUSTAVO FRANCISCO,2523.0,628.0,66.65785997357993,16.591809775429326,3785.0,1895.0,50.066050198150606
NORTE DE SANTANDER,EL TARRA,PETRO URREGO GUSTAVO FRANCISCO,DUQUE MARQUEZ IVAN,3230.0,434.0,75.76823832981468,10.180623973727423,4263.0,2796.0,65.58761435608726
NORTE DE SANTANDER,EL ZULIA,DUQUE MARQUEZ IVAN,FAJARDO VALDERRAMA SERGIO,7377.0,1273.0,68.3308632826973,11.791404223786587,10796.0,6104.0,56.53945905891071
NORTE DE SANTANDER,GRAMALOTE,DUQUE MARQUEZ IVAN,VARGAS LLERAS GERMAN,2305.0,305.0,75.7227332457293,10.019710906701707,3044.0,2000.0,65.7030223390276
NORTE DE SANTANDER,HACARI,PETRO URREGO GUSTAVO FRANCISCO,DUQUE MARQUEZ IVAN,1746.0,468.0,70.8316430020284,18.98580121703854,2465.0,1278.0,51.84584178498986
NORTE DE SANTANDER,HERRAN,DUQUE MARQUEZ IVAN,FAJARDO VALDERRAMA SERGIO,1598.0,114.0,84.50555261766262,6.028556319407721,1891.0,1484.0,78.47699629825489
NORTE DE SANTANDER,LA ESPERANZA,DUQUE MARQUEZ IVAN,PETRO URREGO GUSTAVO FRANCISCO,3039.0,556.0,69.44698354661791,12.705667276051189,4376.0,2483.0,56.74131627056673
NORTE DE SANTANDER,LA PLAYA,DUQUE MARQUEZ IVAN,PETRO URREGO GUSTAVO FRANCISCO,1493.0,388.0,62.26021684737281,16.180150125104255,2398.0,1105.0,46.080066722268555
NORTE DE SANTANDER,LABATECA,DUQUE MARQUEZ IVAN,VARGAS LLERAS GERMAN,1655.0,705.0,64.14728682170544,27.325581395348834,2580.0,950.0,36.8217054263566
NORTE DE SANTANDER,LOS PATIOS,DUQUE MARQUEZ IVAN,FAJARDO VALDERRAMA SERGIO,25739.0,8067.0,64.28161134836792,20.146849479283734,40041.0,17672.0,44.13476186908419
NORTE DE SANTANDER,LOURDES,DUQUE MARQUEZ IVAN,VARGAS LLERAS GERMAN,1707.0,183.0,83.71750858263854,8.974987739087787,2039.0,1524.0,74.74252084355075
NORTE DE SANTANDER,MUTISCUA,DUQUE MARQUEZ IVAN,FAJARDO VALDERRAMA SERGIO,1362.0,169.0,80.0235017626322,9.929494712103407,1702.0,1193.0,70.09400705052879
NORTE DE SANTANDER,OCANA,DUQUE MARQUEZ IVAN,FAJARDO VALDERRAMA SERGIO,24586.0,8470.0,57.39028944911298,19.77124183006536,42840.0,16116.0,37.61904761904762
NORTE DE SANTANDER,PAMPLONA,DUQUE MARQUEZ IVAN,FAJARDO VALDERRAMA SERGIO,12876.0,9277.0,46.2267537876068,33.30580886048683,27854.0,3599.0,12.920944927119976
NORTE DE SANTANDER,PAMPLONITA,DUQUE MARQUEZ IVAN,FAJARDO VALDERRAMA SERGIO,2131.0,288.0,80.7808946171342,10.917361637604246,2638.0,1843.0,69.86353297952995
NORTE DE SANTANDER,PUERTO SANTANDER,DUQUE MARQUEZ IVAN,VARGAS LLERAS GERMAN,3579.0,1051.0,69.14605873261206,20.30525502318393,5176.0,2528.0,48.84080370942813
NORTE DE SANTANDER,RAGONVALIA,DUQUE MARQUEZ IVAN,VARGAS LLERAS GERMAN,2585.0,293.0,81.44297416509136,9.231253938248267,3174.0,2292.0,72.21172022684308
NORTE DE SANTANDER,SALAZAR,DUQUE MARQUEZ IVAN,VARGAS LLERAS GERMAN,3187.0,869.0,69.61555264307557,18.982088248143295,4578.0,2318.0,50.633464394932275
NORTE DE SANTANDER,SAN CALIXTO,PETRO URREGO GUSTAVO FRANCISCO,DUQUE MARQUEZ IVAN,2287.0,163.0,85.84834834834835,6.118618618618619,2664.0,2124.0,79.72972972972974
NORTE DE SANTANDER,SAN CAYETANO,DUQUE MARQUEZ IVAN,FAJARDO VALDERRAMA SERGIO,2645.0,449.0,71.77747625508819,12.184531886024423,3685.0,2196.0,59.592944369063765
NORTE DE SANTANDER,SAN JOSE DE CUCUTA,DUQUE MARQUEZ IVAN,FAJARDO VALDERRAMA SERGIO,191221.0,57329.0,61.20188322349996,18.34862678952641,312443.0,133892.0,42.853256433973556
NORTE DE SANTANDER,SANTIAGO,DUQUE MARQUEZ IVAN,VARGAS LLERAS GERMAN,1100.0,416.0,59.88023952095808,22.645617855198694,1837.0,684.0,37.234621665759384
NORTE DE SANTANDER,SARDINATA,DUQUE MARQUEZ IVAN,VARGAS LLERAS GERMAN,5472.0,627.0,73.70689655172413,8.445581896551724,7424.0,4845.0,65.2613146551724
NORTE DE SANTANDER,SILOS,DUQUE MARQUEZ IVAN,FAJARDO VALDERRAMA SERGIO,2258.0,142.0,87.04703161141096,5.474171164225135,2594.0,2116.0,81.57286044718582
NORTE DE SANTANDER,TEORAMA,PETRO URREGO GUSTAVO FRANCISCO,DUQUE MARQUEZ IVAN,2014.0,593.0,62.160493827160494,18.30246913580247,3240.0,1421.0,43.858024691358025
NORTE DE SANTANDER,TIBU,DUQUE MARQUEZ IVAN,PETRO URREGO GUSTAVO FRANCISCO,5910.0,4085.0,42.829190521052254,29.60359446336691,13799.0,1825.0,13.225596057685344
NORTE DE SANTANDER,TOLEDO,DUQUE MARQUEZ IVAN,FAJARDO VALDERRAMA SERGIO,4878.0,590.0,78.22322001282873,9.46119307248236,6236.0,4288.0,68.76202694034637
NORTE DE SANTANDER,VILLA CARO,DUQUE MARQUEZ IVAN,VARGAS LLERAS GERMAN,1772.0,180.0,85.1923076923077,8.653846153846153,2080.0,1592.0,76.53846153846155
NORTE DE SANTANDER,VILLA DEL ROSARIO,DUQUE MARQUEZ IVAN,FAJARDO VALDERRAMA SERGIO,28105.0,5196.0,72.12698249756198,13.334702047939228,38966.0,22909.0,58.79228044962275
PUTUMAYO,COLON,PETRO URREGO GUSTAVO FRANCISCO,DUQUE MARQUEZ IVAN,1040.0,737.0,46.615867324069924,33.03451367099955,2231.0,303.0,13.581353653070373
PUTUMAYO,MOCOA,PETRO URREGO GUSTAVO FRANCISCO,DUQUE MARQUEZ IVAN,10260.0,4730.0,55.92499727461026,25.782186852719942,18346.0,5530.0,30.14281042189032
PUTUMAYO,ORITO,PETRO URREGO GUSTAVO FRANCISCO,DUQUE MARQUEZ IVAN,9927.0,1220.0,78.26395458845789,9.618416903185114,12684.0,8707.0,68.64553768527279
PUTUMAYO,PUERTO ASIS,PETRO URREGO GUSTAVO FRANCISCO,DUQUE MARQUEZ IVAN,10176.0,5023.0,54.63624161073825,26.969127516778524,18625.0,5153.0,27.66711409395973
PUTUMAYO,PUERTO CAICEDO,PETRO URREGO GUSTAVO FRANCISCO,DUQUE MARQUEZ IVAN,3107.0,414.0,77.83066132264528,10.370741482965933,3992.0,2693.0,67.45991983967934
PUTUMAYO,PUERTO GUZMAN,PETRO URREGO GUSTAVO FRANCISCO,DUQUE MARQUEZ IVAN,2273.0,1293.0,55.4931640625,31.5673828125,4096.0,980.0,23.92578125
PUTUMAYO,PUERTO LEGUIZAMO,DUQUE MARQUEZ IVAN,PETRO URREGO GUSTAVO FRANCISCO,2731.0,1610.0,55.63251171317988,32.79690364636382,4909.0,1121.0,22.835608066816057
PUTUMAYO,SAN FRANCISCO,PETRO URREGO GUSTAVO FRANCISCO,DUQUE MARQUEZ IVAN,835.0,834.0,39.14674167838725,39.09985935302391,2133.0,1.0,0.04688232536334169
PUTUMAYO,SAN MIGUEL,PETRO URREGO GUSTAVO FRANCISCO,DUQUE MARQUEZ IVAN,4113.0,458.0,83.10769852495453,9.254394827237826,4949.0,3655.0,73.8533036977167
PUTUMAYO,SANTIAGO,PETRO URREGO GUSTAVO FRANCISCO,DUQUE MARQUEZ IVAN,1540.0,634.0,61.74819566960706,25.421010425020047,2494.0,906.0,36.327185244587014
PUTUMAYO,SIBUNDOY,PETRO URREGO GUSTAVO FRANCISCO,DUQUE MARQUEZ IVAN,2690.0,1522.0,50.630528891398455,28.646715603237343,5313.0,1168.0,21.983813288161112
PUTUMAYO,VALLE DEL GUAMUEZ,PETRO URREGO GUSTAVO FRANCISCO,DUQUE MARQUEZ IVAN,9293.0,866.0,82.62647817195696,7.699831066062061,11247.0,8427.0,74.9266471058949
PUTUMAYO,VILLAGARZON,PETRO URREGO GUSTAVO FRANCISCO,DUQUE MARQUEZ IVAN,3819.0,2925.0,46.93952802359882,35.951327433628315,8136.0,894.0,10.988200589970504
QUINDIO,ARMENIA,FAJARDO VALDERRAMA SERGIO,DUQUE MARQUEZ IVAN,61714.0,55700.0,42.977520265188446,38.78938131981392,143596.0,6014.0,4.188138945374526
QUINDIO,BUENAVISTA,DUQUE MARQUEZ IVAN,FAJARDO VALDERRAMA SERGIO,703.0,304.0,51.42648134601316,22.238478419897586,1367.0,399.0,29.188002926115576
QUINDIO,CALARCA,DUQUE MARQUEZ IVAN,FAJARDO VALDERRAMA SERGIO,15965.0,11489.0,48.17005099115952,34.664936789065564,33143.0,4476.0,13.505114202093957
QUINDIO,CIRCASIA,DUQUE MARQUEZ IVAN,FAJARDO VALDERRAMA SERGIO,6456.0,4359.0,48.60713747929529,32.8188525824424,13282.0,2097.0,15.788284896852886
QUINDIO,CORDOBA,DUQUE MARQUEZ IVAN,FAJARDO VALDERRAMA SERGIO,1064.0,606.0,42.172017439556086,24.019024970273485,2523.0,458.0,18.1529924692826
QUINDIO,FILANDIA,DUQUE MARQUEZ IVAN,FAJARDO VALDERRAMA SERGIO,2811.0,2009.0,49.576719576719576,35.432098765432094,5670.0,802.0,14.144620811287481
QUINDIO,GENOVA,DUQUE MARQUEZ IVAN,FAJARDO VALDERRAMA SERGIO,2062.0,689.0,57.357440890125176,19.165507649513213,3595.0,1373.0,38.19193324061196
QUINDIO,LA TEBAIDA,DUQUE MARQUEZ IVAN,FAJARDO VALDERRAMA SERGIO,6155.0,5312.0,41.95065430752454,36.205016357688116,14672.0,843.0,5.745637949836421
QUINDIO,MONTENEGRO,DUQUE MARQUEZ IVAN,FAJARDO VALDERRAMA SERGIO,8384.0,5195.0,50.93250713808396,31.559443533199683,16461.0,3189.0,19.37306360488428
QUINDIO,PIJAO,DUQUE MARQUEZ IVAN,FAJARDO VALDERRAMA SERGIO,1885.0,662.0,60.88501291989664,21.382428940568477,3096.0,1223.0,39.502583979328165
QUINDIO,QUIMBAYA,DUQUE MARQUEZ IVAN,FAJARDO VALDERRAMA SERGIO,6690.0,4661.0,45.062643136198304,31.395662131213797,14846.0,2029.0,13.666981004984507
QUINDIO,SALENTO,DUQUE MARQUEZ IVAN,FAJARDO VALDERRAMA SERGIO,1756.0,1078.0,53.66748166259169,32.946210268948654,3272.0,678.0,20.721271393643036
RISARALDA,APIA,DUQUE MARQUEZ IVAN,FAJARDO VALDERRAMA SERGIO,3448.0,1358.0,64.04160475482912,25.222882615156017,5384.0,2090.0,38.818722139673106
RISARALDA,BALBOA,DUQUE MARQUEZ IVAN,FAJARDO VALDERRAMA SERGIO,1429.0,556.0,55.79851620460757,21.710269426005464,2561.0,873.0,34.08824677860211
RISARALDA,BELEN DE UMBRIA,DUQUE MARQUEZ IVAN,FAJARDO VALDERRAMA SERGIO,7037.0,2359.0,64.55963302752293,21.642201834862384,10900.0,4678.0,42.91743119266055
RISARALDA,DOSQUEBRADAS,FAJARDO VALDERRAMA SERGIO,DUQUE MARQUEZ IVAN,40301.0,34029.0,44.13452482642311,37.265917602996254,91314.0,6272.0,6.8686072234268565
RISARALDA,GUATICA,DUQUE MARQUEZ IVAN,FAJARDO VALDERRAMA SERGIO,3648.0,984.0,66.37554585152839,17.903930131004365,5496.0,2664.0,48.47161572052402
RISARALDA,LA CELIA,DUQUE MARQUEZ IVAN,FAJARDO VALDERRAMA SERGIO,2093.0,567.0,64.77870628288456,17.548746518105848,3231.0,1526.0,47.22995976477871
RISARALDA,LA VIRGINIA,DUQUE MARQUEZ IVAN,FAJARDO VALDERRAMA SERGIO,7134.0,5325.0,45.07772020725388,33.64716289649943,15826.0,1809.0,11.430557310754452
RISARALDA,MARSELLA,DUQUE MARQUEZ IVAN,FAJARDO VALDERRAMA SERGIO,4428.0,1549.0,58.28616559168093,20.389627484533367,7597.0,2879.0,37.89653810714756
RISARALDA,MISTRATO,DUQUE MARQUEZ IVAN,PETRO URREGO GUSTAVO FRANCISCO,2138.0,1530.0,43.52605863192183,31.148208469055376,4912.0,608.0,12.377850162866451
RISARALDA,PEREIRA,FAJARDO VALDERRAMA SERGIO,DUQUE MARQUEZ IVAN,93945.0,87077.0,41.58569676902442,38.545507664658466,225907.0,6868.0,3.0401891043659575
RISARALDA,PUEBLO RICO,PETRO URREGO GUSTAVO FRANCISCO,DUQUE MARQUEZ IVAN,1731.0,1646.0,44.1131498470948,41.94699286442406,3924.0,85.0,2.166156982670742
RISARALDA,QUINCHIA,DUQUE MARQUEZ IVAN,FAJARDO VALDERRAMA SERGIO,4176.0,2573.0,43.46378018318068,26.779766860949213,9608.0,1603.0,16.68401332223147
RISARALDA,SANTA ROSA DE CABAL,DUQUE MARQUEZ IVAN,FAJARDO VALDERRAMA SERGIO,15523.0,13994.0,44.01066031584021,39.67565422018088,35271.0,1529.0,4.335006095659331
RISARALDA,SANTUARIO,DUQUE MARQUEZ IVAN,FAJARDO VALDERRAMA SERGIO,3717.0,1196.0,65.65977742448331,21.127009362303482,5661.0,2521.0,44.53276806217983
SANTANDER,AGUADA,DUQUE MARQUEZ IVAN,PETRO URREGO GUSTAVO FRANCISCO,530.0,69.0,75.71428571428571,9.857142857142858,700.0,461.0,65.85714285714285
SANTANDER,ALBANIA,DUQUE MARQUEZ IVAN,PETRO URREGO GUSTAVO FRANCISCO,930.0,280.0,61.71201061712011,18.579960185799603,1507.0,650.0,43.13205043132051
SANTANDER,ARATOCA,DUQUE MARQUEZ IVAN,FAJARDO VALDERRAMA SERGIO,1847.0,552.0,59.850939727802974,17.887232663642255,3086.0,1295.0,41.963707064160715
SANTANDER,BARBOSA,DUQUE MARQUEZ IVAN,PETRO URREGO GUSTAVO FRANCISCO,5240.0,3661.0,38.197988044904506,26.687563784808283,13718.0,1579.0,11.510424260096222
SANTANDER,BARICHARA,DUQUE MARQUEZ IVAN,FAJARDO VALDERRAMA SERGIO,1872.0,929.0,46.64839272364814,23.14976326937453,4013.0,943.0,23.498629454273612
SANTANDER,BARRANCABERMEJA,PETRO URREGO GUSTAVO FRANCISCO,DUQUE MARQUEZ IVAN,41291.0,24794.0,43.458721003662696,26.095651075653603,95012.0,16497.0,17.363069928009093
SANTANDER,BETULIA,DUQUE MARQUEZ IVAN,PETRO URREGO GUSTAVO FRANCISCO,1307.0,331.0,58.60986547085202,14.84304932735426,2230.0,976.0,43.76681614349776
SANTANDER,BOLIVAR,DUQUE MARQUEZ IVAN,PETRO URREGO GUSTAVO FRANCISCO,2038.0,867.0,55.82032319912352,23.746918652423993,3651.0,1171.0,32.07340454669953
SANTANDER,BUCARAMANGA,DUQUE MARQUEZ IVAN,FAJARDO VALDERRAMA SERGIO,121470.0,108385.0,40.59527708524106,36.2222697528925,299222.0,13085.0,4.373007332348557
SANTANDER,CABRERA,DUQUE MARQUEZ IVAN,VARGAS LLERAS GERMAN,567.0,260.0,58.75647668393782,26.94300518134715,965.0,307.0,31.81347150259067
SANTANDER,CALIFORNIA,DUQUE MARQUEZ IVAN,FAJARDO VALDERRAMA SERGIO,846.0,139.0,79.21348314606742,13.01498127340824,1068.0,707.0,66.19850187265918
SANTANDER,CAPITANEJO,DUQUE MARQUEZ IVAN,VARGAS LLERAS GERMAN,1973.0,236.0,75.82628747117603,9.069946195234435,2602.0,1737.0,66.7563412759416
SANTANDER,CARCASI,DUQUE MARQUEZ IVAN,FAJARDO VALDERRAMA SERGIO,1317.0,207.0,71.77111716621253,11.280653950953678,1835.0,1110.0,60.490463215258856
SANTANDER,CEPITA,DUQUE MARQUEZ IVAN,FAJARDO VALDERRAMA SERGIO,737.0,121.0,72.11350293542075,11.839530332681017,1022.0,616.0,60.27397260273974
SANTANDER,CERRITO,DUQUE MARQUEZ IVAN,FAJARDO VALDERRAMA SERGIO,1836.0,541.0,67.12979890310787,19.780621572212066,2735.0,1295.0,47.3491773308958
SANTANDER,CHARALA,DUQUE MARQUEZ IVAN,FAJARDO VALDERRAMA SERGIO,2370.0,1394.0,47.314833300059895,27.829906168895985,5009.0,976.0,19.48492713116391
SANTANDER,CHARTA,DUQUE MARQUEZ IVAN,FAJARDO VALDERRAMA SERGIO,1647.0,219.0,79.95145631067962,10.631067961165048,2060.0,1428.0,69.32038834951457
SANTANDER,CHIMA,DUQUE MARQUEZ IVAN,VARGAS LLERAS GERMAN,593.0,279.0,51.74520069808028,24.345549738219894,1146.0,314.0,27.399650959860388
SANTANDER,CHIPATA,DUQUE MARQUEZ IVAN,VARGAS LLERAS GERMAN,489.0,485.0,31.027918781725887,30.774111675126903,1576.0,4.0,0.253807106598984
SANTANDER,CIMITARRA,DUQUE MARQUEZ IVAN,PETRO URREGO GUSTAVO FRANCISCO,7132.0,2812.0,55.17561503945536,21.75460312548352,12926.0,4320.0,33.42101191397184
SANTANDER,CONCEPCION,DUQUE MARQUEZ IVAN,FAJARDO VALDERRAMA SERGIO,1562.0,464.0,62.75612695861792,18.64202490960225,2489.0,1098.0,44.11410204901567
SANTANDER,CONFINES,DUQUE MARQUEZ IVAN,FAJARDO VALDERRAMA SERGIO,1110.0,155.0,73.8031914893617,10.305851063829788,1504.0,955.0,63.4973404255319
SANTANDER,CONTRATACION,DUQUE MARQUEZ IVAN,VARGAS LLERAS GERMAN,791.0,300.0,50.737652341244385,19.243104554201413,1559.0,491.0,31.494547787042972
SANTANDER,COROMORO,DUQUE MARQUEZ IVAN,VARGAS LLERAS GERMAN,1189.0,535.0,53.63103292737934,24.13170951736581,2217.0,654.0,29.499323410013528
SANTANDER,CURITI,DUQUE MARQUEZ IVAN,FAJARDO VALDERRAMA SERGIO,2850.0,1159.0,55.415127357573404,22.53548512541318,5143.0,1691.0,32.87964223216022
SANTANDER,EL CARMEN DE CHUCURI,DUQUE MARQUEZ IVAN,FAJARDO VALDERRAMA SERGIO,4697.0,422.0,81.8577901707912,7.354478912513071,5738.0,4275.0,74.50331125827813
SANTANDER,EL GUACAMAYO,DUQUE MARQUEZ IVAN,VARGAS LLERAS GERMAN,430.0,340.0,47.77777777777778,37.77777777777778,900.0,90.0,10.0
SANTANDER,EL PENON,DUQUE MARQUEZ IVAN,PETRO URREGO GUSTAVO FRANCISCO,980.0,320.0,64.26229508196721,20.983606557377048,1525.0,660.0,43.278688524590166
SANTANDER,EL PLAYON,DUQUE MARQUEZ IVAN,PETRO URREGO GUSTAVO FRANCISCO,4328.0,532.0,73.0710788451798,8.981934830322471,5923.0,3796.0,64.08914401485733
SANTANDER,ENCINO,DUQUE MARQUEZ IVAN,VARGAS LLERAS GERMAN,682.0,130.0,64.64454976303318,12.322274881516588,1055.0,552.0,52.32227488151659
SANTANDER,ENCISO,DUQUE MARQUEZ IVAN,VARGAS LLERAS GERMAN,1043.0,222.0,63.21212121212121,13.454545454545455,1650.0,821.0,49.75757575757576
SANTANDER,FLORIAN,DUQUE MARQUEZ IVAN,PETRO URREGO GUSTAVO FRANCISCO,956.0,494.0,44.8405253283302,23.170731707317074,2132.0,462.0,21.669793621013127
SANTANDER,FLORIDABLANCA,DUQUE MARQUEZ IVAN,FAJARDO VALDERRAMA SERGIO,54372.0,43464.0,43.28326129009147,34.59986148592172,125619.0,10908.0,8.683399804169746
SANTANDER,GALAN,DUQUE MARQUEZ IVAN,VARGAS LLERAS GERMAN,1054.0,159.0,73.29624478442281,11.05702364394993,1438.0,895.0,62.23922114047288
SANTANDER,GAMBITA,DUQUE MARQUEZ IVAN,FAJARDO VALDERRAMA SERGIO,1097.0,181.0,67.01282834453268,11.056811240073305,1637.0,916.0,55.95601710445938
SANTANDER,GIRON,DUQUE MARQUEZ IVAN,FAJARDO VALDERRAMA SERGIO,31097.0,21397.0,45.323636151637494,31.18596143475536,68611.0,9700.0,14.137674716882135
SANTANDER,GUACA,DUQUE MARQUEZ IVAN,FAJARDO VALDERRAMA SERGIO,2046.0,260.0,74.23802612481857,9.433962264150944,2756.0,1786.0,64.80406386066763
SANTANDER,GUADALUPE,DUQUE MARQUEZ IVAN,FAJARDO VALDERRAMA SERGIO,1676.0,304.0,73.57330992098332,13.345039508340651,2278.0,1372.0,60.22827041264267
SANTANDER,GUAPOTA,DUQUE MARQUEZ IVAN,VARGAS LLERAS GERMAN,653.0,119.0,66.63265306122449,12.142857142857142,980.0,534.0,54.48979591836735
SANTANDER,GUAVATA,DUQUE MARQUEZ IVAN,PETRO URREGO GUSTAVO FRANCISCO,829.0,587.0,43.31243469174504,30.668756530825497,1914.0,242.0,12.643678160919542
SANTANDER,GUEPSA,DUQUE MARQUEZ IVAN,PETRO URREGO GUSTAVO FRANCISCO,664.0,547.0,33.518425037859664,27.612317011610298,1981.0,117.0,5.906108026249367
SANTANDER,HATO,DUQUE MARQUEZ IVAN,FAJARDO VALDERRAMA SERGIO,334.0,174.0,38.346727898966705,19.97703788748565,871.0,160.0,18.369690011481055
SANTANDER,JESUS MARIA,DUQUE MARQUEZ IVAN,PETRO URREGO GUSTAVO FRANCISCO,725.0,442.0,47.20052083333333,28.776041666666668,1536.0,283.0,18.42447916666666
SANTANDER,JORDAN,DUQUE MARQUEZ IVAN,VARGAS LLERAS GERMAN,512.0,89.0,73.66906474820144,12.805755395683452,695.0,423.0,60.86330935251799
SANTANDER,LA BELLEZA,DUQUE MARQUEZ IVAN,FAJARDO VALDERRAMA SERGIO,2093.0,308.0,70.75726842461123,10.412440838404327,2958.0,1785.0,60.3448275862069
SANTANDER,LA PAZ,DUQUE MARQUEZ IVAN,FAJARDO VALDERRAMA SERGIO,1085.0,201.0,65.79745300181928,12.189205579138871,1649.0,884.0,53.60824742268041
SANTANDER,LANDAZURI,DUQUE MARQUEZ IVAN,PETRO URREGO GUSTAVO FRANCISCO,2221.0,964.0,52.730294396961064,22.88698955365622,4212.0,1257.0,29.843304843304843
SANTANDER,LEBRIJA,DUQUE MARQUEZ IVAN,FAJARDO VALDERRAMA SERGIO,11992.0,3728.0,63.6551833961463,19.78873613249111,18839.0,8264.0,43.86644726365519
SANTANDER,LOS SANTOS,DUQUE MARQUEZ IVAN,FAJARDO VALDERRAMA SERGIO,3139.0,952.0,63.03212851405623,19.116465863453815,4980.0,2187.0,43.915662650602414
SANTANDER,MACARAVITA,DUQUE MARQUEZ IVAN,VARGAS LLERAS GERMAN,771.0,167.0,72.05607476635514,15.60747663551402,1070.0,604.0,56.44859813084112
SANTANDER,MALAGA,DUQUE MARQUEZ IVAN,FAJARDO VALDERRAMA SERGIO,5163.0,2180.0,56.42006338105126,23.82253305649656,9151.0,2983.0,32.5975303245547
SANTANDER,MATANZA,DUQUE MARQUEZ IVAN,FAJARDO VALDERRAMA SERGIO,2150.0,268.0,74.36873054306469,9.270148737461085,2891.0,1882.0,65.0985818056036
SANTANDER,MOGOTES,DUQUE MARQUEZ IVAN,FAJARDO VALDERRAMA SERGIO,2614.0,596.0,67.52777060191166,15.396538362180316,3871.0,2018.0,52.13123223973134
SANTANDER,MOLAGAVITA,DUQUE MARQUEZ IVAN,FAJARDO VALDERRAMA SERGIO,1579.0,176.0,80.15228426395939,8.934010152284264,1970.0,1403.0,71.21827411167513
SANTANDER,OCAMONTE,DUQUE MARQUEZ IVAN,FAJARDO VALDERRAMA SERGIO,1400.0,219.0,69.58250497017893,10.884691848906561,2012.0,1181.0,58.69781312127237
SANTANDER,OIBA,DUQUE MARQUEZ IVAN,FAJARDO VALDERRAMA SERGIO,2937.0,867.0,62.47606892150607,18.442884492661136,4701.0,2070.0,44.03318442884493
SANTANDER,ONZAGA,DUQUE MARQUEZ IVAN,VARGAS LLERAS GERMAN,1110.0,202.0,64.53488372093024,11.744186046511627,1720.0,908.0,52.79069767441861
SANTANDER,PALMAR,DUQUE MARQUEZ IVAN,PETRO URREGO GUSTAVO FRANCISCO,344.0,126.0,48.31460674157304,17.696629213483146,712.0,218.0,30.61797752808989
SANTANDER,PALMAS DEL SOCORRO,DUQUE MARQUEZ IVAN,FAJARDO VALDERRAMA SERGIO,892.0,228.0,62.9498941425547,16.090331686661962,1417.0,664.0,46.859562455892735
SANTANDER,PARAMO,DUQUE MARQUEZ IVAN,FAJARDO VALDERRAMA SERGIO,1372.0,392.0,65.24013314312886,18.640038040893963,2103.0,980.0,46.600095102234896
SANTANDER,PIEDECUESTA,DUQUE MARQUEZ IVAN,FAJARDO VALDERRAMA SERGIO,31306.0,21098.0,45.696852922286446,30.79640333975594,68508.0,10208.0,14.900449582530506
SANTANDER,PINCHOTE,DUQUE MARQUEZ IVAN,FAJARDO VALDERRAMA SERGIO,969.0,578.0,48.47423711855928,28.91445722861431,1999.0,391.0,19.55977988994497
SANTANDER,PUENTE NACIONAL,DUQUE MARQUEZ IVAN,PETRO URREGO GUSTAVO FRANCISCO,2712.0,1604.0,41.633404973902365,24.623887012588273,6514.0,1108.0,17.009517961314092
SANTANDER,PUERTO PARRA,DUQUE MARQUEZ IVAN,PETRO URREGO GUSTAVO FRANCISCO,1717.0,322.0,68.95582329317268,12.931726907630523,2490.0,1395.0,56.024096385542165
SANTANDER,PUERTO WILCHES,DUQUE MARQUEZ IVAN,PETRO URREGO GUSTAVO FRANCISCO,5023.0,4247.0,43.97653650849238,37.18263001225704,11422.0,776.0,6.793906496235337
SANTANDER,RIONEGRO,DUQUE MARQUEZ IVAN,FAJARDO VALDERRAMA SERGIO,7591.0,1518.0,65.9456172356876,13.187385978629138,11511.0,6073.0,52.75823125705847
SANTANDER,SABANA DE TORRES,DUQUE MARQUEZ IVAN,PETRO URREGO GUSTAVO FRANCISCO,6200.0,2123.0,56.28177196804648,19.27196804647785,11016.0,4077.0,37.00980392156863
SANTANDER,SAN ANDRES,DUQUE MARQUEZ IVAN,FAJARDO VALDERRAMA SERGIO,2218.0,414.0,65.17778430796356,12.165736115192477,3403.0,1804.0,53.01204819277109
SANTANDER,SAN BENITO,DUQUE MARQUEZ IVAN,VARGAS LLERAS GERMAN,589.0,436.0,44.688922610015176,33.0804248861912,1318.0,153.0,11.608497723823973
SANTANDER,SAN GIL,DUQUE MARQUEZ IVAN,FAJARDO VALDERRAMA SERGIO,9685.0,9539.0,38.74,38.156,25000.0,146.0,0.5840000000000032
SANTANDER,SAN JOAQUIN,DUQUE MARQUEZ IVAN,FAJARDO VALDERRAMA SERGIO,702.0,162.0,69.64285714285714,16.071428571428573,1008.0,540.0,53.57142857142857
SANTANDER,SAN JOSE DE MIRANDA,DUQUE MARQUEZ IVAN,FAJARDO VALDERRAMA SERGIO,1851.0,326.0,76.90070627336934,13.54383049439136,2407.0,1525.0,63.35687577897798
SANTANDER,SAN MIGUEL,DUQUE MARQUEZ IVAN,VARGAS LLERAS GERMAN,743.0,241.0,64.3847487001733,20.88388214904679,1154.0,502.0,43.500866551126514
SANTANDER,SAN VICENTE DE CHUCURI,DUQUE MARQUEZ IVAN,PETRO URREGO GUSTAVO FRANCISCO,6997.0,1869.0,62.228744219139095,16.622198505869797,11244.0,5128.0,45.6065457132693
SANTANDER,SANTA BARBARA,DUQUE MARQUEZ IVAN,VARGAS LLERAS GERMAN,805.0,120.0,71.55555555555554,10.666666666666668,1125.0,685.0,60.88888888888887
SANTANDER,SANTA HELENA DEL OPON,DUQUE MARQUEZ IVAN,PETRO URREGO GUSTAVO FRANCISCO,937.0,166.0,71.47215865751335,12.662090007627766,1311.0,771.0,58.81006864988558
SANTANDER,SIMACOTA,DUQUE MARQUEZ IVAN,PETRO URREGO GUSTAVO FRANCISCO,1678.0,485.0,54.251535725832525,15.680569026834787,3093.0,1193.0,38.570966698997736
SANTANDER,SOCORRO,DUQUE MARQUEZ IVAN,FAJARDO VALDERRAMA SERGIO,7011.0,4017.0,49.69873112639115,28.475225065570285,14107.0,2994.0,21.223506060820867
SANTANDER,SUAITA,DUQUE MARQUEZ IVAN,FAJARDO VALDERRAMA SERGIO,1903.0,642.0,50.611702127659576,17.074468085106385,3760.0,1261.0,33.537234042553195
SANTANDER,SUCRE,DUQUE MARQUEZ IVAN,PETRO URREGO GUSTAVO FRANCISCO,1742.0,337.0,67.78210116731518,13.112840466926071,2570.0,1405.0,54.6692607003891
SANTANDER,SURATA,DUQUE MARQUEZ IVAN,FAJARDO VALDERRAMA SERGIO,1427.0,208.0,74.12987012987014,10.805194805194805,1925.0,1219.0,63.32467532467534
SANTANDER,TONA,DUQUE MARQUEZ IVAN,FAJARDO VALDERRAMA SERGIO,1883.0,388.0,65.38194444444444,13.472222222222221,2880.0,1495.0,51.90972222222222
SANTANDER,VALLE DE SAN JOSE,DUQUE MARQUEZ IVAN,FAJARDO VALDERRAMA SERGIO,1401.0,656.0,52.649379932356254,24.652386320931978,2661.0,745.0,27.996993611424276
SANTANDER,VELEZ,DUQUE MARQUEZ IVAN,PETRO URREGO GUSTAVO FRANCISCO,3240.0,1934.0,39.4977447275387,23.576740216993784,8203.0,1306.0,15.921004510544918
SANTANDER,VETAS,DUQUE MARQUEZ IVAN,FAJARDO VALDERRAMA SERGIO,823.0,67.0,88.02139037433156,7.165775401069519,935.0,756.0,80.85561497326204
SANTANDER,VILLANUEVA,DUQUE MARQUEZ IVAN,FAJARDO VALDERRAMA SERGIO,2256.0,844.0,61.8421052631579,23.135964912280702,3648.0,1412.0,38.70614035087719
SANTANDER,ZAPATOCA,DUQUE MARQUEZ IVAN,FAJARDO VALDERRAMA SERGIO,2736.0,757.0,65.7850444818466,18.201490742967056,4159.0,1979.0,47.583553738879544
SUCRE,BUENAVISTA,PETRO URREGO GUSTAVO FRANCISCO,DUQUE MARQUEZ IVAN,1889.0,1733.0,42.071269487750556,38.59688195991091,4490.0,156.0,3.474387527839646
SUCRE,CAIMITO,PETRO URREGO GUSTAVO FRANCISCO,DUQUE MARQUEZ IVAN,2776.0,1231.0,57.869501771940804,25.661872003335418,4797.0,1545.0,32.207629768605386
SUCRE,CHALAN,DUQUE MARQUEZ IVAN,PETRO URREGO GUSTAVO FRANCISCO,1256.0,862.0,55.136084284460054,37.84021071115013,2278.0,394.0,17.295873573309926
SUCRE,COLOSO,DUQUE MARQUEZ IVAN,PETRO URREGO GUSTAVO FRANCISCO,1794.0,1599.0,46.38055842812823,41.33919338159255,3868.0,195.0,5.041365046535681
SUCRE,COROZAL,PETRO URREGO GUSTAVO FRANCISCO,DUQUE MARQUEZ IVAN,12831.0,9507.0,48.09761217528208,35.63744049180942,26677.0,3324.0,12.460171683472659
SUCRE,COVENAS,PETRO URREGO GUSTAVO FRANCISCO,DUQUE MARQUEZ IVAN,2552.0,2256.0,45.89928057553957,40.57553956834533,5560.0,296.0,5.3237410071942435
SUCRE,EL ROBLE,PETRO URREGO GUSTAVO FRANCISCO,DUQUE MARQUEZ IVAN,2583.0,1114.0,57.65625,24.86607142857143,4480.0,1469.0,32.79017857142857
SUCRE,GALERAS,DUQUE MARQUEZ IVAN,PETRO URREGO GUSTAVO FRANCISCO,4852.0,1778.0,61.70672771206919,22.612234516088005,7863.0,3074.0,39.09449319598119
SUCRE,GUARANDA,DUQUE MARQUEZ IVAN,PETRO URREGO GUSTAVO FRANCISCO,3858.0,920.0,69.51351351351352,16.576576576576578,5550.0,2938.0,52.93693693693694
SUCRE,LA UNION,PETRO URREGO GUSTAVO FRANCISCO,DUQUE MARQUEZ IVAN,2891.0,1193.0,59.81791847713636,24.684460997310158,4833.0,1698.0,35.133457479826205
SUCRE,LOS PALMITOS,PETRO URREGO GUSTAVO FRANCISCO,DUQUE MARQUEZ IVAN,6609.0,2748.0,62.9728442115293,26.183897093854213,10495.0,3861.0,36.788947117675086
SUCRE,MAJAGUAL,DUQUE MARQUEZ IVAN,PETRO URREGO GUSTAVO FRANCISCO,8336.0,2204.0,63.41092347482123,16.765556062680666,13146.0,6132.0,46.645367412140565
SUCRE,MORROA,PETRO URREGO GUSTAVO FRANCISCO,DUQUE MARQUEZ IVAN,3783.0,2439.0,50.27910685805422,32.41626794258373,7524.0,1344.0,17.86283891547049
SUCRE,OVEJAS,PETRO URREGO GUSTAVO FRANCISCO,DUQUE MARQUEZ IVAN,5634.0,4185.0,51.12058796842391,37.972960711369204,11021.0,1449.0,13.147627257054708
SUCRE,PALMITO,PETRO URREGO GUSTAVO FRANCISCO,DUQUE MARQUEZ IVAN,2137.0,1846.0,45.59419671431619,39.385534457008745,4687.0,291.0,6.208662257307445
SUCRE,SAMPUES,PETRO URREGO GUSTAVO FRANCISCO,DUQUE MARQUEZ IVAN,7277.0,4875.0,40.01209655248254,26.804860614724802,18187.0,2402.0,13.207235937757737
SUCRE,SAN BENITO ABAD,DUQUE MARQUEZ IVAN,PETRO URREGO GUSTAVO FRANCISCO,3678.0,3427.0,45.09010665685914,42.01299497364227,8157.0,251.0,3.07711168321687
SUCRE,SAN JOSE DE TOLUVIEJO,PETRO URREGO GUSTAVO FRANCISCO,DUQUE MARQUEZ IVAN,4013.0,3922.0,40.41696041897472,39.50045321784671,9929.0,91.0,0.916507201128006
SUCRE,SAN JUAN DE BETULIA,PETRO URREGO GUSTAVO FRANCISCO,DUQUE MARQUEZ IVAN,3607.0,2257.0,53.5401514027015,33.501558557221315,6737.0,1350.0,20.03859284548018
SUCRE,SAN LUIS DE SINCE,PETRO URREGO GUSTAVO FRANCISCO,DUQUE MARQUEZ IVAN,5396.0,5360.0,41.56524418425512,41.28793714373749,12982.0,36.0,0.2773070405176341
SUCRE,SAN MARCOS,DUQUE MARQUEZ IVAN,PETRO URREGO GUSTAVO FRANCISCO,8063.0,7060.0,39.77995954413143,34.83151610834279,20269.0,1003.0,4.94844343578864
SUCRE,SAN ONOFRE,PETRO URREGO GUSTAVO FRANCISCO,DUQUE MARQUEZ IVAN,7242.0,5088.0,42.070407807598464,29.557337051237365,17214.0,2154.0,12.513070756361099
SUCRE,SAN PEDRO,PETRO URREGO GUSTAVO FRANCISCO,DUQUE MARQUEZ IVAN,3683.0,3186.0,44.55601258165981,38.54343092184854,8266.0,497.0,6.012581659811268
SUCRE,SANTIAGO DE TOLU,PETRO URREGO GUSTAVO FRANCISCO,DUQUE MARQUEZ IVAN,7043.0,3204.0,58.17776309268131,26.466215099950436,12106.0,3839.0,31.711547992730875
SUCRE,SINCELEJO,PETRO URREGO GUSTAVO FRANCISCO,DUQUE MARQUEZ IVAN,52966.0,36742.0,50.397252062380474,34.96008449337279,105097.0,16224.0,15.437167569007684
SUCRE,SUCRE,DUQUE MARQUEZ IVAN,PETRO URREGO GUSTAVO FRANCISCO,5253.0,2039.0,58.863738233975795,22.848498431196774,8924.0,3214.0,36.01523980277902
TOLIMA,ALPUJARRA,DUQUE MARQUEZ IVAN,VARGAS LLERAS GERMAN,1476.0,194.0,73.50597609561753,9.661354581673306,2008.0,1282.0,63.84462151394422
TOLIMA,ALVARADO,DUQUE MARQUEZ IVAN,PETRO URREGO GUSTAVO FRANCISCO,1696.0,835.0,47.97736916548798,23.62093352192362,3535.0,861.0,24.356435643564357
TOLIMA,AMBALEMA,VARGAS LLERAS GERMAN,DUQUE MARQUEZ IVAN,1040.0,918.0,33.86519049169652,29.892543145555194,3071.0,122.0,3.972647346141322
TOLIMA,ANZOATEGUI,DUQUE MARQUEZ IVAN,PETRO URREGO GUSTAVO FRANCISCO,2490.0,457.0,72.80701754385966,13.362573099415204,3420.0,2033.0,59.44444444444446
TOLIMA,ARMERO,DUQUE MARQUEZ IVAN,PETRO URREGO GUSTAVO FRANCISCO,1955.0,1262.0,44.031531531531535,28.423423423423422,4440.0,693.0,15.608108108108112
TOLIMA,ATACO,DUQUE MARQUEZ IVAN,VARGAS LLERAS GERMAN,5208.0,962.0,72.35343150875244,13.364823562100584,7198.0,4246.0,58.988607946651854
TOLIMA,CAJAMARCA,DUQUE MARQUEZ IVAN,PETRO URREGO GUSTAVO FRANCISCO,4636.0,1430.0,60.927848600341704,18.793533972926795,7609.0,3206.0,42.13431462741491
TOLIMA,CARMEN DE APICALA,DUQUE MARQUEZ IVAN,VARGAS LLERAS GERMAN,3016.0,733.0,59.996021483986475,14.581261189576288,5027.0,2283.0,45.414760294410186
TOLIMA,CASABIANCA,DUQUE MARQUEZ IVAN,VARGAS LLERAS GERMAN,1678.0,488.0,65.08921644685803,18.929402637703646,2578.0,1190.0,46.159813809154386
TOLIMA,CHAPARRAL,DUQUE MARQUEZ IVAN,PETRO URREGO GUSTAVO FRANCISCO,10651.0,2668.0,61.93882298208886,15.515236101418934,17196.0,7983.0,46.42358688066992
TOLIMA,COELLO,DUQUE MARQUEZ IVAN,PETRO URREGO GUSTAVO FRANCISCO,1262.0,1033.0,33.448184468592636,27.378743705274317,3773.0,229.0,6.069440763318319
TOLIMA,COYAIMA,DUQUE MARQUEZ IVAN,PETRO URREGO GUSTAVO FRANCISCO,3308.0,2644.0,47.43332377401778,37.9122454832234,6974.0,664.0,9.521078290794378
TOLIMA,CUNDAY,DUQUE MARQUEZ IVAN,PETRO URREGO GUSTAVO FRANCISCO,2707.0,397.0,76.16769836803601,11.17051209904333,3554.0,2310.0,64.99718626899268
TOLIMA,DOLORES,DUQUE MARQUEZ IVAN,PETRO URREGO GUSTAVO FRANCISCO,2434.0,459.0,71.00350058343057,13.38973162193699,3428.0,1975.0,57.61376896149358
TOLIMA,ESPINAL,DUQUE MARQUEZ IVAN,VARGAS LLERAS GERMAN,15228.0,6150.0,45.82743988684583,18.507929820337658,33229.0,9078.0,27.319510066508172
TOLIMA,FALAN,DUQUE MARQUEZ IVAN,PETRO URREGO GUSTAVO FRANCISCO,1307.0,486.0,49.58270106221548,18.437025796661608,2636.0,821.0,31.14567526555387
TOLIMA,FLANDES,DUQUE MARQUEZ IVAN,FAJARDO VALDERRAMA SERGIO,4759.0,1608.0,51.44864864864866,17.383783783783784,9250.0,3151.0,34.06486486486487
TOLIMA,FRESNO,DUQUE MARQUEZ IVAN,FAJARDO VALDERRAMA SERGIO,7889.0,2458.0,62.89563900183369,19.59658773818066,12543.0,5431.0,43.299051263653034
TOLIMA,GUAMO,DUQUE MARQUEZ IVAN,FAJARDO VALDERRAMA SERGIO,7753.0,1603.0,61.36129798179659,12.686980609418283,12635.0,6150.0,48.674317372378304
TOLIMA,HERVEO,DUQUE MARQUEZ IVAN,FAJARDO VALDERRAMA SERGIO,1725.0,442.0,65.46489563567363,16.7741935483871,2635.0,1283.0,48.690702087286525
TOLIMA,HONDA,DUQUE MARQUEZ IVAN,FAJARDO VALDERRAMA SERGIO,4454.0,2425.0,39.967695620961955,21.76058865757358,11144.0,2029.0,18.207106963388373
TOLIMA,IBAGUE,DUQUE MARQUEZ IVAN,FAJARDO VALDERRAMA SERGIO,110427.0,76790.0,44.7275687761252,31.103172288649105,246888.0,33637.0,13.624396487476098
TOLIMA,ICONONZO,DUQUE MARQUEZ IVAN,PETRO URREGO GUSTAVO FRANCISCO,1840.0,1413.0,43.63291439411904,33.507232629831634,4217.0,427.0,10.125681764287407
TOLIMA,LERIDA,DUQUE MARQUEZ IVAN,PETRO URREGO GUSTAVO FRANCISCO,2703.0,1943.0,36.17989559630572,26.007227948065854,7471.0,760.0,10.172667648239866
TOLIMA,LIBANO,DUQUE MARQUEZ IVAN,PETRO URREGO GUSTAVO FRANCISCO,7117.0,4074.0,44.86541007375654,25.682405597932295,15863.0,3043.0,19.183004475824248
TOLIMA,MELGAR,DUQUE MARQUEZ IVAN,FAJARDO VALDERRAMA SERGIO,10037.0,2485.0,62.06789932595387,15.367015026900004,16171.0,7552.0,46.70088429905386
TOLIMA,MURILLO,DUQUE MARQUEZ IVAN,VARGAS LLERAS GERMAN,940.0,238.0,60.95979247730221,15.43450064850843,1542.0,702.0,45.525291828793776
TOLIMA,NATAGAIMA,DUQUE MARQUEZ IVAN,PETRO URREGO GUSTAVO FRANCISCO,2854.0,2229.0,43.93472906403941,34.3134236453202,6496.0,625.0,9.62130541871921
TOLIMA,ORTEGA,DUQUE MARQUEZ IVAN,PETRO URREGO GUSTAVO FRANCISCO,6690.0,2481.0,60.15105196907031,22.3071390037763,11122.0,4209.0,37.84391296529401
TOLIMA,PALOCABILDO,DUQUE MARQUEZ IVAN,PETRO URREGO GUSTAVO FRANCISCO,2285.0,643.0,65.044121833191,18.30344434955878,3513.0,1642.0,46.74067748363222
TOLIMA,PIEDRAS,DUQUE MARQUEZ IVAN,PETRO URREGO GUSTAVO FRANCISCO,981.0,740.0,35.492040520984084,26.772793053545584,2764.0,241.0,8.7192474674385
TOLIMA,PLANADAS,DUQUE MARQUEZ IVAN,PETRO URREGO GUSTAVO FRANCISCO,5065.0,1696.0,61.77582632028296,20.685449445054275,8199.0,3369.0,41.090376875228685
TOLIMA,PRADO,DUQUE MARQUEZ IVAN,PETRO URREGO GUSTAVO FRANCISCO,2568.0,529.0,67.13725490196079,13.830065359477125,3825.0,2039.0,53.30718954248366
TOLIMA,PURIFICACION,DUQUE MARQUEZ IVAN,PETRO URREGO GUSTAVO FRANCISCO,4036.0,3003.0,39.127484246243334,29.112942317014056,10315.0,1033.0,10.014541929229278
TOLIMA,RIOBLANCO,DUQUE MARQUEZ IVAN,PETRO URREGO GUSTAVO FRANCISCO,4118.0,761.0,67.10118950627343,12.400195535277824,6137.0,3357.0,54.700993970995604
TOLIMA,RONCESVALLES,DUQUE MARQUEZ IVAN,FAJARDO VALDERRAMA SERGIO,1208.0,197.0,66.26439934174438,10.806363137685135,1823.0,1011.0,55.45803620405924
TOLIMA,ROVIRA,DUQUE MARQUEZ IVAN,PETRO URREGO GUSTAVO FRANCISCO,5879.0,847.0,70.30614685481942,10.129155704376943,8362.0,5032.0,60.176991150442475
TOLIMA,SALDANA,DUQUE MARQUEZ IVAN,FAJARDO VALDERRAMA SERGIO,3465.0,1095.0,54.03087478559176,17.074692031810386,6413.0,2370.0,36.95618275378138
TOLIMA,SAN ANTONIO,DUQUE MARQUEZ IVAN,VARGAS LLERAS GERMAN,3892.0,550.0,74.84615384615385,10.576923076923077,5200.0,3342.0,64.26923076923077
TOLIMA,SAN LUIS,DUQUE MARQUEZ IVAN,VARGAS LLERAS GERMAN,3838.0,1037.0,61.63481612333387,16.653284085434397,6227.0,2801.0,44.98153203789947
TOLIMA,SAN SEBASTIAN DE MARIQUITA,DUQUE MARQUEZ IVAN,FAJARDO VALDERRAMA SERGIO,6761.0,3439.0,48.43817165783064,24.63820031523141,13958.0,3322.0,23.79997134259923
TOLIMA,SANTA ISABEL,DUQUE MARQUEZ IVAN,VARGAS LLERAS GERMAN,1806.0,496.0,65.86433260393873,18.088986141502552,2742.0,1310.0,47.77534646243618
TOLIMA,SUAREZ,DUQUE MARQUEZ IVAN,VARGAS LLERAS GERMAN,1339.0,386.0,60.424187725631775,17.418772563176894,2216.0,953.0,43.00541516245488
TOLIMA,VALLE DE SAN JUAN,DUQUE MARQUEZ IVAN,PETRO URREGO GUSTAVO FRANCISCO,2044.0,194.0,80.03132341425216,7.595927956147221,2554.0,1850.0,72.43539545810494
TOLIMA,VENADILLO,DUQUE MARQUEZ IVAN,PETRO URREGO GUSTAVO FRANCISCO,2874.0,919.0,52.226058513538064,16.69998182809377,5503.0,1955.0,35.526076685444295
TOLIMA,VILLAHERMOSA,DUQUE MARQUEZ IVAN,PETRO URREGO GUSTAVO FRANCISCO,2324.0,386.0,71.9727469804893,11.954165376277485,3229.0,1938.0,60.01858160421182
TOLIMA,VILLARRICA,DUQUE MARQUEZ IVAN,PETRO URREGO GUSTAVO FRANCISCO,1829.0,286.0,78.39691384483498,12.258894127732534,2333.0,1543.0,66.13801971710245
VALLE DEL CAUCA,ALCALA,DUQUE MARQUEZ IVAN,FAJARDO VALDERRAMA SERGIO,2542.0,983.0,49.24447888415343,19.043006586594345,5162.0,1559.0,30.201472297559086
VALLE DEL CAUCA,ANDALUCIA,DUQUE MARQUEZ IVAN,PETRO URREGO GUSTAVO FRANCISCO,2894.0,2806.0,31.4633616003479,30.50663187649489,9198.0,88.0,0.9567297238530088
VALLE DEL CAUCA,ANSERMANUEVO,DUQUE MARQUEZ IVAN,FAJARDO VALDERRAMA SERGIO,5113.0,1587.0,64.29020495410536,19.95473406261788,7953.0,3526.0,44.33547089148748
VALLE DEL CAUCA,ARGELIA,DUQUE MARQUEZ IVAN,FAJARDO VALDERRAMA SERGIO,1852.0,349.0,68.49112426035504,12.906804733727812,2704.0,1503.0,55.584319526627226
VALLE DEL CAUCA,BOLIVAR,DUQUE MARQUEZ IVAN,VARGAS LLERAS GERMAN,3428.0,1371.0,51.603191329218724,20.638265843745295,6643.0,2057.0,30.96492548547343
VALLE DEL CAUCA,BUENAVENTURA,PETRO URREGO GUSTAVO FRANCISCO,DUQUE MARQUEZ IVAN,46148.0,17743.0,56.111766350935646,21.573872548423573,82243.0,28405.0,34.53789380251207
VALLE DEL CAUCA,BUGALAGRANDE,PETRO URREGO GUSTAVO FRANCISCO,DUQUE MARQUEZ IVAN,3847.0,2642.0,39.9314926302678,27.423707701889143,9634.0,1205.0,12.507784928378655
VALLE DEL CAUCA,CAICEDONIA,DUQUE MARQUEZ IVAN,FAJARDO VALDERRAMA SERGIO,7794.0,3201.0,58.95166780122533,24.211481733605627,13221.0,4593.0,34.7401860676197
VALLE DEL CAUCA,CALI,FAJARDO VALDERRAMA SERGIO,DUQUE MARQUEZ IVAN,284347.0,248051.0,33.49053103692772,29.215570110607665,849037.0,36296.0,4.274960926320055
VALLE DEL CAUCA,CALIMA,DUQUE MARQUEZ IVAN,FAJARDO VALDERRAMA SERGIO,2639.0,1772.0,40.75046324891908,27.36256948733786,6476.0,867.0,13.387893761581221
VALLE DEL CAUCA,CANDELARIA,PETRO URREGO GUSTAVO FRANCISCO,FAJARDO VALDERRAMA SERGIO,13838.0,7941.0,40.9844805117877,23.519132804170123,33764.0,5897.0,17.46534770761758
VALLE DEL CAUCA,CARTAGO,DUQUE MARQUEZ IVAN,FAJARDO VALDERRAMA SERGIO,24690.0,20376.0,44.296530194840145,36.55674764074778,55738.0,4314.0,7.739782554092365
VALLE DEL CAUCA,DAGUA,DUQUE MARQUEZ IVAN,PETRO URREGO GUSTAVO FRANCISCO,7922.0,3074.0,52.71844014107939,20.45651161243096,15027.0,4848.0,32.26192852864843
VALLE DEL CAUCA,EL AGUILA,DUQUE MARQUEZ IVAN,FAJARDO VALDERRAMA SERGIO,2700.0,556.0,70.5697856769472,14.532148457919497,3826.0,2144.0,56.03763721902771
VALLE DEL CAUCA,EL CAIRO,DUQUE MARQUEZ IVAN,VARGAS LLERAS GERMAN,1788.0,376.0,63.971377459749554,13.452593917710196,2795.0,1412.0,50.51878354203936
VALLE DEL CAUCA,EL CERRITO,PETRO URREGO GUSTAVO FRANCISCO,FAJARDO VALDERRAMA SERGIO,9888.0,6301.0,39.025930457433795,24.868768993961403,25337.0,3587.0,14.157161463472391
VALLE DEL CAUCA,EL DOVIO,DUQUE MARQUEZ IVAN,FAJARDO VALDERRAMA SERGIO,2517.0,684.0,57.29569770088777,15.570225358524926,4393.0,1833.0,41.72547234236285
VALLE DEL CAUCA,FLORIDA,PETRO URREGO GUSTAVO FRANCISCO,DUQUE MARQUEZ IVAN,12907.0,5141.0,52.124222599143856,20.76165091672724,24762.0,7766.0,31.362571682416615
VALLE DEL CAUCA,GINEBRA,DUQUE MARQUEZ IVAN,PETRO URREGO GUSTAVO FRANCISCO,3771.0,2342.0,41.839565072672805,25.984688782869185,9013.0,1429.0,15.85487628980362
VALLE DEL CAUCA,GUACARI,PETRO URREGO GUSTAVO FRANCISCO,DUQUE MARQUEZ IVAN,5770.0,3612.0,40.95393569451345,25.637021790048976,14089.0,2158.0,15.31691390446447
VALLE DEL CAUCA,GUADALAJARA DE BUGA,FAJARDO VALDERRAMA SERGIO,DUQUE MARQUEZ IVAN,17979.0,16195.0,32.71169171427532,29.46581274334995,54962.0,1784.0,3.245878970925368
VALLE DEL CAUCA,JAMUNDI,FAJARDO VALDERRAMA SERGIO,PETRO URREGO GUSTAVO FRANCISCO,15738.0,15475.0,31.38248020897725,30.85804303176534,50149.0,263.0,0.5244371772119081
VALLE DEL CAUCA,LA CUMBRE,DUQUE MARQUEZ IVAN,PETRO URREGO GUSTAVO FRANCISCO,2703.0,1279.0,44.75165562913907,21.17549668874172,6040.0,1424.0,23.576158940397352
VALLE DEL CAUCA,LA UNION,DUQUE MARQUEZ IVAN,FAJARDO VALDERRAMA SERGIO,8073.0,4106.0,54.59525258673159,27.767633732332452,14787.0,3967.0,26.827618854399137
VALLE DEL CAUCA,LA VICTORIA,DUQUE MARQUEZ IVAN,FAJARDO VALDERRAMA SERGIO,2954.0,1051.0,52.768846016434445,18.774562343694175,5598.0,1903.0,33.994283672740266
VALLE DEL CAUCA,OBANDO,DUQUE MARQUEZ IVAN,PETRO URREGO GUSTAVO FRANCISCO,1833.0,1204.0,35.7728337236534,23.497267759562842,5124.0,629.0,12.275565964090557
VALLE DEL CAUCA,PALMIRA,FAJARDO VALDERRAMA SERGIO,PETRO URREGO GUSTAVO FRANCISCO,44197.0,38578.0,33.57006137206052,29.302120678130887,131656.0,5619.0,4.267940693929635
VALLE DEL CAUCA,PRADERA,PETRO URREGO GUSTAVO FRANCISCO,DUQUE MARQUEZ IVAN,7743.0,4638.0,40.00930088358394,23.965276701286623,19353.0,3105.0,16.044024182297317
VALLE DEL CAUCA,RESTREPO,DUQUE MARQUEZ IVAN,FAJARDO VALDERRAMA SERGIO,2788.0,1533.0,43.52169840774274,23.930689978145487,6406.0,1255.0,19.591008429597252
VALLE DEL CAUCA,RIOFRIO,DUQUE MARQUEZ IVAN,FAJARDO VALDERRAMA SERGIO,3634.0,1644.0,50.39522951047012,22.798502288170848,7211.0,1990.0,27.59672722229927
VALLE DEL CAUCA,ROLDANILLO,DUQUE MARQUEZ IVAN,FAJARDO VALDERRAMA SERGIO,7345.0,4486.0,46.33777048766639,28.301053561289507,15851.0,2859.0,18.036716926376883
VALLE DEL CAUCA,SAN PEDRO,DUQUE MARQUEZ IVAN,FAJARDO VALDERRAMA SERGIO,2322.0,1638.0,32.63986505482148,23.025021085184143,7114.0,684.0,9.614843969637334
VALLE DEL CAUCA,SEVILLA,DUQUE MARQUEZ IVAN,FAJARDO VALDERRAMA SERGIO,7784.0,4194.0,46.99915469146239,25.323028619731918,16562.0,3590.0,21.67612607173047
VALLE DEL CAUCA,TORO,DUQUE MARQUEZ IVAN,FAJARDO VALDERRAMA SERGIO,3517.0,1132.0,61.626073243385314,19.835289994743295,5707.0,2385.0,41.790783248642015
VALLE DEL CAUCA,TRUJILLO,DUQUE MARQUEZ IVAN,FAJARDO VALDERRAMA SERGIO,4596.0,1172.0,62.03266297745985,15.81859900121474,7409.0,3424.0,46.214063976245114
VALLE DEL CAUCA,TULUA,DUQUE MARQUEZ IVAN,FAJARDO VALDERRAMA SERGIO,30549.0,27466.0,36.17535258801378,32.52454202043886,84447.0,3083.0,3.650810567574922
VALLE DEL CAUCA,ULLOA,DUQUE MARQUEZ IVAN,FAJARDO VALDERRAMA SERGIO,1039.0,602.0,48.91713747645951,28.342749529190208,2124.0,437.0,20.5743879472693
VALLE DEL CAUCA,VERSALLES,DUQUE MARQUEZ IVAN,FAJARDO VALDERRAMA SERGIO,2258.0,572.0,65.582340981702,16.61341853035144,3443.0,1686.0,48.968922451350565
VALLE DEL CAUCA,VIJES,DUQUE MARQUEZ IVAN,PETRO URREGO GUSTAVO FRANCISCO,2463.0,1302.0,48.36999214454046,25.569520816967795,5092.0,1161.0,22.800471327572666
VALLE DEL CAUCA,YOTOCO,DUQUE MARQUEZ IVAN,FAJARDO VALDERRAMA SERGIO,2181.0,1845.0,32.85628201265441,27.794516420608616,6638.0,336.0,5.061765592045795
VALLE DEL CAUCA,YUMBO,PETRO URREGO GUSTAVO FRANCISCO,FAJARDO VALDERRAMA SERGIO,21714.0,10658.0,44.29439843335645,21.741259026559504,49022.0,11056.0,22.553139406796944
VALLE DEL CAUCA,ZARZAL,PETRO URREGO GUSTAVO FRANCISCO,FAJARDO VALDERRAMA SERGIO,6449.0,4834.0,35.434065934065934,26.56043956043956,18200.0,1615.0,8.873626373626376
VAUPES,CARURU,PETRO URREGO GUSTAVO FRANCISCO,VARGAS LLERAS GERMAN,293.0,143.0,55.916030534351144,27.29007633587786,524.0,150.0,28.625954198473284
VAUPES,MITU,PETRO URREGO GUSTAVO FRANCISCO,DE LA CALLE LOMBANA HUMBERTO,1948.0,1051.0,37.118902439024396,20.026676829268293,5248.0,897.0,17.092225609756103
VAUPES,PACOA,VARGAS LLERAS GERMAN,PETRO URREGO GUSTAVO FRANCISCO,91.0,48.0,52.29885057471264,27.586206896551722,174.0,43.0,24.712643678160916
VAUPES,PAPUNAHUA,VARGAS LLERAS GERMAN,PETRO URREGO GUSTAVO FRANCISCO,10.0,7.0,45.45454545454545,31.818181818181817,22.0,3.0,13.636363636363637
VAUPES,TARAIRA,PETRO URREGO GUSTAVO FRANCISCO,VARGAS LLERAS GERMAN,130.0,123.0,35.91160220994475,33.97790055248619,362.0,7.0,1.9337016574585633
VAUPES,YAVARATE,VARGAS LLERAS GERMAN,PETRO URREGO GUSTAVO FRANCISCO,144.0,88.0,48.8135593220339,29.830508474576273,295.0,56.0,18.98305084745763
VICHADA,CUMARIBO,PETRO URREGO GUSTAVO FRANCISCO,DUQUE MARQUEZ IVAN,2046.0,1037.0,50.70631970260223,25.7001239157373,4035.0,1009.0,25.00619578686493
VICHADA,LA PRIMAVERA,DUQUE MARQUEZ IVAN,VARGAS LLERAS GERMAN,2393.0,343.0,74.66458658346335,10.702028081123245,3205.0,2050.0,63.9625585023401
VICHADA,PUERTO CARRENO,DUQUE MARQUEZ IVAN,FAJARDO VALDERRAMA SERGIO,4018.0,958.0,58.73410320128636,14.00380061394533,6841.0,3060.0,44.73030258734103
VICHADA,SANTA ROSALIA,DUQUE MARQUEZ IVAN,VARGAS LLERAS GERMAN,1008.0,233.0,68.24644549763033,15.775220040622884,1477.0,775.0,52.47122545700745
