departamento,municipio,candidato,votos
AMAZONAS,EL ENCANTO,DE LA CALLE LOMBANA HUMBERTO,8
AMAZONAS,EL ENCANTO,DUQUE MARQUEZ IVAN,50
AMAZONAS,EL ENCANTO,FAJARDO VALDERRAMA SERGIO,14
AMAZONAS,EL ENCANTO,MORALES HOYOS VIVIANE ALEIDA,1
AMAZONAS,EL ENCANTO,PETRO URREGO GUSTAVO FRANCISCO,190
AMAZONAS,EL ENCANTO,TRUJILLO SARMIENTO JORGE ANTONIO,1
AMAZONAS,EL ENCANTO,VARGAS LLERAS GERMAN,39
AMAZONAS,EL ENCANTO,VOTOS EN BLANCO,3
AMAZONAS,EL ENCANTO,VOTOS NULOS,2
AMAZONAS,LA CHORRERA,DE LA CALLE LOMBANA HUMBERTO,7
AMAZONAS,LA CHORRERA,DUQUE MARQUEZ IVAN,44
AMAZONAS,LA CHORRERA,FAJARDO VALDERRAMA SERGIO,15
AMAZONAS,LA CHORRERA,PETRO URREGO GUSTAVO FRANCISCO,470
AMAZONAS,LA CHORRERA,PROMOTORES VOTO EN BLANCO,2
AMAZONAS,LA CHORRERA,TARJETAS NO MARCADAS,4
AMAZONAS,LA CHORRERA,VARGAS LLERAS GERMAN,19
AMAZONAS,LA CHORRERA,VOTOS EN BLANCO,3
AMAZONAS,LA CHORRERA,VOTOS NULOS,1
AMAZONAS,LA PEDRERA,DE LA CALLE LOMBANA HUMBERTO,9
AMAZONAS,LA PEDRERA,DUQUE MARQUEZ IVAN,21
AMAZONAS,LA PEDRERA,FAJARDO VALDERRAMA SERGIO,20
AMAZONAS,LA PEDRERA,PETRO URREGO GUSTAVO FRANCISCO,150
AMAZONAS,LA PEDRERA,VARGAS LLERAS GERMAN,29
AMAZONAS,LA PEDRERA,VOTOS NULOS,2
AMAZONAS,LA VICTORIA,DE LA CALLE LOMBANA HUMBERTO,1
AMAZONAS,LA VICTORIA,DUQUE MARQUEZ IVAN,2
AMAZONAS,LA VICTORIA,FAJARDO VALDERRAMA SERGIO,1
AMAZONAS,LA VICTORIA,PETRO URREGO GUSTAVO FRANCISCO,14
AMAZONAS,LA VICTORIA,VOTOS EN BLANCO,1
AMAZONAS,LETICIA,DE LA CALLE LOMBANA HUMBERTO,652
AMAZONAS,LETICIA,DUQUE MARQUEZ IVAN,6144
AMAZONAS,LETICIA,FAJARDO VALDERRAMA SERGIO,2523
AMAZONAS,LETICIA,MORALES HOYOS VIVIANE ALEIDA,44
AMAZONAS,LETICIA,PETRO URREGO GUSTAVO FRANCISCO,3821
AMAZONAS,LETICIA,PROMOTORES VOTO EN BLANCO,17
AMAZONAS,LETICIA,TARJETAS NO MARCADAS,37
AMAZONAS,LETICIA,TRUJILLO SARMIENTO JORGE ANTONIO,73
AMAZONAS,LETICIA,VARGAS LLERAS GERMAN,866
AMAZONAS,LETICIA,VOTOS EN BLANCO,259
AMAZONAS,LETICIA,VOTOS NULOS,123
AMAZONAS,MIRITI  PARANA,DE LA CALLE LOMBANA HUMBERTO,7
AMAZONAS,MIRITI  PARANA,DUQUE MARQUEZ IVAN,4
AMAZONAS,MIRITI  PARANA,FAJARDO VALDERRAMA SERGIO,2
AMAZONAS,MIRITI  PARANA,PETRO URREGO GUSTAVO FRANCISCO,59
AMAZONAS,MIRITI  PARANA,VARGAS LLERAS GERMAN,5
AMAZONAS,PUERTO ALEGRIA,DE LA CALLE LOMBANA HUMBERTO,1
AMAZONAS,PUERTO ALEGRIA,DUQUE MARQUEZ IVAN,34
AMAZONAS,PUERTO ALEGRIA,FAJARDO VALDERRAMA SERGIO,6
AMAZONAS,PUERTO ALEGRIA,PETRO URREGO GUSTAVO FRANCISCO,31
AMAZONAS,PUERTO ALEGRIA,TARJETAS NO MARCADAS,1
AMAZONAS,PUERTO ALEGRIA,VARGAS LLERAS GERMAN,1
AMAZONAS,PUERTO ALEGRIA,VOTOS EN BLANCO,1
AMAZONAS,PUERTO ARICA,DE LA CALLE LOMBANA HUMBERTO,5
AMAZONAS,PUERTO ARICA,DUQUE MARQUEZ IVAN,32
AMAZONAS,PUERTO ARICA,FAJARDO VALDERRAMA SERGIO,4
AMAZONAS,PUERTO ARICA,PETRO URREGO GUSTAVO FRANCISCO,98
AMAZONAS,PUERTO ARICA,TRUJILLO SARMIENTO JORGE ANTONIO,1
AMAZONAS,PUERTO ARICA,VARGAS LLERAS GERMAN,6
AMAZONAS,PUERTO NARINO,DE LA CALLE LOMBANA HUMBERTO,36
AMAZONAS,PUERTO NARINO,DUQUE MARQUEZ IVAN,651
AMAZONAS,PUERTO NARINO,FAJARDO VALDERRAMA SERGIO,83
AMAZONAS,PUERTO NARINO,MORALES HOYOS VIVIANE ALEIDA,7
AMAZONAS,PUERTO NARINO,PETRO URREGO GUSTAVO FRANCISCO,839
AMAZONAS,PUERTO NARINO,TARJETAS NO MARCADAS,7
AMAZONAS,PUERTO NARINO,TRUJILLO SARMIENTO JORGE ANTONIO,9
AMAZONAS,PUERTO NARINO,VARGAS LLERAS GERMAN,244
AMAZONAS,PUERTO NARINO,VOTOS EN BLANCO,22
AMAZONAS,PUERTO NARINO,VOTOS NULOS,12
AMAZONAS,PUERTO SANTANDER,DE LA CALLE LOMBANA HUMBERTO,2
AMAZONAS,PUERTO SANTANDER,DUQUE MARQUEZ IVAN,27
AMAZONAS,PUERTO SANTANDER,FAJARDO VALDERRAMA SERGIO,3
AMAZONAS,PUERTO SANTANDER,PETRO URREGO GUSTAVO FRANCISCO,85
AMAZONAS,PUERTO SANTANDER,TRUJILLO SARMIENTO JORGE ANTONIO,1
AMAZONAS,PUERTO SANTANDER,VARGAS LLERAS GERMAN,47
AMAZONAS,PUERTO SANTANDER,VOTOS EN BLANCO,1
AMAZONAS,PUERTO SANTANDER,VOTOS NULOS,2
AMAZONAS,TARAPACA,DE LA CALLE LOMBANA HUMBERTO,11
AMAZONAS,TARAPACA,DUQUE MARQUEZ IVAN,95
AMAZONAS,TARAPACA,FAJARDO VALDERRAMA SERGIO,21
AMAZONAS,TARAPACA,PETRO URREGO GUSTAVO FRANCISCO,174
AMAZONAS,TARAPACA,PROMOTORES VOTO EN BLANCO,1
AMAZONAS,TARAPACA,TARJETAS NO MARCADAS,2
AMAZONAS,TARAPACA,TRUJILLO SARMIENTO JORGE ANTONIO,2
AMAZONAS,TARAPACA,VARGAS LLERAS GERMAN,52
AMAZONAS,TARAPACA,VOTOS EN BLANCO,9
AMAZONAS,TARAPACA,VOTOS NULOS,3
ANTIOQUIA,ABEJORRAL,DE LA CALLE LOMBANA HUMBERTO,73
ANTIOQUIA,ABEJORRAL,DUQUE MARQUEZ IVAN,4580
ANTIOQUIA,ABEJORRAL,FAJARDO VALDERRAMA SERGIO,1097
ANTIOQUIA,ABEJORRAL,MORALES HOYOS VIVIANE ALEIDA,24
ANTIOQUIA,ABEJORRAL,PETRO URREGO GUSTAVO FRANCISCO,184
ANTIOQUIA,ABEJORRAL,PROMOTORES VOTO EN BLANCO,11
ANTIOQUIA,ABEJORRAL,TARJETAS NO MARCADAS,85
ANTIOQUIA,ABEJORRAL,TRUJILLO SARMIENTO JORGE ANTONIO,15
ANTIOQUIA,ABEJORRAL,VARGAS LLERAS GERMAN,347
ANTIOQUIA,ABEJORRAL,VOTOS EN BLANCO,77
ANTIOQUIA,ABEJORRAL,VOTOS NULOS,89
ANTIOQUIA,ABRIAQUI,DE LA CALLE LOMBANA HUMBERTO,15
ANTIOQUIA,ABRIAQUI,DUQUE MARQUEZ IVAN,828
ANTIOQUIA,ABRIAQUI,FAJARDO VALDERRAMA SERGIO,89
ANTIOQUIA,ABRIAQUI,MORALES HOYOS VIVIANE ALEIDA,2
ANTIOQUIA,ABRIAQUI,PETRO URREGO GUSTAVO FRANCISCO,11
ANTIOQUIA,ABRIAQUI,PROMOTORES VOTO EN BLANCO,1
ANTIOQUIA,ABRIAQUI,TARJETAS NO MARCADAS,6
ANTIOQUIA,ABRIAQUI,TRUJILLO SARMIENTO JORGE ANTONIO,2
ANTIOQUIA,ABRIAQUI,VARGAS LLERAS GERMAN,27
ANTIOQUIA,ABRIAQUI,VOTOS EN BLANCO,10
ANTIOQUIA,ABRIAQUI,VOTOS NULOS,3
ANTIOQUIA,ALEJANDRIA,DE LA CALLE LOMBANA HUMBERTO,94
ANTIOQUIA,ALEJANDRIA,DUQUE MARQUEZ IVAN,1513
ANTIOQUIA,ALEJANDRIA,FAJARDO VALDERRAMA SERGIO,312
ANTIOQUIA,ALEJANDRIA,MORALES HOYOS VIVIANE ALEIDA,8
ANTIOQUIA,ALEJANDRIA,PETRO URREGO GUSTAVO FRANCISCO,72
ANTIOQUIA,ALEJANDRIA,PROMOTORES VOTO EN BLANCO,3
ANTIOQUIA,ALEJANDRIA,TARJETAS NO MARCADAS,12
ANTIOQUIA,ALEJANDRIA,TRUJILLO SARMIENTO JORGE ANTONIO,1
ANTIOQUIA,ALEJANDRIA,VARGAS LLERAS GERMAN,126
ANTIOQUIA,ALEJANDRIA,VOTOS EN BLANCO,45
ANTIOQUIA,ALEJANDRIA,VOTOS NULOS,17
ANTIOQUIA,AMAGA,DE LA CALLE LOMBANA HUMBERTO,177
ANTIOQUIA,AMAGA,DUQUE MARQUEZ IVAN,5470
ANTIOQUIA,AMAGA,FAJARDO VALDERRAMA SERGIO,3298
ANTIOQUIA,AMAGA,MORALES HOYOS VIVIANE ALEIDA,13
ANTIOQUIA,AMAGA,PETRO URREGO GUSTAVO FRANCISCO,598
ANTIOQUIA,AMAGA,PROMOTORES VOTO EN BLANCO,21
ANTIOQUIA,AMAGA,TARJETAS NO MARCADAS,40
ANTIOQUIA,AMAGA,TRUJILLO SARMIENTO JORGE ANTONIO,15
ANTIOQUIA,AMAGA,VARGAS LLERAS GERMAN,450
ANTIOQUIA,AMAGA,VOTOS EN BLANCO,225
ANTIOQUIA,AMAGA,VOTOS NULOS,153
ANTIOQUIA,AMALFI,DE LA CALLE LOMBANA HUMBERTO,99
ANTIOQUIA,AMALFI,DUQUE MARQUEZ IVAN,3354
ANTIOQUIA,AMALFI,FAJARDO VALDERRAMA SERGIO,1639
ANTIOQUIA,AMALFI,MORALES HOYOS VIVIANE ALEIDA,11
ANTIOQUIA,AMALFI,PETRO URREGO GUSTAVO FRANCISCO,261
ANTIOQUIA,AMALFI,PROMOTORES VOTO EN BLANCO,18
ANTIOQUIA,AMALFI,TARJETAS NO MARCADAS,62
ANTIOQUIA,AMALFI,TRUJILLO SARMIENTO JORGE ANTONIO,34
ANTIOQUIA,AMALFI,VARGAS LLERAS GERMAN,307
ANTIOQUIA,AMALFI,VOTOS EN BLANCO,178
ANTIOQUIA,AMALFI,VOTOS NULOS,86
ANTIOQUIA,ANDES,DE LA CALLE LOMBANA HUMBERTO,129
ANTIOQUIA,ANDES,DUQUE MARQUEZ IVAN,9743
ANTIOQUIA,ANDES,FAJARDO VALDERRAMA SERGIO,2748
ANTIOQUIA,ANDES,MORALES HOYOS VIVIANE ALEIDA,38
ANTIOQUIA,ANDES,PETRO URREGO GUSTAVO FRANCISCO,713
ANTIOQUIA,ANDES,PROMOTORES VOTO EN BLANCO,17
ANTIOQUIA,ANDES,TARJETAS NO MARCADAS,60
ANTIOQUIA,ANDES,TRUJILLO SARMIENTO JORGE ANTONIO,19
ANTIOQUIA,ANDES,VARGAS LLERAS GERMAN,1564
ANTIOQUIA,ANDES,VOTOS EN BLANCO,199
ANTIOQUIA,ANDES,VOTOS NULOS,174
ANTIOQUIA,ANGELOPOLIS,DE LA CALLE LOMBANA HUMBERTO,67
ANTIOQUIA,ANGELOPOLIS,DUQUE MARQUEZ IVAN,1717
ANTIOQUIA,ANGELOPOLIS,FAJARDO VALDERRAMA SERGIO,485
ANTIOQUIA,ANGELOPOLIS,MORALES HOYOS VIVIANE ALEIDA,8
ANTIOQUIA,ANGELOPOLIS,PETRO URREGO GUSTAVO FRANCISCO,87
ANTIOQUIA,ANGELOPOLIS,PROMOTORES VOTO EN BLANCO,9
ANTIOQUIA,ANGELOPOLIS,TARJETAS NO MARCADAS,21
ANTIOQUIA,ANGELOPOLIS,TRUJILLO SARMIENTO JORGE ANTONIO,6
ANTIOQUIA,ANGELOPOLIS,VARGAS LLERAS GERMAN,88
ANTIOQUIA,ANGELOPOLIS,VOTOS EN BLANCO,42
ANTIOQUIA,ANGELOPOLIS,VOTOS NULOS,34
ANTIOQUIA,ANGOSTURA,DE LA CALLE LOMBANA HUMBERTO,47
ANTIOQUIA,ANGOSTURA,DUQUE MARQUEZ IVAN,1841
ANTIOQUIA,ANGOSTURA,FAJARDO VALDERRAMA SERGIO,634
ANTIOQUIA,ANGOSTURA,MORALES HOYOS VIVIANE ALEIDA,5
ANTIOQUIA,ANGOSTURA,PETRO URREGO GUSTAVO FRANCISCO,117
ANTIOQUIA,ANGOSTURA,PROMOTORES VOTO EN BLANCO,8
ANTIOQUIA,ANGOSTURA,TARJETAS NO MARCADAS,69
ANTIOQUIA,ANGOSTURA,TRUJILLO SARMIENTO JORGE ANTONIO,13
ANTIOQUIA,ANGOSTURA,VARGAS LLERAS GERMAN,68
ANTIOQUIA,ANGOSTURA,VOTOS EN BLANCO,70
ANTIOQUIA,ANGOSTURA,VOTOS NULOS,94
ANTIOQUIA,ANORI,DE LA CALLE LOMBANA HUMBERTO,134
ANTIOQUIA,ANORI,DUQUE MARQUEZ IVAN,1394
ANTIOQUIA,ANORI,FAJARDO VALDERRAMA SERGIO,805
ANTIOQUIA,ANORI,MORALES HOYOS VIVIANE ALEIDA,9
ANTIOQUIA,ANORI,PETRO URREGO GUSTAVO FRANCISCO,432
ANTIOQUIA,ANORI,PROMOTORES VOTO EN BLANCO,13
ANTIOQUIA,ANORI,TARJETAS NO MARCADAS,32
ANTIOQUIA,ANORI,TRUJILLO SARMIENTO JORGE ANTONIO,25
ANTIOQUIA,ANORI,VARGAS LLERAS GERMAN,101
ANTIOQUIA,ANORI,VOTOS EN BLANCO,109
ANTIOQUIA,ANORI,VOTOS NULOS,38
ANTIOQUIA,ANZA,DE LA CALLE LOMBANA HUMBERTO,46
ANTIOQUIA,ANZA,DUQUE MARQUEZ IVAN,1872
ANTIOQUIA,ANZA,FAJARDO VALDERRAMA SERGIO,269
ANTIOQUIA,ANZA,MORALES HOYOS VIVIANE ALEIDA,6
ANTIOQUIA,ANZA,PETRO URREGO GUSTAVO FRANCISCO,61
ANTIOQUIA,ANZA,PROMOTORES VOTO EN BLANCO,3
ANTIOQUIA,ANZA,TARJETAS NO MARCADAS,23
ANTIOQUIA,ANZA,TRUJILLO SARMIENTO JORGE ANTONIO,11
ANTIOQUIA,ANZA,VARGAS LLERAS GERMAN,115
ANTIOQUIA,ANZA,VOTOS EN BLANCO,39
ANTIOQUIA,ANZA,VOTOS NULOS,38
ANTIOQUIA,APARTADO,DE LA CALLE LOMBANA HUMBERTO,667
ANTIOQUIA,APARTADO,DUQUE MARQUEZ IVAN,15293
ANTIOQUIA,APARTADO,FAJARDO VALDERRAMA SERGIO,6654
ANTIOQUIA,APARTADO,MORALES HOYOS VIVIANE ALEIDA,96
ANTIOQUIA,APARTADO,PETRO URREGO GUSTAVO FRANCISCO,16767
ANTIOQUIA,APARTADO,PROMOTORES VOTO EN BLANCO,103
ANTIOQUIA,APARTADO,TARJETAS NO MARCADAS,170
ANTIOQUIA,APARTADO,TRUJILLO SARMIENTO JORGE ANTONIO,200
ANTIOQUIA,APARTADO,VARGAS LLERAS GERMAN,1398
ANTIOQUIA,APARTADO,VOTOS EN BLANCO,1475
ANTIOQUIA,APARTADO,VOTOS NULOS,649
ANTIOQUIA,ARBOLETES,DE LA CALLE LOMBANA HUMBERTO,112
ANTIOQUIA,ARBOLETES,DUQUE MARQUEZ IVAN,4372
ANTIOQUIA,ARBOLETES,FAJARDO VALDERRAMA SERGIO,670
ANTIOQUIA,ARBOLETES,MORALES HOYOS VIVIANE ALEIDA,18
ANTIOQUIA,ARBOLETES,PETRO URREGO GUSTAVO FRANCISCO,2788
ANTIOQUIA,ARBOLETES,PROMOTORES VOTO EN BLANCO,12
ANTIOQUIA,ARBOLETES,TARJETAS NO MARCADAS,44
ANTIOQUIA,ARBOLETES,TRUJILLO SARMIENTO JORGE ANTONIO,40
ANTIOQUIA,ARBOLETES,VARGAS LLERAS GERMAN,1905
ANTIOQUIA,ARBOLETES,VOTOS EN BLANCO,91
ANTIOQUIA,ARBOLETES,VOTOS NULOS,104
ANTIOQUIA,ARGELIA,DE LA CALLE LOMBANA HUMBERTO,22
ANTIOQUIA,ARGELIA,DUQUE MARQUEZ IVAN,2670
ANTIOQUIA,ARGELIA,FAJARDO VALDERRAMA SERGIO,134
ANTIOQUIA,ARGELIA,MORALES HOYOS VIVIANE ALEIDA,9
ANTIOQUIA,ARGELIA,PETRO URREGO GUSTAVO FRANCISCO,93
ANTIOQUIA,ARGELIA,PROMOTORES VOTO EN BLANCO,2
ANTIOQUIA,ARGELIA,TARJETAS NO MARCADAS,19
ANTIOQUIA,ARGELIA,TRUJILLO SARMIENTO JORGE ANTONIO,7
ANTIOQUIA,ARGELIA,VARGAS LLERAS GERMAN,57
ANTIOQUIA,ARGELIA,VOTOS EN BLANCO,28
ANTIOQUIA,ARGELIA,VOTOS NULOS,26
ANTIOQUIA,ARMENIA,DE LA CALLE LOMBANA HUMBERTO,68
ANTIOQUIA,ARMENIA,DUQUE MARQUEZ IVAN,1295
ANTIOQUIA,ARMENIA,FAJARDO VALDERRAMA SERGIO,193
ANTIOQUIA,ARMENIA,MORALES HOYOS VIVIANE ALEIDA,10
ANTIOQUIA,ARMENIA,PETRO URREGO GUSTAVO FRANCISCO,109
ANTIOQUIA,ARMENIA,PROMOTORES VOTO EN BLANCO,4
ANTIOQUIA,ARMENIA,TARJETAS NO MARCADAS,12
ANTIOQUIA,ARMENIA,TRUJILLO SARMIENTO JORGE ANTONIO,4
ANTIOQUIA,ARMENIA,VARGAS LLERAS GERMAN,135
ANTIOQUIA,ARMENIA,VOTOS EN BLANCO,37
ANTIOQUIA,ARMENIA,VOTOS NULOS,38
ANTIOQUIA,BARBOSA,DE LA CALLE LOMBANA HUMBERTO,384
ANTIOQUIA,BARBOSA,DUQUE MARQUEZ IVAN,10196
ANTIOQUIA,BARBOSA,FAJARDO VALDERRAMA SERGIO,6873
ANTIOQUIA,BARBOSA,MORALES HOYOS VIVIANE ALEIDA,32
ANTIOQUIA,BARBOSA,PETRO URREGO GUSTAVO FRANCISCO,1582
ANTIOQUIA,BARBOSA,PROMOTORES VOTO EN BLANCO,59
ANTIOQUIA,BARBOSA,TARJETAS NO MARCADAS,108
ANTIOQUIA,BARBOSA,TRUJILLO SARMIENTO JORGE ANTONIO,57
ANTIOQUIA,BARBOSA,VARGAS LLERAS GERMAN,863
ANTIOQUIA,BARBOSA,VOTOS EN BLANCO,539
ANTIOQUIA,BARBOSA,VOTOS NULOS,440
ANTIOQUIA,BELLO,DE LA CALLE LOMBANA HUMBERTO,3991
ANTIOQUIA,BELLO,DUQUE MARQUEZ IVAN,87141
ANTIOQUIA,BELLO,FAJARDO VALDERRAMA SERGIO,62919
ANTIOQUIA,BELLO,MORALES HOYOS VIVIANE ALEIDA,279
ANTIOQUIA,BELLO,PETRO URREGO GUSTAVO FRANCISCO,15899
ANTIOQUIA,BELLO,PROMOTORES VOTO EN BLANCO,308
ANTIOQUIA,BELLO,TARJETAS NO MARCADAS,294
ANTIOQUIA,BELLO,TRUJILLO SARMIENTO JORGE ANTONIO,530
ANTIOQUIA,BELLO,VARGAS LLERAS GERMAN,7683
ANTIOQUIA,BELLO,VOTOS EN BLANCO,4186
ANTIOQUIA,BELLO,VOTOS NULOS,2314
ANTIOQUIA,BELMIRA,DE LA CALLE LOMBANA HUMBERTO,129
ANTIOQUIA,BELMIRA,DUQUE MARQUEZ IVAN,1321
ANTIOQUIA,BELMIRA,FAJARDO VALDERRAMA SERGIO,540
ANTIOQUIA,BELMIRA,MORALES HOYOS VIVIANE ALEIDA,2
ANTIOQUIA,BELMIRA,PETRO URREGO GUSTAVO FRANCISCO,61
ANTIOQUIA,BELMIRA,PROMOTORES VOTO EN BLANCO,5
ANTIOQUIA,BELMIRA,TARJETAS NO MARCADAS,9
ANTIOQUIA,BELMIRA,TRUJILLO SARMIENTO JORGE ANTONIO,8
ANTIOQUIA,BELMIRA,VARGAS LLERAS GERMAN,94
ANTIOQUIA,BELMIRA,VOTOS EN BLANCO,58
ANTIOQUIA,BELMIRA,VOTOS NULOS,30
ANTIOQUIA,BETANIA,DE LA CALLE LOMBANA HUMBERTO,56
ANTIOQUIA,BETANIA,DUQUE MARQUEZ IVAN,2229
ANTIOQUIA,BETANIA,FAJARDO VALDERRAMA SERGIO,447
ANTIOQUIA,BETANIA,MORALES HOYOS VIVIANE ALEIDA,13
ANTIOQUIA,BETANIA,PETRO URREGO GUSTAVO FRANCISCO,95
ANTIOQUIA,BETANIA,PROMOTORES VOTO EN BLANCO,3
ANTIOQUIA,BETANIA,TARJETAS NO MARCADAS,25
ANTIOQUIA,BETANIA,TRUJILLO SARMIENTO JORGE ANTONIO,7
ANTIOQUIA,BETANIA,VARGAS LLERAS GERMAN,129
ANTIOQUIA,BETANIA,VOTOS EN BLANCO,30
ANTIOQUIA,BETANIA,VOTOS NULOS,22
ANTIOQUIA,BETULIA,DE LA CALLE LOMBANA HUMBERTO,79
ANTIOQUIA,BETULIA,DUQUE MARQUEZ IVAN,4140
ANTIOQUIA,BETULIA,FAJARDO VALDERRAMA SERGIO,463
ANTIOQUIA,BETULIA,MORALES HOYOS VIVIANE ALEIDA,25
ANTIOQUIA,BETULIA,PETRO URREGO GUSTAVO FRANCISCO,148
ANTIOQUIA,BETULIA,PROMOTORES VOTO EN BLANCO,12
ANTIOQUIA,BETULIA,TARJETAS NO MARCADAS,37
ANTIOQUIA,BETULIA,TRUJILLO SARMIENTO JORGE ANTONIO,15
ANTIOQUIA,BETULIA,VARGAS LLERAS GERMAN,185
ANTIOQUIA,BETULIA,VOTOS EN BLANCO,98
ANTIOQUIA,BETULIA,VOTOS NULOS,70
ANTIOQUIA,BRICENO,DE LA CALLE LOMBANA HUMBERTO,105
ANTIOQUIA,BRICENO,DUQUE MARQUEZ IVAN,674
ANTIOQUIA,BRICENO,FAJARDO VALDERRAMA SERGIO,598
ANTIOQUIA,BRICENO,MORALES HOYOS VIVIANE ALEIDA,5
ANTIOQUIA,BRICENO,PETRO URREGO GUSTAVO FRANCISCO,175
ANTIOQUIA,BRICENO,PROMOTORES VOTO EN BLANCO,7
ANTIOQUIA,BRICENO,TARJETAS NO MARCADAS,37
ANTIOQUIA,BRICENO,TRUJILLO SARMIENTO JORGE ANTONIO,19
ANTIOQUIA,BRICENO,VARGAS LLERAS GERMAN,395
ANTIOQUIA,BRICENO,VOTOS EN BLANCO,66
ANTIOQUIA,BRICENO,VOTOS NULOS,44
ANTIOQUIA,BURITICA,DE LA CALLE LOMBANA HUMBERTO,111
ANTIOQUIA,BURITICA,DUQUE MARQUEZ IVAN,1548
ANTIOQUIA,BURITICA,FAJARDO VALDERRAMA SERGIO,550
ANTIOQUIA,BURITICA,MORALES HOYOS VIVIANE ALEIDA,7
ANTIOQUIA,BURITICA,PETRO URREGO GUSTAVO FRANCISCO,193
ANTIOQUIA,BURITICA,PROMOTORES VOTO EN BLANCO,4
ANTIOQUIA,BURITICA,TARJETAS NO MARCADAS,28
ANTIOQUIA,BURITICA,TRUJILLO SARMIENTO JORGE ANTONIO,5
ANTIOQUIA,BURITICA,VARGAS LLERAS GERMAN,295
ANTIOQUIA,BURITICA,VOTOS EN BLANCO,59
ANTIOQUIA,BURITICA,VOTOS NULOS,48
ANTIOQUIA,CACERES,DE LA CALLE LOMBANA HUMBERTO,160
ANTIOQUIA,CACERES,DUQUE MARQUEZ IVAN,2144
ANTIOQUIA,CACERES,FAJARDO VALDERRAMA SERGIO,813
ANTIOQUIA,CACERES,MORALES HOYOS VIVIANE ALEIDA,24
ANTIOQUIA,CACERES,PETRO URREGO GUSTAVO FRANCISCO,1657
ANTIOQUIA,CACERES,PROMOTORES VOTO EN BLANCO,10
ANTIOQUIA,CACERES,TARJETAS NO MARCADAS,38
ANTIOQUIA,CACERES,TRUJILLO SARMIENTO JORGE ANTONIO,34
ANTIOQUIA,CACERES,VARGAS LLERAS GERMAN,444
ANTIOQUIA,CACERES,VOTOS EN BLANCO,107
ANTIOQUIA,CACERES,VOTOS NULOS,85
ANTIOQUIA,CAICEDO,DE LA CALLE LOMBANA HUMBERTO,72
ANTIOQUIA,CAICEDO,DUQUE MARQUEZ IVAN,1806
ANTIOQUIA,CAICEDO,FAJARDO VALDERRAMA SERGIO,432
ANTIOQUIA,CAICEDO,MORALES HOYOS VIVIANE ALEIDA,8
ANTIOQUIA,CAICEDO,PETRO URREGO GUSTAVO FRANCISCO,138
ANTIOQUIA,CAICEDO,PROMOTORES VOTO EN BLANCO,8
ANTIOQUIA,CAICEDO,TARJETAS NO MARCADAS,24
ANTIOQUIA,CAICEDO,TRUJILLO SARMIENTO JORGE ANTONIO,8
ANTIOQUIA,CAICEDO,VARGAS LLERAS GERMAN,108
ANTIOQUIA,CAICEDO,VOTOS EN BLANCO,73
ANTIOQUIA,CAICEDO,VOTOS NULOS,30
ANTIOQUIA,CALDAS,DE LA CALLE LOMBANA HUMBERTO,886
ANTIOQUIA,CALDAS,DUQUE MARQUEZ IVAN,15773
ANTIOQUIA,CALDAS,FAJARDO VALDERRAMA SERGIO,15928
ANTIOQUIA,CALDAS,MORALES HOYOS VIVIANE ALEIDA,54
ANTIOQUIA,CALDAS,PETRO URREGO GUSTAVO FRANCISCO,2366
ANTIOQUIA,CALDAS,PROMOTORES VOTO EN BLANCO,73
ANTIOQUIA,CALDAS,TARJETAS NO MARCADAS,77
ANTIOQUIA,CALDAS,TRUJILLO SARMIENTO JORGE ANTONIO,206
ANTIOQUIA,CALDAS,VARGAS LLERAS GERMAN,1631
ANTIOQUIA,CALDAS,VOTOS EN BLANCO,999
ANTIOQUIA,CALDAS,VOTOS NULOS,679
ANTIOQUIA,CAMPAMENTO,DE LA CALLE LOMBANA HUMBERTO,43
ANTIOQUIA,CAMPAMENTO,DUQUE MARQUEZ IVAN,908
ANTIOQUIA,CAMPAMENTO,FAJARDO VALDERRAMA SERGIO,322
ANTIOQUIA,CAMPAMENTO,MORALES HOYOS VIVIANE ALEIDA,4
ANTIOQUIA,CAMPAMENTO,PETRO URREGO GUSTAVO FRANCISCO,107
ANTIOQUIA,CAMPAMENTO,PROMOTORES VOTO EN BLANCO,4
ANTIOQUIA,CAMPAMENTO,TARJETAS NO MARCADAS,22
ANTIOQUIA,CAMPAMENTO,TRUJILLO SARMIENTO JORGE ANTONIO,10
ANTIOQUIA,CAMPAMENTO,VARGAS LLERAS GERMAN,305
ANTIOQUIA,CAMPAMENTO,VOTOS EN BLANCO,52
ANTIOQUIA,CAMPAMENTO,VOTOS NULOS,28
ANTIOQUIA,CANASGORDAS,DE LA CALLE LOMBANA HUMBERTO,71
ANTIOQUIA,CANASGORDAS,DUQUE MARQUEZ IVAN,5244
ANTIOQUIA,CANASGORDAS,FAJARDO VALDERRAMA SERGIO,600
ANTIOQUIA,CANASGORDAS,MORALES HOYOS VIVIANE ALEIDA,13
ANTIOQUIA,CANASGORDAS,PETRO URREGO GUSTAVO FRANCISCO,228
ANTIOQUIA,CANASGORDAS,PROMOTORES VOTO EN BLANCO,15
ANTIOQUIA,CANASGORDAS,TARJETAS NO MARCADAS,53
ANTIOQUIA,CANASGORDAS,TRUJILLO SARMIENTO JORGE ANTONIO,6
ANTIOQUIA,CANASGORDAS,VARGAS LLERAS GERMAN,230
ANTIOQUIA,CANASGORDAS,VOTOS EN BLANCO,125
ANTIOQUIA,CANASGORDAS,VOTOS NULOS,86
ANTIOQUIA,CARACOLI,DE LA CALLE LOMBANA HUMBERTO,72
ANTIOQUIA,CARACOLI,DUQUE MARQUEZ IVAN,999
ANTIOQUIA,CARACOLI,FAJARDO VALDERRAMA SERGIO,257
ANTIOQUIA,CARACOLI,MORALES HOYOS VIVIANE ALEIDA,5
ANTIOQUIA,CARACOLI,PETRO URREGO GUSTAVO FRANCISCO,176
ANTIOQUIA,CARACOLI,PROMOTORES VOTO EN BLANCO,3
ANTIOQUIA,CARACOLI,TARJETAS NO MARCADAS,15
ANTIOQUIA,CARACOLI,TRUJILLO SARMIENTO JORGE ANTONIO,2
ANTIOQUIA,CARACOLI,VARGAS LLERAS GERMAN,77
ANTIOQUIA,CARACOLI,VOTOS EN BLANCO,58
ANTIOQUIA,CARACOLI,VOTOS NULOS,16
ANTIOQUIA,CARAMANTA,DE LA CALLE LOMBANA HUMBERTO,33
ANTIOQUIA,CARAMANTA,DUQUE MARQUEZ IVAN,1281
ANTIOQUIA,CARAMANTA,FAJARDO VALDERRAMA SERGIO,964
ANTIOQUIA,CARAMANTA,MORALES HOYOS VIVIANE ALEIDA,2
ANTIOQUIA,CARAMANTA,PETRO URREGO GUSTAVO FRANCISCO,75
ANTIOQUIA,CARAMANTA,PROMOTORES VOTO EN BLANCO,3
ANTIOQUIA,CARAMANTA,TARJETAS NO MARCADAS,15
ANTIOQUIA,CARAMANTA,TRUJILLO SARMIENTO JORGE ANTONIO,2
ANTIOQUIA,CARAMANTA,VARGAS LLERAS GERMAN,35
ANTIOQUIA,CARAMANTA,VOTOS EN BLANCO,33
ANTIOQUIA,CARAMANTA,VOTOS NULOS,29
ANTIOQUIA,CAREPA,DE LA CALLE LOMBANA HUMBERTO,243
ANTIOQUIA,CAREPA,DUQUE MARQUEZ IVAN,6952
ANTIOQUIA,CAREPA,FAJARDO VALDERRAMA SERGIO,2867
ANTIOQUIA,CAREPA,MORALES HOYOS VIVIANE ALEIDA,57
ANTIOQUIA,CAREPA,PETRO URREGO GUSTAVO FRANCISCO,6414
ANTIOQUIA,CAREPA,PROMOTORES VOTO EN BLANCO,42
ANTIOQUIA,CAREPA,TARJETAS NO MARCADAS,95
ANTIOQUIA,CAREPA,TRUJILLO SARMIENTO JORGE ANTONIO,57
ANTIOQUIA,CAREPA,VARGAS LLERAS GERMAN,824
ANTIOQUIA,CAREPA,VOTOS EN BLANCO,468
ANTIOQUIA,CAREPA,VOTOS NULOS,287
ANTIOQUIA,CAROLINA,DE LA CALLE LOMBANA HUMBERTO,41
ANTIOQUIA,CAROLINA,DUQUE MARQUEZ IVAN,1089
ANTIOQUIA,CAROLINA,FAJARDO VALDERRAMA SERGIO,389
ANTIOQUIA,CAROLINA,MORALES HOYOS VIVIANE ALEIDA,6
ANTIOQUIA,CAROLINA,PETRO URREGO GUSTAVO FRANCISCO,113
ANTIOQUIA,CAROLINA,PROMOTORES VOTO EN BLANCO,9
ANTIOQUIA,CAROLINA,TARJETAS NO MARCADAS,9
ANTIOQUIA,CAROLINA,TRUJILLO SARMIENTO JORGE ANTONIO,6
ANTIOQUIA,CAROLINA,VARGAS LLERAS GERMAN,118
ANTIOQUIA,CAROLINA,VOTOS EN BLANCO,51
ANTIOQUIA,CAROLINA,VOTOS NULOS,39
ANTIOQUIA,CAUCASIA,DE LA CALLE LOMBANA HUMBERTO,513
ANTIOQUIA,CAUCASIA,DUQUE MARQUEZ IVAN,13059
ANTIOQUIA,CAUCASIA,FAJARDO VALDERRAMA SERGIO,4815
ANTIOQUIA,CAUCASIA,MORALES HOYOS VIVIANE ALEIDA,115
ANTIOQUIA,CAUCASIA,PETRO URREGO GUSTAVO FRANCISCO,9078
ANTIOQUIA,CAUCASIA,PROMOTORES VOTO EN BLANCO,183
ANTIOQUIA,CAUCASIA,TARJETAS NO MARCADAS,146
ANTIOQUIA,CAUCASIA,TRUJILLO SARMIENTO JORGE ANTONIO,201
ANTIOQUIA,CAUCASIA,VARGAS LLERAS GERMAN,1978
ANTIOQUIA,CAUCASIA,VOTOS EN BLANCO,774
ANTIOQUIA,CAUCASIA,VOTOS NULOS,656
ANTIOQUIA,CHIGORODO,DE LA CALLE LOMBANA HUMBERTO,296
ANTIOQUIA,CHIGORODO,DUQUE MARQUEZ IVAN,7074
ANTIOQUIA,CHIGORODO,FAJARDO VALDERRAMA SERGIO,2880
ANTIOQUIA,CHIGORODO,MORALES HOYOS VIVIANE ALEIDA,49
ANTIOQUIA,CHIGORODO,PETRO URREGO GUSTAVO FRANCISCO,6726
ANTIOQUIA,CHIGORODO,PROMOTORES VOTO EN BLANCO,49
ANTIOQUIA,CHIGORODO,TARJETAS NO MARCADAS,108
ANTIOQUIA,CHIGORODO,TRUJILLO SARMIENTO JORGE ANTONIO,88
ANTIOQUIA,CHIGORODO,VARGAS LLERAS GERMAN,1491
ANTIOQUIA,CHIGORODO,VOTOS EN BLANCO,570
ANTIOQUIA,CHIGORODO,VOTOS NULOS,383
ANTIOQUIA,CISNEROS,DE LA CALLE LOMBANA HUMBERTO,321
ANTIOQUIA,CISNEROS,DUQUE MARQUEZ IVAN,2663
ANTIOQUIA,CISNEROS,FAJARDO VALDERRAMA SERGIO,1172
ANTIOQUIA,CISNEROS,MORALES HOYOS VIVIANE ALEIDA,8
ANTIOQUIA,CISNEROS,PETRO URREGO GUSTAVO FRANCISCO,247
ANTIOQUIA,CISNEROS,PROMOTORES VOTO EN BLANCO,18
ANTIOQUIA,CISNEROS,TARJETAS NO MARCADAS,39
ANTIOQUIA,CISNEROS,TRUJILLO SARMIENTO JORGE ANTONIO,27
ANTIOQUIA,CISNEROS,VARGAS LLERAS GERMAN,189
ANTIOQUIA,CISNEROS,VOTOS EN BLANCO,161
ANTIOQUIA,CISNEROS,VOTOS NULOS,88
ANTIOQUIA,CIUDAD BOLIVAR,DE LA CALLE LOMBANA HUMBERTO,190
ANTIOQUIA,CIUDAD BOLIVAR,DUQUE MARQUEZ IVAN,7746
ANTIOQUIA,CIUDAD BOLIVAR,FAJARDO VALDERRAMA SERGIO,1369
ANTIOQUIA,CIUDAD BOLIVAR,MORALES HOYOS VIVIANE ALEIDA,27
ANTIOQUIA,CIUDAD BOLIVAR,PETRO URREGO GUSTAVO FRANCISCO,515
ANTIOQUIA,CIUDAD BOLIVAR,PROMOTORES VOTO EN BLANCO,163
ANTIOQUIA,CIUDAD BOLIVAR,TARJETAS NO MARCADAS,61
ANTIOQUIA,CIUDAD BOLIVAR,TRUJILLO SARMIENTO JORGE ANTONIO,8
ANTIOQUIA,CIUDAD BOLIVAR,VARGAS LLERAS GERMAN,353
ANTIOQUIA,CIUDAD BOLIVAR,VOTOS EN BLANCO,213
ANTIOQUIA,CIUDAD BOLIVAR,VOTOS NULOS,103
ANTIOQUIA,COCORNA,DE LA CALLE LOMBANA HUMBERTO,70
ANTIOQUIA,COCORNA,DUQUE MARQUEZ IVAN,6166
ANTIOQUIA,COCORNA,FAJARDO VALDERRAMA SERGIO,621
ANTIOQUIA,COCORNA,MORALES HOYOS VIVIANE ALEIDA,14
ANTIOQUIA,COCORNA,PETRO URREGO GUSTAVO FRANCISCO,265
ANTIOQUIA,COCORNA,PROMOTORES VOTO EN BLANCO,19
ANTIOQUIA,COCORNA,TARJETAS NO MARCADAS,58
ANTIOQUIA,COCORNA,TRUJILLO SARMIENTO JORGE ANTONIO,10
ANTIOQUIA,COCORNA,VARGAS LLERAS GERMAN,168
ANTIOQUIA,COCORNA,VOTOS EN BLANCO,55
ANTIOQUIA,COCORNA,VOTOS NULOS,71
ANTIOQUIA,CONCEPCION,DE LA CALLE LOMBANA HUMBERTO,140
ANTIOQUIA,CONCEPCION,DUQUE MARQUEZ IVAN,1573
ANTIOQUIA,CONCEPCION,FAJARDO VALDERRAMA SERGIO,271
ANTIOQUIA,CONCEPCION,MORALES HOYOS VIVIANE ALEIDA,4
ANTIOQUIA,CONCEPCION,PETRO URREGO GUSTAVO FRANCISCO,43
ANTIOQUIA,CONCEPCION,PROMOTORES VOTO EN BLANCO,3
ANTIOQUIA,CONCEPCION,TARJETAS NO MARCADAS,15
ANTIOQUIA,CONCEPCION,TRUJILLO SARMIENTO JORGE ANTONIO,7
ANTIOQUIA,CONCEPCION,VARGAS LLERAS GERMAN,48
ANTIOQUIA,CONCEPCION,VOTOS EN BLANCO,40
ANTIOQUIA,CONCEPCION,VOTOS NULOS,16
ANTIOQUIA,CONCORDIA,DE LA CALLE LOMBANA HUMBERTO,95
ANTIOQUIA,CONCORDIA,DUQUE MARQUEZ IVAN,4691
ANTIOQUIA,CONCORDIA,FAJARDO VALDERRAMA SERGIO,593
ANTIOQUIA,CONCORDIA,MORALES HOYOS VIVIANE ALEIDA,17
ANTIOQUIA,CONCORDIA,PETRO URREGO GUSTAVO FRANCISCO,148
ANTIOQUIA,CONCORDIA,PROMOTORES VOTO EN BLANCO,20
ANTIOQUIA,CONCORDIA,TARJETAS NO MARCADAS,60
ANTIOQUIA,CONCORDIA,TRUJILLO SARMIENTO JORGE ANTONIO,12
ANTIOQUIA,CONCORDIA,VARGAS LLERAS GERMAN,276
ANTIOQUIA,CONCORDIA,VOTOS EN BLANCO,121
ANTIOQUIA,CONCORDIA,VOTOS NULOS,67
ANTIOQUIA,COPACABANA,DE LA CALLE LOMBANA HUMBERTO,866
ANTIOQUIA,COPACABANA,DUQUE MARQUEZ IVAN,16295
ANTIOQUIA,COPACABANA,FAJARDO VALDERRAMA SERGIO,13797
ANTIOQUIA,COPACABANA,MORALES HOYOS VIVIANE ALEIDA,96
ANTIOQUIA,COPACABANA,PETRO URREGO GUSTAVO FRANCISCO,3319
ANTIOQUIA,COPACABANA,PROMOTORES VOTO EN BLANCO,66
ANTIOQUIA,COPACABANA,TARJETAS NO MARCADAS,71
ANTIOQUIA,COPACABANA,TRUJILLO SARMIENTO JORGE ANTONIO,118
ANTIOQUIA,COPACABANA,VARGAS LLERAS GERMAN,1627
ANTIOQUIA,COPACABANA,VOTOS EN BLANCO,963
ANTIOQUIA,COPACABANA,VOTOS NULOS,535
ANTIOQUIA,DABEIBA,DE LA CALLE LOMBANA HUMBERTO,529
ANTIOQUIA,DABEIBA,DUQUE MARQUEZ IVAN,3004
ANTIOQUIA,DABEIBA,FAJARDO VALDERRAMA SERGIO,782
ANTIOQUIA,DABEIBA,MORALES HOYOS VIVIANE ALEIDA,18
ANTIOQUIA,DABEIBA,PETRO URREGO GUSTAVO FRANCISCO,639
ANTIOQUIA,DABEIBA,PROMOTORES VOTO EN BLANCO,15
ANTIOQUIA,DABEIBA,TARJETAS NO MARCADAS,58
ANTIOQUIA,DABEIBA,TRUJILLO SARMIENTO JORGE ANTONIO,16
ANTIOQUIA,DABEIBA,VARGAS LLERAS GERMAN,608
ANTIOQUIA,DABEIBA,VOTOS EN BLANCO,114
ANTIOQUIA,DABEIBA,VOTOS NULOS,100
ANTIOQUIA,DONMATIAS,DE LA CALLE LOMBANA HUMBERTO,128
ANTIOQUIA,DONMATIAS,DUQUE MARQUEZ IVAN,6028
ANTIOQUIA,DONMATIAS,FAJARDO VALDERRAMA SERGIO,1997
ANTIOQUIA,DONMATIAS,MORALES HOYOS VIVIANE ALEIDA,9
ANTIOQUIA,DONMATIAS,PETRO URREGO GUSTAVO FRANCISCO,291
ANTIOQUIA,DONMATIAS,PROMOTORES VOTO EN BLANCO,16
ANTIOQUIA,DONMATIAS,TARJETAS NO MARCADAS,44
ANTIOQUIA,DONMATIAS,TRUJILLO SARMIENTO JORGE ANTONIO,7
ANTIOQUIA,DONMATIAS,VARGAS LLERAS GERMAN,145
ANTIOQUIA,DONMATIAS,VOTOS EN BLANCO,169
ANTIOQUIA,DONMATIAS,VOTOS NULOS,131
ANTIOQUIA,EBEJICO,DE LA CALLE LOMBANA HUMBERTO,258
ANTIOQUIA,EBEJICO,DUQUE MARQUEZ IVAN,3395
ANTIOQUIA,EBEJICO,FAJARDO VALDERRAMA SERGIO,611
ANTIOQUIA,EBEJICO,MORALES HOYOS VIVIANE ALEIDA,13
ANTIOQUIA,EBEJICO,PETRO URREGO GUSTAVO FRANCISCO,182
ANTIOQUIA,EBEJICO,PROMOTORES VOTO EN BLANCO,4
ANTIOQUIA,EBEJICO,TARJETAS NO MARCADAS,36
ANTIOQUIA,EBEJICO,TRUJILLO SARMIENTO JORGE ANTONIO,7
ANTIOQUIA,EBEJICO,VARGAS LLERAS GERMAN,136
ANTIOQUIA,EBEJICO,VOTOS EN BLANCO,88
ANTIOQUIA,EBEJICO,VOTOS NULOS,66
ANTIOQUIA,EL BAGRE,DE LA CALLE LOMBANA HUMBERTO,168
ANTIOQUIA,EL BAGRE,DUQUE MARQUEZ IVAN,5749
ANTIOQUIA,EL BAGRE,FAJARDO VALDERRAMA SERGIO,2250
ANTIOQUIA,EL BAGRE,MORALES HOYOS VIVIANE ALEIDA,31
ANTIOQUIA,EL BAGRE,PETRO URREGO GUSTAVO FRANCISCO,2640
ANTIOQUIA,EL BAGRE,PROMOTORES VOTO EN BLANCO,23
ANTIOQUIA,EL BAGRE,TARJETAS NO MARCADAS,62
ANTIOQUIA,EL BAGRE,TRUJILLO SARMIENTO JORGE ANTONIO,71
ANTIOQUIA,EL BAGRE,VARGAS LLERAS GERMAN,296
ANTIOQUIA,EL BAGRE,VOTOS EN BLANCO,246
ANTIOQUIA,EL BAGRE,VOTOS NULOS,181
ANTIOQUIA,EL CARMEN DE VIBORAL,DE LA CALLE LOMBANA HUMBERTO,470
ANTIOQUIA,EL CARMEN DE VIBORAL,DUQUE MARQUEZ IVAN,12227
ANTIOQUIA,EL CARMEN DE VIBORAL,FAJARDO VALDERRAMA SERGIO,8120
ANTIOQUIA,EL CARMEN DE VIBORAL,MORALES HOYOS VIVIANE ALEIDA,55
ANTIOQUIA,EL CARMEN DE VIBORAL,PETRO URREGO GUSTAVO FRANCISCO,2125
ANTIOQUIA,EL CARMEN DE VIBORAL,PROMOTORES VOTO EN BLANCO,38
ANTIOQUIA,EL CARMEN DE VIBORAL,TARJETAS NO MARCADAS,118
ANTIOQUIA,EL CARMEN DE VIBORAL,TRUJILLO SARMIENTO JORGE ANTONIO,37
ANTIOQUIA,EL CARMEN DE VIBORAL,VARGAS LLERAS GERMAN,539
ANTIOQUIA,EL CARMEN DE VIBORAL,VOTOS EN BLANCO,512
ANTIOQUIA,EL CARMEN DE VIBORAL,VOTOS NULOS,358
ANTIOQUIA,EL SANTUARIO,DE LA CALLE LOMBANA HUMBERTO,257
ANTIOQUIA,EL SANTUARIO,DUQUE MARQUEZ IVAN,13655
ANTIOQUIA,EL SANTUARIO,FAJARDO VALDERRAMA SERGIO,2449
ANTIOQUIA,EL SANTUARIO,MORALES HOYOS VIVIANE ALEIDA,29
ANTIOQUIA,EL SANTUARIO,PETRO URREGO GUSTAVO FRANCISCO,755
ANTIOQUIA,EL SANTUARIO,PROMOTORES VOTO EN BLANCO,18
ANTIOQUIA,EL SANTUARIO,TARJETAS NO MARCADAS,82
ANTIOQUIA,EL SANTUARIO,TRUJILLO SARMIENTO JORGE ANTONIO,28
ANTIOQUIA,EL SANTUARIO,VARGAS LLERAS GERMAN,596
ANTIOQUIA,EL SANTUARIO,VOTOS EN BLANCO,245
ANTIOQUIA,EL SANTUARIO,VOTOS NULOS,139
ANTIOQUIA,ENTRERRIOS,DE LA CALLE LOMBANA HUMBERTO,103
ANTIOQUIA,ENTRERRIOS,DUQUE MARQUEZ IVAN,2642
ANTIOQUIA,ENTRERRIOS,FAJARDO VALDERRAMA SERGIO,1436
ANTIOQUIA,ENTRERRIOS,MORALES HOYOS VIVIANE ALEIDA,4
ANTIOQUIA,ENTRERRIOS,PETRO URREGO GUSTAVO FRANCISCO,138
ANTIOQUIA,ENTRERRIOS,PROMOTORES VOTO EN BLANCO,9
ANTIOQUIA,ENTRERRIOS,TARJETAS NO MARCADAS,18
ANTIOQUIA,ENTRERRIOS,TRUJILLO SARMIENTO JORGE ANTONIO,3
ANTIOQUIA,ENTRERRIOS,VARGAS LLERAS GERMAN,99
ANTIOQUIA,ENTRERRIOS,VOTOS EN BLANCO,98
ANTIOQUIA,ENTRERRIOS,VOTOS NULOS,39
ANTIOQUIA,ENVIGADO,DE LA CALLE LOMBANA HUMBERTO,4271
ANTIOQUIA,ENVIGADO,DUQUE MARQUEZ IVAN,85938
ANTIOQUIA,ENVIGADO,FAJARDO VALDERRAMA SERGIO,44674
ANTIOQUIA,ENVIGADO,MORALES HOYOS VIVIANE ALEIDA,153
ANTIOQUIA,ENVIGADO,PETRO URREGO GUSTAVO FRANCISCO,7841
ANTIOQUIA,ENVIGADO,PROMOTORES VOTO EN BLANCO,167
ANTIOQUIA,ENVIGADO,TARJETAS NO MARCADAS,133
ANTIOQUIA,ENVIGADO,TRUJILLO SARMIENTO JORGE ANTONIO,392
ANTIOQUIA,ENVIGADO,VARGAS LLERAS GERMAN,3924
ANTIOQUIA,ENVIGADO,VOTOS EN BLANCO,2666
ANTIOQUIA,ENVIGADO,VOTOS NULOS,1328
ANTIOQUIA,FREDONIA,DE LA CALLE LOMBANA HUMBERTO,169
ANTIOQUIA,FREDONIA,DUQUE MARQUEZ IVAN,4005
ANTIOQUIA,FREDONIA,FAJARDO VALDERRAMA SERGIO,1980
ANTIOQUIA,FREDONIA,MORALES HOYOS VIVIANE ALEIDA,21
ANTIOQUIA,FREDONIA,PETRO URREGO GUSTAVO FRANCISCO,427
ANTIOQUIA,FREDONIA,PROMOTORES VOTO EN BLANCO,15
ANTIOQUIA,FREDONIA,TARJETAS NO MARCADAS,40
ANTIOQUIA,FREDONIA,TRUJILLO SARMIENTO JORGE ANTONIO,43
ANTIOQUIA,FREDONIA,VARGAS LLERAS GERMAN,549
ANTIOQUIA,FREDONIA,VOTOS EN BLANCO,173
ANTIOQUIA,FREDONIA,VOTOS NULOS,90
ANTIOQUIA,FRONTINO,DE LA CALLE LOMBANA HUMBERTO,363
ANTIOQUIA,FRONTINO,DUQUE MARQUEZ IVAN,2823
ANTIOQUIA,FRONTINO,FAJARDO VALDERRAMA SERGIO,1113
ANTIOQUIA,FRONTINO,MORALES HOYOS VIVIANE ALEIDA,23
ANTIOQUIA,FRONTINO,PETRO URREGO GUSTAVO FRANCISCO,476
ANTIOQUIA,FRONTINO,PROMOTORES VOTO EN BLANCO,16
ANTIOQUIA,FRONTINO,TARJETAS NO MARCADAS,60
ANTIOQUIA,FRONTINO,TRUJILLO SARMIENTO JORGE ANTONIO,18
ANTIOQUIA,FRONTINO,VARGAS LLERAS GERMAN,246
ANTIOQUIA,FRONTINO,VOTOS EN BLANCO,141
ANTIOQUIA,FRONTINO,VOTOS NULOS,116
ANTIOQUIA,GIRALDO,DE LA CALLE LOMBANA HUMBERTO,71
ANTIOQUIA,GIRALDO,DUQUE MARQUEZ IVAN,1275
ANTIOQUIA,GIRALDO,FAJARDO VALDERRAMA SERGIO,544
ANTIOQUIA,GIRALDO,PETRO URREGO GUSTAVO FRANCISCO,183
ANTIOQUIA,GIRALDO,PROMOTORES VOTO EN BLANCO,1
ANTIOQUIA,GIRALDO,TARJETAS NO MARCADAS,10
ANTIOQUIA,GIRALDO,TRUJILLO SARMIENTO JORGE ANTONIO,9
ANTIOQUIA,GIRALDO,VARGAS LLERAS GERMAN,307
ANTIOQUIA,GIRALDO,VOTOS EN BLANCO,37
ANTIOQUIA,GIRALDO,VOTOS NULOS,32
ANTIOQUIA,GIRARDOTA,DE LA CALLE LOMBANA HUMBERTO,533
ANTIOQUIA,GIRARDOTA,DUQUE MARQUEZ IVAN,10252
ANTIOQUIA,GIRARDOTA,FAJARDO VALDERRAMA SERGIO,10791
ANTIOQUIA,GIRARDOTA,MORALES HOYOS VIVIANE ALEIDA,56
ANTIOQUIA,GIRARDOTA,PETRO URREGO GUSTAVO FRANCISCO,1995
ANTIOQUIA,GIRARDOTA,PROMOTORES VOTO EN BLANCO,53
ANTIOQUIA,GIRARDOTA,TARJETAS NO MARCADAS,70
ANTIOQUIA,GIRARDOTA,TRUJILLO SARMIENTO JORGE ANTONIO,64
ANTIOQUIA,GIRARDOTA,VARGAS LLERAS GERMAN,1350
ANTIOQUIA,GIRARDOTA,VOTOS EN BLANCO,717
ANTIOQUIA,GIRARDOTA,VOTOS NULOS,521
ANTIOQUIA,GOMEZ PLATA,DE LA CALLE LOMBANA HUMBERTO,56
ANTIOQUIA,GOMEZ PLATA,DUQUE MARQUEZ IVAN,2728
ANTIOQUIA,GOMEZ PLATA,FAJARDO VALDERRAMA SERGIO,534
ANTIOQUIA,GOMEZ PLATA,MORALES HOYOS VIVIANE ALEIDA,9
ANTIOQUIA,GOMEZ PLATA,PETRO URREGO GUSTAVO FRANCISCO,137
ANTIOQUIA,GOMEZ PLATA,PROMOTORES VOTO EN BLANCO,11
ANTIOQUIA,GOMEZ PLATA,TARJETAS NO MARCADAS,26
ANTIOQUIA,GOMEZ PLATA,TRUJILLO SARMIENTO JORGE ANTONIO,19
ANTIOQUIA,GOMEZ PLATA,VARGAS LLERAS GERMAN,199
ANTIOQUIA,GOMEZ PLATA,VOTOS EN BLANCO,98
ANTIOQUIA,GOMEZ PLATA,VOTOS NULOS,80
ANTIOQUIA,GRANADA,DE LA CALLE LOMBANA HUMBERTO,59
ANTIOQUIA,GRANADA,DUQUE MARQUEZ IVAN,4023
ANTIOQUIA,GRANADA,FAJARDO VALDERRAMA SERGIO,560
ANTIOQUIA,GRANADA,MORALES HOYOS VIVIANE ALEIDA,14
ANTIOQUIA,GRANADA,PETRO URREGO GUSTAVO FRANCISCO,192
ANTIOQUIA,GRANADA,PROMOTORES VOTO EN BLANCO,13
ANTIOQUIA,GRANADA,TARJETAS NO MARCADAS,59
ANTIOQUIA,GRANADA,TRUJILLO SARMIENTO JORGE ANTONIO,17
ANTIOQUIA,GRANADA,VARGAS LLERAS GERMAN,156
ANTIOQUIA,GRANADA,VOTOS EN BLANCO,102
ANTIOQUIA,GRANADA,VOTOS NULOS,52
ANTIOQUIA,GUADALUPE,DE LA CALLE LOMBANA HUMBERTO,56
ANTIOQUIA,GUADALUPE,DUQUE MARQUEZ IVAN,1051
ANTIOQUIA,GUADALUPE,FAJARDO VALDERRAMA SERGIO,330
ANTIOQUIA,GUADALUPE,MORALES HOYOS VIVIANE ALEIDA,9
ANTIOQUIA,GUADALUPE,PETRO URREGO GUSTAVO FRANCISCO,150
ANTIOQUIA,GUADALUPE,PROMOTORES VOTO EN BLANCO,6
ANTIOQUIA,GUADALUPE,TARJETAS NO MARCADAS,21
ANTIOQUIA,GUADALUPE,TRUJILLO SARMIENTO JORGE ANTONIO,5
ANTIOQUIA,GUADALUPE,VARGAS LLERAS GERMAN,270
ANTIOQUIA,GUADALUPE,VOTOS EN BLANCO,74
ANTIOQUIA,GUADALUPE,VOTOS NULOS,34
ANTIOQUIA,GUARNE,DE LA CALLE LOMBANA HUMBERTO,432
ANTIOQUIA,GUARNE,DUQUE MARQUEZ IVAN,13176
ANTIOQUIA,GUARNE,FAJARDO VALDERRAMA SERGIO,6415
ANTIOQUIA,GUARNE,MORALES HOYOS VIVIANE ALEIDA,59
ANTIOQUIA,GUARNE,PETRO URREGO GUSTAVO FRANCISCO,1507
ANTIOQUIA,GUARNE,PROMOTORES VOTO EN BLANCO,52
ANTIOQUIA,GUARNE,TARJETAS NO MARCADAS,75
ANTIOQUIA,GUARNE,TRUJILLO SARMIENTO JORGE ANTONIO,133
ANTIOQUIA,GUARNE,VARGAS LLERAS GERMAN,517
ANTIOQUIA,GUARNE,VOTOS EN BLANCO,488
ANTIOQUIA,GUARNE,VOTOS NULOS,324
ANTIOQUIA,GUATAPE,DE LA CALLE LOMBANA HUMBERTO,79
ANTIOQUIA,GUATAPE,DUQUE MARQUEZ IVAN,2694
ANTIOQUIA,GUATAPE,FAJARDO VALDERRAMA SERGIO,998
ANTIOQUIA,GUATAPE,MORALES HOYOS VIVIANE ALEIDA,6
ANTIOQUIA,GUATAPE,PETRO URREGO GUSTAVO FRANCISCO,301
ANTIOQUIA,GUATAPE,PROMOTORES VOTO EN BLANCO,8
ANTIOQUIA,GUATAPE,TARJETAS NO MARCADAS,31
ANTIOQUIA,GUATAPE,TRUJILLO SARMIENTO JORGE ANTONIO,5
ANTIOQUIA,GUATAPE,VARGAS LLERAS GERMAN,322
ANTIOQUIA,GUATAPE,VOTOS EN BLANCO,74
ANTIOQUIA,GUATAPE,VOTOS NULOS,53
ANTIOQUIA,HELICONIA,DE LA CALLE LOMBANA HUMBERTO,34
ANTIOQUIA,HELICONIA,DUQUE MARQUEZ IVAN,1434
ANTIOQUIA,HELICONIA,FAJARDO VALDERRAMA SERGIO,415
ANTIOQUIA,HELICONIA,MORALES HOYOS VIVIANE ALEIDA,4
ANTIOQUIA,HELICONIA,PETRO URREGO GUSTAVO FRANCISCO,117
ANTIOQUIA,HELICONIA,PROMOTORES VOTO EN BLANCO,4
ANTIOQUIA,HELICONIA,TARJETAS NO MARCADAS,22
ANTIOQUIA,HELICONIA,TRUJILLO SARMIENTO JORGE ANTONIO,9
ANTIOQUIA,HELICONIA,VARGAS LLERAS GERMAN,281
ANTIOQUIA,HELICONIA,VOTOS EN BLANCO,52
ANTIOQUIA,HELICONIA,VOTOS NULOS,47
ANTIOQUIA,HISPANIA,DE LA CALLE LOMBANA HUMBERTO,38
ANTIOQUIA,HISPANIA,DUQUE MARQUEZ IVAN,1317
ANTIOQUIA,HISPANIA,FAJARDO VALDERRAMA SERGIO,510
ANTIOQUIA,HISPANIA,MORALES HOYOS VIVIANE ALEIDA,9
ANTIOQUIA,HISPANIA,PETRO URREGO GUSTAVO FRANCISCO,117
ANTIOQUIA,HISPANIA,PROMOTORES VOTO EN BLANCO,11
ANTIOQUIA,HISPANIA,TARJETAS NO MARCADAS,15
ANTIOQUIA,HISPANIA,TRUJILLO SARMIENTO JORGE ANTONIO,6
ANTIOQUIA,HISPANIA,VARGAS LLERAS GERMAN,127
ANTIOQUIA,HISPANIA,VOTOS EN BLANCO,33
ANTIOQUIA,HISPANIA,VOTOS NULOS,16
ANTIOQUIA,ITAGUI,DE LA CALLE LOMBANA HUMBERTO,2858
ANTIOQUIA,ITAGUI,DUQUE MARQUEZ IVAN,69003
ANTIOQUIA,ITAGUI,FAJARDO VALDERRAMA SERGIO,50818
ANTIOQUIA,ITAGUI,MORALES HOYOS VIVIANE ALEIDA,145
ANTIOQUIA,ITAGUI,PETRO URREGO GUSTAVO FRANCISCO,9593
ANTIOQUIA,ITAGUI,PROMOTORES VOTO EN BLANCO,236
ANTIOQUIA,ITAGUI,TARJETAS NO MARCADAS,214
ANTIOQUIA,ITAGUI,TRUJILLO SARMIENTO JORGE ANTONIO,278
ANTIOQUIA,ITAGUI,VARGAS LLERAS GERMAN,6276
ANTIOQUIA,ITAGUI,VOTOS EN BLANCO,3199
ANTIOQUIA,ITAGUI,VOTOS NULOS,1793
ANTIOQUIA,ITUANGO,DE LA CALLE LOMBANA HUMBERTO,232
ANTIOQUIA,ITUANGO,DUQUE MARQUEZ IVAN,1663
ANTIOQUIA,ITUANGO,FAJARDO VALDERRAMA SERGIO,1531
ANTIOQUIA,ITUANGO,MORALES HOYOS VIVIANE ALEIDA,27
ANTIOQUIA,ITUANGO,PETRO URREGO GUSTAVO FRANCISCO,457
ANTIOQUIA,ITUANGO,PROMOTORES VOTO EN BLANCO,28
ANTIOQUIA,ITUANGO,TARJETAS NO MARCADAS,128
ANTIOQUIA,ITUANGO,TRUJILLO SARMIENTO JORGE ANTONIO,23
ANTIOQUIA,ITUANGO,VARGAS LLERAS GERMAN,106
ANTIOQUIA,ITUANGO,VOTOS EN BLANCO,170
ANTIOQUIA,ITUANGO,VOTOS NULOS,127
ANTIOQUIA,JARDIN,DE LA CALLE LOMBANA HUMBERTO,83
ANTIOQUIA,JARDIN,DUQUE MARQUEZ IVAN,4217
ANTIOQUIA,JARDIN,FAJARDO VALDERRAMA SERGIO,1652
ANTIOQUIA,JARDIN,MORALES HOYOS VIVIANE ALEIDA,10
ANTIOQUIA,JARDIN,PETRO URREGO GUSTAVO FRANCISCO,718
ANTIOQUIA,JARDIN,PROMOTORES VOTO EN BLANCO,6
ANTIOQUIA,JARDIN,TARJETAS NO MARCADAS,19
ANTIOQUIA,JARDIN,TRUJILLO SARMIENTO JORGE ANTONIO,10
ANTIOQUIA,JARDIN,VARGAS LLERAS GERMAN,165
ANTIOQUIA,JARDIN,VOTOS EN BLANCO,143
ANTIOQUIA,JARDIN,VOTOS NULOS,47
ANTIOQUIA,JERICO,DE LA CALLE LOMBANA HUMBERTO,181
ANTIOQUIA,JERICO,DUQUE MARQUEZ IVAN,3834
ANTIOQUIA,JERICO,FAJARDO VALDERRAMA SERGIO,880
ANTIOQUIA,JERICO,MORALES HOYOS VIVIANE ALEIDA,9
ANTIOQUIA,JERICO,PETRO URREGO GUSTAVO FRANCISCO,174
ANTIOQUIA,JERICO,PROMOTORES VOTO EN BLANCO,6
ANTIOQUIA,JERICO,TARJETAS NO MARCADAS,11
ANTIOQUIA,JERICO,TRUJILLO SARMIENTO JORGE ANTONIO,12
ANTIOQUIA,JERICO,VARGAS LLERAS GERMAN,301
ANTIOQUIA,JERICO,VOTOS EN BLANCO,119
ANTIOQUIA,JERICO,VOTOS NULOS,74
ANTIOQUIA,LA CEJA,DE LA CALLE LOMBANA HUMBERTO,558
ANTIOQUIA,LA CEJA,DUQUE MARQUEZ IVAN,17579
ANTIOQUIA,LA CEJA,FAJARDO VALDERRAMA SERGIO,11350
ANTIOQUIA,LA CEJA,MORALES HOYOS VIVIANE ALEIDA,49
ANTIOQUIA,LA CEJA,PETRO URREGO GUSTAVO FRANCISCO,1490
ANTIOQUIA,LA CEJA,PROMOTORES VOTO EN BLANCO,51
ANTIOQUIA,LA CEJA,TARJETAS NO MARCADAS,103
ANTIOQUIA,LA CEJA,TRUJILLO SARMIENTO JORGE ANTONIO,53
ANTIOQUIA,LA CEJA,VARGAS LLERAS GERMAN,731
ANTIOQUIA,LA CEJA,VOTOS EN BLANCO,669
ANTIOQUIA,LA CEJA,VOTOS NULOS,513
ANTIOQUIA,LA ESTRELLA,DE LA CALLE LOMBANA HUMBERTO,778
ANTIOQUIA,LA ESTRELLA,DUQUE MARQUEZ IVAN,15270
ANTIOQUIA,LA ESTRELLA,FAJARDO VALDERRAMA SERGIO,12424
ANTIOQUIA,LA ESTRELLA,MORALES HOYOS VIVIANE ALEIDA,32
ANTIOQUIA,LA ESTRELLA,PETRO URREGO GUSTAVO FRANCISCO,2214
ANTIOQUIA,LA ESTRELLA,PROMOTORES VOTO EN BLANCO,89
ANTIOQUIA,LA ESTRELLA,TARJETAS NO MARCADAS,55
ANTIOQUIA,LA ESTRELLA,TRUJILLO SARMIENTO JORGE ANTONIO,46
ANTIOQUIA,LA ESTRELLA,VARGAS LLERAS GERMAN,1173
ANTIOQUIA,LA ESTRELLA,VOTOS EN BLANCO,729
ANTIOQUIA,LA ESTRELLA,VOTOS NULOS,432
ANTIOQUIA,LA PINTADA,DE LA CALLE LOMBANA HUMBERTO,67
ANTIOQUIA,LA PINTADA,DUQUE MARQUEZ IVAN,2245
ANTIOQUIA,LA PINTADA,FAJARDO VALDERRAMA SERGIO,551
ANTIOQUIA,LA PINTADA,MORALES HOYOS VIVIANE ALEIDA,7
ANTIOQUIA,LA PINTADA,PETRO URREGO GUSTAVO FRANCISCO,199
ANTIOQUIA,LA PINTADA,PROMOTORES VOTO EN BLANCO,13
ANTIOQUIA,LA PINTADA,TARJETAS NO MARCADAS,21
ANTIOQUIA,LA PINTADA,TRUJILLO SARMIENTO JORGE ANTONIO,4
ANTIOQUIA,LA PINTADA,VARGAS LLERAS GERMAN,221
ANTIOQUIA,LA PINTADA,VOTOS EN BLANCO,69
ANTIOQUIA,LA PINTADA,VOTOS NULOS,54
ANTIOQUIA,LA UNION,DE LA CALLE LOMBANA HUMBERTO,167
ANTIOQUIA,LA UNION,DUQUE MARQUEZ IVAN,6167
ANTIOQUIA,LA UNION,FAJARDO VALDERRAMA SERGIO,3650
ANTIOQUIA,LA UNION,MORALES HOYOS VIVIANE ALEIDA,21
ANTIOQUIA,LA UNION,PETRO URREGO GUSTAVO FRANCISCO,488
ANTIOQUIA,LA UNION,PROMOTORES VOTO EN BLANCO,18
ANTIOQUIA,LA UNION,TARJETAS NO MARCADAS,41
ANTIOQUIA,LA UNION,TRUJILLO SARMIENTO JORGE ANTONIO,24
ANTIOQUIA,LA UNION,VARGAS LLERAS GERMAN,403
ANTIOQUIA,LA UNION,VOTOS EN BLANCO,133
ANTIOQUIA,LA UNION,VOTOS NULOS,122
ANTIOQUIA,LIBORINA,DE LA CALLE LOMBANA HUMBERTO,49
ANTIOQUIA,LIBORINA,DUQUE MARQUEZ IVAN,2984
ANTIOQUIA,LIBORINA,FAJARDO VALDERRAMA SERGIO,746
ANTIOQUIA,LIBORINA,MORALES HOYOS VIVIANE ALEIDA,9
ANTIOQUIA,LIBORINA,PETRO URREGO GUSTAVO FRANCISCO,169
ANTIOQUIA,LIBORINA,PROMOTORES VOTO EN BLANCO,4
ANTIOQUIA,LIBORINA,TARJETAS NO MARCADAS,26
ANTIOQUIA,LIBORINA,TRUJILLO SARMIENTO JORGE ANTONIO,3
ANTIOQUIA,LIBORINA,VARGAS LLERAS GERMAN,218
ANTIOQUIA,LIBORINA,VOTOS EN BLANCO,67
ANTIOQUIA,LIBORINA,VOTOS NULOS,50
ANTIOQUIA,MACEO,DE LA CALLE LOMBANA HUMBERTO,57
ANTIOQUIA,MACEO,DUQUE MARQUEZ IVAN,2279
ANTIOQUIA,MACEO,FAJARDO VALDERRAMA SERGIO,548
ANTIOQUIA,MACEO,MORALES HOYOS VIVIANE ALEIDA,10
ANTIOQUIA,MACEO,PETRO URREGO GUSTAVO FRANCISCO,212
ANTIOQUIA,MACEO,PROMOTORES VOTO EN BLANCO,5
ANTIOQUIA,MACEO,TARJETAS NO MARCADAS,22
ANTIOQUIA,MACEO,TRUJILLO SARMIENTO JORGE ANTONIO,7
ANTIOQUIA,MACEO,VARGAS LLERAS GERMAN,325
ANTIOQUIA,MACEO,VOTOS EN BLANCO,48
ANTIOQUIA,MACEO,VOTOS NULOS,36
ANTIOQUIA,MARINILLA,DE LA CALLE LOMBANA HUMBERTO,405
ANTIOQUIA,MARINILLA,DUQUE MARQUEZ IVAN,15824
ANTIOQUIA,MARINILLA,FAJARDO VALDERRAMA SERGIO,7471
ANTIOQUIA,MARINILLA,MORALES HOYOS VIVIANE ALEIDA,52
ANTIOQUIA,MARINILLA,PETRO URREGO GUSTAVO FRANCISCO,1890
ANTIOQUIA,MARINILLA,PROMOTORES VOTO EN BLANCO,38
ANTIOQUIA,MARINILLA,TARJETAS NO MARCADAS,89
ANTIOQUIA,MARINILLA,TRUJILLO SARMIENTO JORGE ANTONIO,32
ANTIOQUIA,MARINILLA,VARGAS LLERAS GERMAN,748
ANTIOQUIA,MARINILLA,VOTOS EN BLANCO,390
ANTIOQUIA,MARINILLA,VOTOS NULOS,269
ANTIOQUIA,MEDELLIN,DE LA CALLE LOMBANA HUMBERTO,25896
ANTIOQUIA,MEDELLIN,DUQUE MARQUEZ IVAN,535239
ANTIOQUIA,MEDELLIN,FAJARDO VALDERRAMA SERGIO,310430
ANTIOQUIA,MEDELLIN,MORALES HOYOS VIVIANE ALEIDA,1296
ANTIOQUIA,MEDELLIN,PETRO URREGO GUSTAVO FRANCISCO,77067
ANTIOQUIA,MEDELLIN,PROMOTORES VOTO EN BLANCO,1847
ANTIOQUIA,MEDELLIN,TARJETAS NO MARCADAS,1419
ANTIOQUIA,MEDELLIN,TRUJILLO SARMIENTO JORGE ANTONIO,2197
ANTIOQUIA,MEDELLIN,VARGAS LLERAS GERMAN,24133
ANTIOQUIA,MEDELLIN,VOTOS EN BLANCO,20350
ANTIOQUIA,MEDELLIN,VOTOS NULOS,10004
ANTIOQUIA,MONTEBELLO,DE LA CALLE LOMBANA HUMBERTO,116
ANTIOQUIA,MONTEBELLO,DUQUE MARQUEZ IVAN,1630
ANTIOQUIA,MONTEBELLO,FAJARDO VALDERRAMA SERGIO,520
ANTIOQUIA,MONTEBELLO,MORALES HOYOS VIVIANE ALEIDA,7
ANTIOQUIA,MONTEBELLO,PETRO URREGO GUSTAVO FRANCISCO,108
ANTIOQUIA,MONTEBELLO,PROMOTORES VOTO EN BLANCO,5
ANTIOQUIA,MONTEBELLO,TARJETAS NO MARCADAS,50
ANTIOQUIA,MONTEBELLO,TRUJILLO SARMIENTO JORGE ANTONIO,4
ANTIOQUIA,MONTEBELLO,VARGAS LLERAS GERMAN,307
ANTIOQUIA,MONTEBELLO,VOTOS EN BLANCO,66
ANTIOQUIA,MONTEBELLO,VOTOS NULOS,47
ANTIOQUIA,MURINDO,DE LA CALLE LOMBANA HUMBERTO,20
ANTIOQUIA,MURINDO,DUQUE MARQUEZ IVAN,65
ANTIOQUIA,MURINDO,FAJARDO VALDERRAMA SERGIO,66
ANTIOQUIA,MURINDO,MORALES HOYOS VIVIANE ALEIDA,1
ANTIOQUIA,MURINDO,PETRO URREGO GUSTAVO FRANCISCO,612
ANTIOQUIA,MURINDO,PROMOTORES VOTO EN BLANCO,1
ANTIOQUIA,MURINDO,TARJETAS NO MARCADAS,8
ANTIOQUIA,MURINDO,TRUJILLO SARMIENTO JORGE ANTONIO,4
ANTIOQUIA,MURINDO,VARGAS LLERAS GERMAN,127
ANTIOQUIA,MURINDO,VOTOS EN BLANCO,9
ANTIOQUIA,MURINDO,VOTOS NULOS,17
ANTIOQUIA,MUTATA,DE LA CALLE LOMBANA HUMBERTO,49
ANTIOQUIA,MUTATA,DUQUE MARQUEZ IVAN,1740
ANTIOQUIA,MUTATA,FAJARDO VALDERRAMA SERGIO,428
ANTIOQUIA,MUTATA,MORALES HOYOS VIVIANE ALEIDA,11
ANTIOQUIA,MUTATA,PETRO URREGO GUSTAVO FRANCISCO,793
ANTIOQUIA,MUTATA,PROMOTORES VOTO EN BLANCO,10
ANTIOQUIA,MUTATA,TARJETAS NO MARCADAS,32
ANTIOQUIA,MUTATA,TRUJILLO SARMIENTO JORGE ANTONIO,16
ANTIOQUIA,MUTATA,VARGAS LLERAS GERMAN,888
ANTIOQUIA,MUTATA,VOTOS EN BLANCO,73
ANTIOQUIA,MUTATA,VOTOS NULOS,52
ANTIOQUIA,NARINO,DE LA CALLE LOMBANA HUMBERTO,37
ANTIOQUIA,NARINO,DUQUE MARQUEZ IVAN,3092
ANTIOQUIA,NARINO,FAJARDO VALDERRAMA SERGIO,223
ANTIOQUIA,NARINO,MORALES HOYOS VIVIANE ALEIDA,17
ANTIOQUIA,NARINO,PETRO URREGO GUSTAVO FRANCISCO,111
ANTIOQUIA,NARINO,PROMOTORES VOTO EN BLANCO,16
ANTIOQUIA,NARINO,TARJETAS NO MARCADAS,47
ANTIOQUIA,NARINO,TRUJILLO SARMIENTO JORGE ANTONIO,6
ANTIOQUIA,NARINO,VARGAS LLERAS GERMAN,76
ANTIOQUIA,NARINO,VOTOS EN BLANCO,48
ANTIOQUIA,NARINO,VOTOS NULOS,36
ANTIOQUIA,NECHI,DE LA CALLE LOMBANA HUMBERTO,80
ANTIOQUIA,NECHI,DUQUE MARQUEZ IVAN,3331
ANTIOQUIA,NECHI,FAJARDO VALDERRAMA SERGIO,446
ANTIOQUIA,NECHI,MORALES HOYOS VIVIANE ALEIDA,26
ANTIOQUIA,NECHI,PETRO URREGO GUSTAVO FRANCISCO,998
ANTIOQUIA,NECHI,PROMOTORES VOTO EN BLANCO,15
ANTIOQUIA,NECHI,TARJETAS NO MARCADAS,32
ANTIOQUIA,NECHI,TRUJILLO SARMIENTO JORGE ANTONIO,18
ANTIOQUIA,NECHI,VARGAS LLERAS GERMAN,376
ANTIOQUIA,NECHI,VOTOS EN BLANCO,64
ANTIOQUIA,NECHI,VOTOS NULOS,64
ANTIOQUIA,NECOCLI,DE LA CALLE LOMBANA HUMBERTO,274
ANTIOQUIA,NECOCLI,DUQUE MARQUEZ IVAN,5853
ANTIOQUIA,NECOCLI,FAJARDO VALDERRAMA SERGIO,965
ANTIOQUIA,NECOCLI,MORALES HOYOS VIVIANE ALEIDA,40
ANTIOQUIA,NECOCLI,PETRO URREGO GUSTAVO FRANCISCO,2637
ANTIOQUIA,NECOCLI,PROMOTORES VOTO EN BLANCO,33
ANTIOQUIA,NECOCLI,TARJETAS NO MARCADAS,107
ANTIOQUIA,NECOCLI,TRUJILLO SARMIENTO JORGE ANTONIO,60
ANTIOQUIA,NECOCLI,VARGAS LLERAS GERMAN,1579
ANTIOQUIA,NECOCLI,VOTOS EN BLANCO,192
ANTIOQUIA,NECOCLI,VOTOS NULOS,184
ANTIOQUIA,OLAYA,DE LA CALLE LOMBANA HUMBERTO,27
ANTIOQUIA,OLAYA,DUQUE MARQUEZ IVAN,1020
ANTIOQUIA,OLAYA,FAJARDO VALDERRAMA SERGIO,199
ANTIOQUIA,OLAYA,MORALES HOYOS VIVIANE ALEIDA,6
ANTIOQUIA,OLAYA,PETRO URREGO GUSTAVO FRANCISCO,70
ANTIOQUIA,OLAYA,PROMOTORES VOTO EN BLANCO,3
ANTIOQUIA,OLAYA,TARJETAS NO MARCADAS,7
ANTIOQUIA,OLAYA,TRUJILLO SARMIENTO JORGE ANTONIO,1
ANTIOQUIA,OLAYA,VARGAS LLERAS GERMAN,127
ANTIOQUIA,OLAYA,VOTOS EN BLANCO,20
ANTIOQUIA,OLAYA,VOTOS NULOS,17
ANTIOQUIA,PENOL,DE LA CALLE LOMBANA HUMBERTO,84
ANTIOQUIA,PENOL,DUQUE MARQUEZ IVAN,5913
ANTIOQUIA,PENOL,FAJARDO VALDERRAMA SERGIO,1911
ANTIOQUIA,PENOL,MORALES HOYOS VIVIANE ALEIDA,23
ANTIOQUIA,PENOL,PETRO URREGO GUSTAVO FRANCISCO,504
ANTIOQUIA,PENOL,PROMOTORES VOTO EN BLANCO,12
ANTIOQUIA,PENOL,TARJETAS NO MARCADAS,22
ANTIOQUIA,PENOL,TRUJILLO SARMIENTO JORGE ANTONIO,16
ANTIOQUIA,PENOL,VARGAS LLERAS GERMAN,440
ANTIOQUIA,PENOL,VOTOS EN BLANCO,125
ANTIOQUIA,PENOL,VOTOS NULOS,81
ANTIOQUIA,PEQUE,DE LA CALLE LOMBANA HUMBERTO,561
ANTIOQUIA,PEQUE,DUQUE MARQUEZ IVAN,1373
ANTIOQUIA,PEQUE,FAJARDO VALDERRAMA SERGIO,596
ANTIOQUIA,PEQUE,MORALES HOYOS VIVIANE ALEIDA,14
ANTIOQUIA,PEQUE,PETRO URREGO GUSTAVO FRANCISCO,125
ANTIOQUIA,PEQUE,PROMOTORES VOTO EN BLANCO,6
ANTIOQUIA,PEQUE,TARJETAS NO MARCADAS,30
ANTIOQUIA,PEQUE,TRUJILLO SARMIENTO JORGE ANTONIO,18
ANTIOQUIA,PEQUE,VARGAS LLERAS GERMAN,73
ANTIOQUIA,PEQUE,VOTOS EN BLANCO,38
ANTIOQUIA,PEQUE,VOTOS NULOS,54
ANTIOQUIA,PUEBLORRICO,DE LA CALLE LOMBANA HUMBERTO,61
ANTIOQUIA,PUEBLORRICO,DUQUE MARQUEZ IVAN,2147
ANTIOQUIA,PUEBLORRICO,FAJARDO VALDERRAMA SERGIO,324
ANTIOQUIA,PUEBLORRICO,MORALES HOYOS VIVIANE ALEIDA,17
ANTIOQUIA,PUEBLORRICO,PETRO URREGO GUSTAVO FRANCISCO,140
ANTIOQUIA,PUEBLORRICO,PROMOTORES VOTO EN BLANCO,8
ANTIOQUIA,PUEBLORRICO,TARJETAS NO MARCADAS,18
ANTIOQUIA,PUEBLORRICO,TRUJILLO SARMIENTO JORGE ANTONIO,1
ANTIOQUIA,PUEBLORRICO,VARGAS LLERAS GERMAN,258
ANTIOQUIA,PUEBLORRICO,VOTOS EN BLANCO,59
ANTIOQUIA,PUEBLORRICO,VOTOS NULOS,29
ANTIOQUIA,PUERTO BERRIO,DE LA CALLE LOMBANA HUMBERTO,158
ANTIOQUIA,PUERTO BERRIO,DUQUE MARQUEZ IVAN,7280
ANTIOQUIA,PUERTO BERRIO,FAJARDO VALDERRAMA SERGIO,3801
ANTIOQUIA,PUERTO BERRIO,MORALES HOYOS VIVIANE ALEIDA,33
ANTIOQUIA,PUERTO BERRIO,PETRO URREGO GUSTAVO FRANCISCO,1675
ANTIOQUIA,PUERTO BERRIO,PROMOTORES VOTO EN BLANCO,22
ANTIOQUIA,PUERTO BERRIO,TARJETAS NO MARCADAS,72
ANTIOQUIA,PUERTO BERRIO,TRUJILLO SARMIENTO JORGE ANTONIO,80
ANTIOQUIA,PUERTO BERRIO,VARGAS LLERAS GERMAN,579
ANTIOQUIA,PUERTO BERRIO,VOTOS EN BLANCO,306
ANTIOQUIA,PUERTO BERRIO,VOTOS NULOS,270
ANTIOQUIA,PUERTO NARE,DE LA CALLE LOMBANA HUMBERTO,56
ANTIOQUIA,PUERTO NARE,DUQUE MARQUEZ IVAN,1761
ANTIOQUIA,PUERTO NARE,FAJARDO VALDERRAMA SERGIO,978
ANTIOQUIA,PUERTO NARE,MORALES HOYOS VIVIANE ALEIDA,11
ANTIOQUIA,PUERTO NARE,PETRO URREGO GUSTAVO FRANCISCO,1104
ANTIOQUIA,PUERTO NARE,PROMOTORES VOTO EN BLANCO,3
ANTIOQUIA,PUERTO NARE,TARJETAS NO MARCADAS,18
ANTIOQUIA,PUERTO NARE,TRUJILLO SARMIENTO JORGE ANTONIO,60
ANTIOQUIA,PUERTO NARE,VARGAS LLERAS GERMAN,1277
ANTIOQUIA,PUERTO NARE,VOTOS EN BLANCO,54
ANTIOQUIA,PUERTO NARE,VOTOS NULOS,72
ANTIOQUIA,PUERTO TRIUNFO,DE LA CALLE LOMBANA HUMBERTO,38
ANTIOQUIA,PUERTO TRIUNFO,DUQUE MARQUEZ IVAN,4638
ANTIOQUIA,PUERTO TRIUNFO,FAJARDO VALDERRAMA SERGIO,1160
ANTIOQUIA,PUERTO TRIUNFO,MORALES HOYOS VIVIANE ALEIDA,18
ANTIOQUIA,PUERTO TRIUNFO,PETRO URREGO GUSTAVO FRANCISCO,536
ANTIOQUIA,PUERTO TRIUNFO,PROMOTORES VOTO EN BLANCO,14
ANTIOQUIA,PUERTO TRIUNFO,TARJETAS NO MARCADAS,45
ANTIOQUIA,PUERTO TRIUNFO,TRUJILLO SARMIENTO JORGE ANTONIO,18
ANTIOQUIA,PUERTO TRIUNFO,VARGAS LLERAS GERMAN,334
ANTIOQUIA,PUERTO TRIUNFO,VOTOS EN BLANCO,86
ANTIOQUIA,PUERTO TRIUNFO,VOTOS NULOS,76
ANTIOQUIA,REMEDIOS,DE LA CALLE LOMBANA HUMBERTO,68
ANTIOQUIA,REMEDIOS,DUQUE MARQUEZ IVAN,1743
ANTIOQUIA,REMEDIOS,FAJARDO VALDERRAMA SERGIO,2739
ANTIOQUIA,REMEDIOS,MORALES HOYOS VIVIANE ALEIDA,14
ANTIOQUIA,REMEDIOS,PETRO URREGO GUSTAVO FRANCISCO,826
ANTIOQUIA,REMEDIOS,PROMOTORES VOTO EN BLANCO,24
ANTIOQUIA,REMEDIOS,TARJETAS NO MARCADAS,56
ANTIOQUIA,REMEDIOS,TRUJILLO SARMIENTO JORGE ANTONIO,23
ANTIOQUIA,REMEDIOS,VARGAS LLERAS GERMAN,190
ANTIOQUIA,REMEDIOS,VOTOS EN BLANCO,210
ANTIOQUIA,REMEDIOS,VOTOS NULOS,116
ANTIOQUIA,RETIRO,DE LA CALLE LOMBANA HUMBERTO,224
ANTIOQUIA,RETIRO,DUQUE MARQUEZ IVAN,7794
ANTIOQUIA,RETIRO,FAJARDO VALDERRAMA SERGIO,2776
ANTIOQUIA,RETIRO,MORALES HOYOS VIVIANE ALEIDA,11
ANTIOQUIA,RETIRO,PETRO URREGO GUSTAVO FRANCISCO,374
ANTIOQUIA,RETIRO,PROMOTORES VOTO EN BLANCO,15
ANTIOQUIA,RETIRO,TARJETAS NO MARCADAS,32
ANTIOQUIA,RETIRO,TRUJILLO SARMIENTO JORGE ANTONIO,11
ANTIOQUIA,RETIRO,VARGAS LLERAS GERMAN,482
ANTIOQUIA,RETIRO,VOTOS EN BLANCO,146
ANTIOQUIA,RETIRO,VOTOS NULOS,109
ANTIOQUIA,RIONEGRO,DE LA CALLE LOMBANA HUMBERTO,1310
ANTIOQUIA,RIONEGRO,DUQUE MARQUEZ IVAN,38675
ANTIOQUIA,RIONEGRO,FAJARDO VALDERRAMA SERGIO,23038
ANTIOQUIA,RIONEGRO,MORALES HOYOS VIVIANE ALEIDA,86
ANTIOQUIA,RIONEGRO,PETRO URREGO GUSTAVO FRANCISCO,4503
ANTIOQUIA,RIONEGRO,PROMOTORES VOTO EN BLANCO,112
ANTIOQUIA,RIONEGRO,TARJETAS NO MARCADAS,120
ANTIOQUIA,RIONEGRO,TRUJILLO SARMIENTO JORGE ANTONIO,94
ANTIOQUIA,RIONEGRO,VARGAS LLERAS GERMAN,1542
ANTIOQUIA,RIONEGRO,VOTOS EN BLANCO,1353
ANTIOQUIA,RIONEGRO,VOTOS NULOS,981
ANTIOQUIA,SABANALARGA,DE LA CALLE LOMBANA HUMBERTO,75
ANTIOQUIA,SABANALARGA,DUQUE MARQUEZ IVAN,2277
ANTIOQUIA,SABANALARGA,FAJARDO VALDERRAMA SERGIO,293
ANTIOQUIA,SABANALARGA,MORALES HOYOS VIVIANE ALEIDA,7
ANTIOQUIA,SABANALARGA,PETRO URREGO GUSTAVO FRANCISCO,117
ANTIOQUIA,SABANALARGA,PROMOTORES VOTO EN BLANCO,10
ANTIOQUIA,SABANALARGA,TARJETAS NO MARCADAS,22
ANTIOQUIA,SABANALARGA,TRUJILLO SARMIENTO JORGE ANTONIO,8
ANTIOQUIA,SABANALARGA,VARGAS LLERAS GERMAN,139
ANTIOQUIA,SABANALARGA,VOTOS EN BLANCO,64
ANTIOQUIA,SABANALARGA,VOTOS NULOS,52
ANTIOQUIA,SABANETA,DE LA CALLE LOMBANA HUMBERTO,1143
ANTIOQUIA,SABANETA,DUQUE MARQUEZ IVAN,25724
ANTIOQUIA,SABANETA,FAJARDO VALDERRAMA SERGIO,15047
ANTIOQUIA,SABANETA,MORALES HOYOS VIVIANE ALEIDA,42
ANTIOQUIA,SABANETA,PETRO URREGO GUSTAVO FRANCISCO,2819
ANTIOQUIA,SABANETA,PROMOTORES VOTO EN BLANCO,51
ANTIOQUIA,SABANETA,TARJETAS NO MARCADAS,59
ANTIOQUIA,SABANETA,TRUJILLO SARMIENTO JORGE ANTONIO,149
ANTIOQUIA,SABANETA,VARGAS LLERAS GERMAN,1180
ANTIOQUIA,SABANETA,VOTOS EN BLANCO,729
ANTIOQUIA,SABANETA,VOTOS NULOS,316
ANTIOQUIA,SALGAR,DE LA CALLE LOMBANA HUMBERTO,47
ANTIOQUIA,SALGAR,DUQUE MARQUEZ IVAN,4564
ANTIOQUIA,SALGAR,FAJARDO VALDERRAMA SERGIO,467
ANTIOQUIA,SALGAR,MORALES HOYOS VIVIANE ALEIDA,10
ANTIOQUIA,SALGAR,PETRO URREGO GUSTAVO FRANCISCO,135
ANTIOQUIA,SALGAR,PROMOTORES VOTO EN BLANCO,8
ANTIOQUIA,SALGAR,TARJETAS NO MARCADAS,28
ANTIOQUIA,SALGAR,TRUJILLO SARMIENTO JORGE ANTONIO,6
ANTIOQUIA,SALGAR,VARGAS LLERAS GERMAN,179
ANTIOQUIA,SALGAR,VOTOS EN BLANCO,49
ANTIOQUIA,SALGAR,VOTOS NULOS,37
ANTIOQUIA,SAN ANDRES DE CUERQUIA,DE LA CALLE LOMBANA HUMBERTO,32
ANTIOQUIA,SAN ANDRES DE CUERQUIA,DUQUE MARQUEZ IVAN,1185
ANTIOQUIA,SAN ANDRES DE CUERQUIA,FAJARDO VALDERRAMA SERGIO,435
ANTIOQUIA,SAN ANDRES DE CUERQUIA,MORALES HOYOS VIVIANE ALEIDA,7
ANTIOQUIA,SAN ANDRES DE CUERQUIA,PETRO URREGO GUSTAVO FRANCISCO,110
ANTIOQUIA,SAN ANDRES DE CUERQUIA,PROMOTORES VOTO EN BLANCO,3
ANTIOQUIA,SAN ANDRES DE CUERQUIA,TARJETAS NO MARCADAS,48
ANTIOQUIA,SAN ANDRES DE CUERQUIA,TRUJILLO SARMIENTO JORGE ANTONIO,6
ANTIOQUIA,SAN ANDRES DE CUERQUIA,VARGAS LLERAS GERMAN,37
ANTIOQUIA,SAN ANDRES DE CUERQUIA,VOTOS EN BLANCO,70
ANTIOQUIA,SAN ANDRES DE CUERQUIA,VOTOS NULOS,70
ANTIOQUIA,SAN CARLOS,DE LA CALLE LOMBANA HUMBERTO,97
ANTIOQUIA,SAN CARLOS,DUQUE MARQUEZ IVAN,4621
ANTIOQUIA,SAN CARLOS,FAJARDO VALDERRAMA SERGIO,1758
ANTIOQUIA,SAN CARLOS,MORALES HOYOS VIVIANE ALEIDA,29
ANTIOQUIA,SAN CARLOS,PETRO URREGO GUSTAVO FRANCISCO,361
ANTIOQUIA,SAN CARLOS,PROMOTORES VOTO EN BLANCO,11
ANTIOQUIA,SAN CARLOS,TARJETAS NO MARCADAS,61
ANTIOQUIA,SAN CARLOS,TRUJILLO SARMIENTO JORGE ANTONIO,22
ANTIOQUIA,SAN CARLOS,VARGAS LLERAS GERMAN,125
ANTIOQUIA,SAN CARLOS,VOTOS EN BLANCO,99
ANTIOQUIA,SAN CARLOS,VOTOS NULOS,77
ANTIOQUIA,SAN FRANCISCO,DE LA CALLE LOMBANA HUMBERTO,24
ANTIOQUIA,SAN FRANCISCO,DUQUE MARQUEZ IVAN,1931
ANTIOQUIA,SAN FRANCISCO,FAJARDO VALDERRAMA SERGIO,297
ANTIOQUIA,SAN FRANCISCO,MORALES HOYOS VIVIANE ALEIDA,10
ANTIOQUIA,SAN FRANCISCO,PETRO URREGO GUSTAVO FRANCISCO,169
ANTIOQUIA,SAN FRANCISCO,PROMOTORES VOTO EN BLANCO,5
ANTIOQUIA,SAN FRANCISCO,TARJETAS NO MARCADAS,32
ANTIOQUIA,SAN FRANCISCO,TRUJILLO SARMIENTO JORGE ANTONIO,20
ANTIOQUIA,SAN FRANCISCO,VARGAS LLERAS GERMAN,62
ANTIOQUIA,SAN FRANCISCO,VOTOS EN BLANCO,33
ANTIOQUIA,SAN FRANCISCO,VOTOS NULOS,22
ANTIOQUIA,SAN JERONIMO,DE LA CALLE LOMBANA HUMBERTO,68
ANTIOQUIA,SAN JERONIMO,DUQUE MARQUEZ IVAN,4226
ANTIOQUIA,SAN JERONIMO,FAJARDO VALDERRAMA SERGIO,1033
ANTIOQUIA,SAN JERONIMO,MORALES HOYOS VIVIANE ALEIDA,5
ANTIOQUIA,SAN JERONIMO,PETRO URREGO GUSTAVO FRANCISCO,240
ANTIOQUIA,SAN JERONIMO,PROMOTORES VOTO EN BLANCO,11
ANTIOQUIA,SAN JERONIMO,TARJETAS NO MARCADAS,25
ANTIOQUIA,SAN JERONIMO,TRUJILLO SARMIENTO JORGE ANTONIO,8
ANTIOQUIA,SAN JERONIMO,VARGAS LLERAS GERMAN,474
ANTIOQUIA,SAN JERONIMO,VOTOS EN BLANCO,107
ANTIOQUIA,SAN JERONIMO,VOTOS NULOS,94
ANTIOQUIA,SAN JOSE DE LA MONTANA,DE LA CALLE LOMBANA HUMBERTO,12
ANTIOQUIA,SAN JOSE DE LA MONTANA,DUQUE MARQUEZ IVAN,796
ANTIOQUIA,SAN JOSE DE LA MONTANA,FAJARDO VALDERRAMA SERGIO,572
ANTIOQUIA,SAN JOSE DE LA MONTANA,MORALES HOYOS VIVIANE ALEIDA,2
ANTIOQUIA,SAN JOSE DE LA MONTANA,PETRO URREGO GUSTAVO FRANCISCO,57
ANTIOQUIA,SAN JOSE DE LA MONTANA,PROMOTORES VOTO EN BLANCO,6
ANTIOQUIA,SAN JOSE DE LA MONTANA,TARJETAS NO MARCADAS,10
ANTIOQUIA,SAN JOSE DE LA MONTANA,TRUJILLO SARMIENTO JORGE ANTONIO,1
ANTIOQUIA,SAN JOSE DE LA MONTANA,VARGAS LLERAS GERMAN,33
ANTIOQUIA,SAN JOSE DE LA MONTANA,VOTOS EN BLANCO,34
ANTIOQUIA,SAN JOSE DE LA MONTANA,VOTOS NULOS,24
ANTIOQUIA,SAN JUAN DE URABA,DE LA CALLE LOMBANA HUMBERTO,67
ANTIOQUIA,SAN JUAN DE URABA,DUQUE MARQUEZ IVAN,3053
ANTIOQUIA,SAN JUAN DE URABA,FAJARDO VALDERRAMA SERGIO,471
ANTIOQUIA,SAN JUAN DE URABA,MORALES HOYOS VIVIANE ALEIDA,15
ANTIOQUIA,SAN JUAN DE URABA,PETRO URREGO GUSTAVO FRANCISCO,1623
ANTIOQUIA,SAN JUAN DE URABA,PROMOTORES VOTO EN BLANCO,9
ANTIOQUIA,SAN JUAN DE URABA,TARJETAS NO MARCADAS,48
ANTIOQUIA,SAN JUAN DE URABA,TRUJILLO SARMIENTO JORGE ANTONIO,16
ANTIOQUIA,SAN JUAN DE URABA,VARGAS LLERAS GERMAN,1468
ANTIOQUIA,SAN JUAN DE URABA,VOTOS EN BLANCO,79
ANTIOQUIA,SAN JUAN DE URABA,VOTOS NULOS,67
ANTIOQUIA,SAN LUIS,DE LA CALLE LOMBANA HUMBERTO,36
ANTIOQUIA,SAN LUIS,DUQUE MARQUEZ IVAN,4487
ANTIOQUIA,SAN LUIS,FAJARDO VALDERRAMA SERGIO,725
ANTIOQUIA,SAN LUIS,MORALES HOYOS VIVIANE ALEIDA,11
ANTIOQUIA,SAN LUIS,PETRO URREGO GUSTAVO FRANCISCO,371
ANTIOQUIA,SAN LUIS,PROMOTORES VOTO EN BLANCO,7
ANTIOQUIA,SAN LUIS,TARJETAS NO MARCADAS,29
ANTIOQUIA,SAN LUIS,TRUJILLO SARMIENTO JORGE ANTONIO,8
ANTIOQUIA,SAN LUIS,VARGAS LLERAS GERMAN,124
ANTIOQUIA,SAN LUIS,VOTOS EN BLANCO,79
ANTIOQUIA,SAN LUIS,VOTOS NULOS,31
ANTIOQUIA,SAN PEDRO DE LOS MILAGROS,DE LA CALLE LOMBANA HUMBERTO,172
ANTIOQUIA,SAN PEDRO DE LOS MILAGROS,DUQUE MARQUEZ IVAN,7664
ANTIOQUIA,SAN PEDRO DE LOS MILAGROS,FAJARDO VALDERRAMA SERGIO,2352
ANTIOQUIA,SAN PEDRO DE LOS MILAGROS,MORALES HOYOS VIVIANE ALEIDA,16
ANTIOQUIA,SAN PEDRO DE LOS MILAGROS,PETRO URREGO GUSTAVO FRANCISCO,406
ANTIOQUIA,SAN PEDRO DE LOS MILAGROS,PROMOTORES VOTO EN BLANCO,17
ANTIOQUIA,SAN PEDRO DE LOS MILAGROS,TARJETAS NO MARCADAS,42
ANTIOQUIA,SAN PEDRO DE LOS MILAGROS,TRUJILLO SARMIENTO JORGE ANTONIO,50
ANTIOQUIA,SAN PEDRO DE LOS MILAGROS,VARGAS LLERAS GERMAN,244
ANTIOQUIA,SAN PEDRO DE LOS MILAGROS,VOTOS EN BLANCO,293
ANTIOQUIA,SAN PEDRO DE LOS MILAGROS,VOTOS NULOS,189
ANTIOQUIA,SAN PEDRO DE URABA,DE LA CALLE LOMBANA HUMBERTO,153
ANTIOQUIA,SAN PEDRO DE URABA,DUQUE MARQUEZ IVAN,5626
ANTIOQUIA,SAN PEDRO DE URABA,FAJARDO VALDERRAMA SERGIO,1104
ANTIOQUIA,SAN PEDRO DE URABA,MORALES HOYOS VIVIANE ALEIDA,26
ANTIOQUIA,SAN PEDRO DE URABA,PETRO URREGO GUSTAVO FRANCISCO,1278
ANTIOQUIA,SAN PEDRO DE URABA,PROMOTORES VOTO EN BLANCO,13
ANTIOQUIA,SAN PEDRO DE URABA,TARJETAS NO MARCADAS,74
ANTIOQUIA,SAN PEDRO DE URABA,TRUJILLO SARMIENTO JORGE ANTONIO,58
ANTIOQUIA,SAN PEDRO DE URABA,VARGAS LLERAS GERMAN,963
ANTIOQUIA,SAN PEDRO DE URABA,VOTOS EN BLANCO,136
ANTIOQUIA,SAN PEDRO DE URABA,VOTOS NULOS,87
ANTIOQUIA,SAN RAFAEL,DE LA CALLE LOMBANA HUMBERTO,50
ANTIOQUIA,SAN RAFAEL,DUQUE MARQUEZ IVAN,3792
ANTIOQUIA,SAN RAFAEL,FAJARDO VALDERRAMA SERGIO,1415
ANTIOQUIA,SAN RAFAEL,MORALES HOYOS VIVIANE ALEIDA,18
ANTIOQUIA,SAN RAFAEL,PETRO URREGO GUSTAVO FRANCISCO,295
ANTIOQUIA,SAN RAFAEL,PROMOTORES VOTO EN BLANCO,11
ANTIOQUIA,SAN RAFAEL,TARJETAS NO MARCADAS,67
ANTIOQUIA,SAN RAFAEL,TRUJILLO SARMIENTO JORGE ANTONIO,12
ANTIOQUIA,SAN RAFAEL,VARGAS LLERAS GERMAN,137
ANTIOQUIA,SAN RAFAEL,VOTOS EN BLANCO,114
ANTIOQUIA,SAN RAFAEL,VOTOS NULOS,81
ANTIOQUIA,SAN ROQUE,DE LA CALLE LOMBANA HUMBERTO,99
ANTIOQUIA,SAN ROQUE,DUQUE MARQUEZ IVAN,4676
ANTIOQUIA,SAN ROQUE,FAJARDO VALDERRAMA SERGIO,912
ANTIOQUIA,SAN ROQUE,MORALES HOYOS VIVIANE ALEIDA,20
ANTIOQUIA,SAN ROQUE,PETRO URREGO GUSTAVO FRANCISCO,284
ANTIOQUIA,SAN ROQUE,PROMOTORES VOTO EN BLANCO,21
ANTIOQUIA,SAN ROQUE,TARJETAS NO MARCADAS,53
ANTIOQUIA,SAN ROQUE,TRUJILLO SARMIENTO JORGE ANTONIO,12
ANTIOQUIA,SAN ROQUE,VARGAS LLERAS GERMAN,214
ANTIOQUIA,SAN ROQUE,VOTOS EN BLANCO,145
ANTIOQUIA,SAN ROQUE,VOTOS NULOS,100
ANTIOQUIA,SAN VICENTE FERRER,DE LA CALLE LOMBANA HUMBERTO,119
ANTIOQUIA,SAN VICENTE FERRER,DUQUE MARQUEZ IVAN,6895
ANTIOQUIA,SAN VICENTE FERRER,FAJARDO VALDERRAMA SERGIO,1784
ANTIOQUIA,SAN VICENTE FERRER,MORALES HOYOS VIVIANE ALEIDA,24
ANTIOQUIA,SAN VICENTE FERRER,PETRO URREGO GUSTAVO FRANCISCO,508
ANTIOQUIA,SAN VICENTE FERRER,PROMOTORES VOTO EN BLANCO,24
ANTIOQUIA,SAN VICENTE FERRER,TARJETAS NO MARCADAS,55
ANTIOQUIA,SAN VICENTE FERRER,TRUJILLO SARMIENTO JORGE ANTONIO,17
ANTIOQUIA,SAN VICENTE FERRER,VARGAS LLERAS GERMAN,165
ANTIOQUIA,SAN VICENTE FERRER,VOTOS EN BLANCO,149
ANTIOQUIA,SAN VICENTE FERRER,VOTOS NULOS,123
ANTIOQUIA,SANTA BARBARA,DE LA CALLE LOMBANA HUMBERTO,194
ANTIOQUIA,SANTA BARBARA,DUQUE MARQUEZ IVAN,5198
ANTIOQUIA,SANTA BARBARA,FAJARDO VALDERRAMA SERGIO,2570
ANTIOQUIA,SANTA BARBARA,MORALES HOYOS VIVIANE ALEIDA,19
ANTIOQUIA,SANTA BARBARA,PETRO URREGO GUSTAVO FRANCISCO,629
ANTIOQUIA,SANTA BARBARA,PROMOTORES VOTO EN BLANCO,23
ANTIOQUIA,SANTA BARBARA,TARJETAS NO MARCADAS,64
ANTIOQUIA,SANTA BARBARA,TRUJILLO SARMIENTO JORGE ANTONIO,25
ANTIOQUIA,SANTA BARBARA,VARGAS LLERAS GERMAN,758
ANTIOQUIA,SANTA BARBARA,VOTOS EN BLANCO,278
ANTIOQUIA,SANTA BARBARA,VOTOS NULOS,167
ANTIOQUIA,SANTA FE DE ANTIOQUIA,DE LA CALLE LOMBANA HUMBERTO,233
ANTIOQUIA,SANTA FE DE ANTIOQUIA,DUQUE MARQUEZ IVAN,5791
ANTIOQUIA,SANTA FE DE ANTIOQUIA,FAJARDO VALDERRAMA SERGIO,2190
ANTIOQUIA,SANTA FE DE ANTIOQUIA,MORALES HOYOS VIVIANE ALEIDA,17
ANTIOQUIA,SANTA FE DE ANTIOQUIA,PETRO URREGO GUSTAVO FRANCISCO,772
ANTIOQUIA,SANTA FE DE ANTIOQUIA,PROMOTORES VOTO EN BLANCO,23
ANTIOQUIA,SANTA FE DE ANTIOQUIA,TARJETAS NO MARCADAS,56
ANTIOQUIA,SANTA FE DE ANTIOQUIA,TRUJILLO SARMIENTO JORGE ANTONIO,17
ANTIOQUIA,SANTA FE DE ANTIOQUIA,VARGAS LLERAS GERMAN,357
ANTIOQUIA,SANTA FE DE ANTIOQUIA,VOTOS EN BLANCO,254
ANTIOQUIA,SANTA FE DE ANTIOQUIA,VOTOS NULOS,146
ANTIOQUIA,SANTA ROSA DE OSOS,DE LA CALLE LOMBANA HUMBERTO,226
ANTIOQUIA,SANTA ROSA DE OSOS,DUQUE MARQUEZ IVAN,9242
ANTIOQUIA,SANTA ROSA DE OSOS,FAJARDO VALDERRAMA SERGIO,3932
ANTIOQUIA,SANTA ROSA DE OSOS,MORALES HOYOS VIVIANE ALEIDA,36
ANTIOQUIA,SANTA ROSA DE OSOS,PETRO URREGO GUSTAVO FRANCISCO,581
ANTIOQUIA,SANTA ROSA DE OSOS,PROMOTORES VOTO EN BLANCO,39
ANTIOQUIA,SANTA ROSA DE OSOS,TARJETAS NO MARCADAS,169
ANTIOQUIA,SANTA ROSA DE OSOS,TRUJILLO SARMIENTO JORGE ANTONIO,38
ANTIOQUIA,SANTA ROSA DE OSOS,VARGAS LLERAS GERMAN,378
ANTIOQUIA,SANTA ROSA DE OSOS,VOTOS EN BLANCO,455
ANTIOQUIA,SANTA ROSA DE OSOS,VOTOS NULOS,402
ANTIOQUIA,SANTO DOMINGO,DE LA CALLE LOMBANA HUMBERTO,79
ANTIOQUIA,SANTO DOMINGO,DUQUE MARQUEZ IVAN,2609
ANTIOQUIA,SANTO DOMINGO,FAJARDO VALDERRAMA SERGIO,763
ANTIOQUIA,SANTO DOMINGO,MORALES HOYOS VIVIANE ALEIDA,14
ANTIOQUIA,SANTO DOMINGO,PETRO URREGO GUSTAVO FRANCISCO,197
ANTIOQUIA,SANTO DOMINGO,PROMOTORES VOTO EN BLANCO,17
ANTIOQUIA,SANTO DOMINGO,TARJETAS NO MARCADAS,45
ANTIOQUIA,SANTO DOMINGO,TRUJILLO SARMIENTO JORGE ANTONIO,14
ANTIOQUIA,SANTO DOMINGO,VARGAS LLERAS GERMAN,444
ANTIOQUIA,SANTO DOMINGO,VOTOS EN BLANCO,99
ANTIOQUIA,SANTO DOMINGO,VOTOS NULOS,71
ANTIOQUIA,SEGOVIA,DE LA CALLE LOMBANA HUMBERTO,115
ANTIOQUIA,SEGOVIA,DUQUE MARQUEZ IVAN,1778
ANTIOQUIA,SEGOVIA,FAJARDO VALDERRAMA SERGIO,3180
ANTIOQUIA,SEGOVIA,MORALES HOYOS VIVIANE ALEIDA,23
ANTIOQUIA,SEGOVIA,PETRO URREGO GUSTAVO FRANCISCO,1605
ANTIOQUIA,SEGOVIA,PROMOTORES VOTO EN BLANCO,26
ANTIOQUIA,SEGOVIA,TARJETAS NO MARCADAS,31
ANTIOQUIA,SEGOVIA,TRUJILLO SARMIENTO JORGE ANTONIO,80
ANTIOQUIA,SEGOVIA,VARGAS LLERAS GERMAN,216
ANTIOQUIA,SEGOVIA,VOTOS EN BLANCO,408
ANTIOQUIA,SEGOVIA,VOTOS NULOS,201
ANTIOQUIA,SONSON,DE LA CALLE LOMBANA HUMBERTO,154
ANTIOQUIA,SONSON,DUQUE MARQUEZ IVAN,10922
ANTIOQUIA,SONSON,FAJARDO VALDERRAMA SERGIO,1837
ANTIOQUIA,SONSON,MORALES HOYOS VIVIANE ALEIDA,30
ANTIOQUIA,SONSON,PETRO URREGO GUSTAVO FRANCISCO,422
ANTIOQUIA,SONSON,PROMOTORES VOTO EN BLANCO,43
ANTIOQUIA,SONSON,TARJETAS NO MARCADAS,119
ANTIOQUIA,SONSON,TRUJILLO SARMIENTO JORGE ANTONIO,33
ANTIOQUIA,SONSON,VARGAS LLERAS GERMAN,275
ANTIOQUIA,SONSON,VOTOS EN BLANCO,283
ANTIOQUIA,SONSON,VOTOS NULOS,195
ANTIOQUIA,SOPETRAN,DE LA CALLE LOMBANA HUMBERTO,362
ANTIOQUIA,SOPETRAN,DUQUE MARQUEZ IVAN,3222
ANTIOQUIA,SOPETRAN,FAJARDO VALDERRAMA SERGIO,1431
ANTIOQUIA,SOPETRAN,MORALES HOYOS VIVIANE ALEIDA,4
ANTIOQUIA,SOPETRAN,PETRO URREGO GUSTAVO FRANCISCO,362
ANTIOQUIA,SOPETRAN,PROMOTORES VOTO EN BLANCO,8
ANTIOQUIA,SOPETRAN,TARJETAS NO MARCADAS,23
ANTIOQUIA,SOPETRAN,TRUJILLO SARMIENTO JORGE ANTONIO,26
ANTIOQUIA,SOPETRAN,VARGAS LLERAS GERMAN,274
ANTIOQUIA,SOPETRAN,VOTOS EN BLANCO,86
ANTIOQUIA,SOPETRAN,VOTOS NULOS,82
ANTIOQUIA,TAMESIS,DE LA CALLE LOMBANA HUMBERTO,88
ANTIOQUIA,TAMESIS,DUQUE MARQUEZ IVAN,4451
ANTIOQUIA,TAMESIS,FAJARDO VALDERRAMA SERGIO,1901
ANTIOQUIA,TAMESIS,MORALES HOYOS VIVIANE ALEIDA,12
ANTIOQUIA,TAMESIS,PETRO URREGO GUSTAVO FRANCISCO,450
ANTIOQUIA,TAMESIS,PROMOTORES VOTO EN BLANCO,7
ANTIOQUIA,TAMESIS,TARJETAS NO MARCADAS,39
ANTIOQUIA,TAMESIS,TRUJILLO SARMIENTO JORGE ANTONIO,11
ANTIOQUIA,TAMESIS,VARGAS LLERAS GERMAN,236
ANTIOQUIA,TAMESIS,VOTOS EN BLANCO,149
ANTIOQUIA,TAMESIS,VOTOS NULOS,104
ANTIOQUIA,TARAZA,DE LA CALLE LOMBANA HUMBERTO,141
ANTIOQUIA,TARAZA,DUQUE MARQUEZ IVAN,1985
ANTIOQUIA,TARAZA,FAJARDO VALDERRAMA SERGIO,1315
ANTIOQUIA,TARAZA,MORALES HOYOS VIVIANE ALEIDA,21
ANTIOQUIA,TARAZA,PETRO URREGO GUSTAVO FRANCISCO,1275
ANTIOQUIA,TARAZA,PROMOTORES VOTO EN BLANCO,17
ANTIOQUIA,TARAZA,TARJETAS NO MARCADAS,54
ANTIOQUIA,TARAZA,TRUJILLO SARMIENTO JORGE ANTONIO,18
ANTIOQUIA,TARAZA,VARGAS LLERAS GERMAN,481
ANTIOQUIA,TARAZA,VOTOS EN BLANCO,171
ANTIOQUIA,TARAZA,VOTOS NULOS,138
ANTIOQUIA,TARSO,DE LA CALLE LOMBANA HUMBERTO,107
ANTIOQUIA,TARSO,DUQUE MARQUEZ IVAN,1179
ANTIOQUIA,TARSO,FAJARDO VALDERRAMA SERGIO,299
ANTIOQUIA,TARSO,MORALES HOYOS VIVIANE ALEIDA,2
ANTIOQUIA,TARSO,PETRO URREGO GUSTAVO FRANCISCO,142
ANTIOQUIA,TARSO,PROMOTORES VOTO EN BLANCO,2
ANTIOQUIA,TARSO,TARJETAS NO MARCADAS,13
ANTIOQUIA,TARSO,TRUJILLO SARMIENTO JORGE ANTONIO,3
ANTIOQUIA,TARSO,VARGAS LLERAS GERMAN,258
ANTIOQUIA,TARSO,VOTOS EN BLANCO,36
ANTIOQUIA,TARSO,VOTOS NULOS,18
ANTIOQUIA,TITIRIBI,DE LA CALLE LOMBANA HUMBERTO,40
ANTIOQUIA,TITIRIBI,DUQUE MARQUEZ IVAN,1483
ANTIOQUIA,TITIRIBI,FAJARDO VALDERRAMA SERGIO,1066
ANTIOQUIA,TITIRIBI,MORALES HOYOS VIVIANE ALEIDA,2
ANTIOQUIA,TITIRIBI,PETRO URREGO GUSTAVO FRANCISCO,110
ANTIOQUIA,TITIRIBI,PROMOTORES VOTO EN BLANCO,6
ANTIOQUIA,TITIRIBI,TARJETAS NO MARCADAS,25
ANTIOQUIA,TITIRIBI,TRUJILLO SARMIENTO JORGE ANTONIO,1
ANTIOQUIA,TITIRIBI,VARGAS LLERAS GERMAN,167
ANTIOQUIA,TITIRIBI,VOTOS EN BLANCO,56
ANTIOQUIA,TITIRIBI,VOTOS NULOS,57
ANTIOQUIA,TOLEDO,DE LA CALLE LOMBANA HUMBERTO,49
ANTIOQUIA,TOLEDO,DUQUE MARQUEZ IVAN,944
ANTIOQUIA,TOLEDO,FAJARDO VALDERRAMA SERGIO,285
ANTIOQUIA,TOLEDO,MORALES HOYOS VIVIANE ALEIDA,4
ANTIOQUIA,TOLEDO,PETRO URREGO GUSTAVO FRANCISCO,124
ANTIOQUIA,TOLEDO,PROMOTORES VOTO EN BLANCO,9
ANTIOQUIA,TOLEDO,TARJETAS NO MARCADAS,33
ANTIOQUIA,TOLEDO,TRUJILLO SARMIENTO JORGE ANTONIO,6
ANTIOQUIA,TOLEDO,VARGAS LLERAS GERMAN,53
ANTIOQUIA,TOLEDO,VOTOS EN BLANCO,76
ANTIOQUIA,TOLEDO,VOTOS NULOS,64
ANTIOQUIA,TURBO,DE LA CALLE LOMBANA HUMBERTO,569
ANTIOQUIA,TURBO,DUQUE MARQUEZ IVAN,11967
ANTIOQUIA,TURBO,FAJARDO VALDERRAMA SERGIO,2491
ANTIOQUIA,TURBO,MORALES HOYOS VIVIANE ALEIDA,154
ANTIOQUIA,TURBO,PETRO URREGO GUSTAVO FRANCISCO,13132
ANTIOQUIA,TURBO,PROMOTORES VOTO EN BLANCO,73
ANTIOQUIA,TURBO,TARJETAS NO MARCADAS,211
ANTIOQUIA,TURBO,TRUJILLO SARMIENTO JORGE ANTONIO,212
ANTIOQUIA,TURBO,VARGAS LLERAS GERMAN,4316
ANTIOQUIA,TURBO,VOTOS EN BLANCO,876
ANTIOQUIA,TURBO,VOTOS NULOS,614
ANTIOQUIA,URAMITA,DE LA CALLE LOMBANA HUMBERTO,132
ANTIOQUIA,URAMITA,DUQUE MARQUEZ IVAN,1256
ANTIOQUIA,URAMITA,FAJARDO VALDERRAMA SERGIO,184
ANTIOQUIA,URAMITA,MORALES HOYOS VIVIANE ALEIDA,9
ANTIOQUIA,URAMITA,PETRO URREGO GUSTAVO FRANCISCO,99
ANTIOQUIA,URAMITA,PROMOTORES VOTO EN BLANCO,4
ANTIOQUIA,URAMITA,TARJETAS NO MARCADAS,27
ANTIOQUIA,URAMITA,TRUJILLO SARMIENTO JORGE ANTONIO,6
ANTIOQUIA,URAMITA,VARGAS LLERAS GERMAN,914
ANTIOQUIA,URAMITA,VOTOS EN BLANCO,33
ANTIOQUIA,URAMITA,VOTOS NULOS,25
ANTIOQUIA,URRAO,DE LA CALLE LOMBANA HUMBERTO,177
ANTIOQUIA,URRAO,DUQUE MARQUEZ IVAN,4898
ANTIOQUIA,URRAO,FAJARDO VALDERRAMA SERGIO,1457
ANTIOQUIA,URRAO,MORALES HOYOS VIVIANE ALEIDA,21
ANTIOQUIA,URRAO,PETRO URREGO GUSTAVO FRANCISCO,515
ANTIOQUIA,URRAO,PROMOTORES VOTO EN BLANCO,32
ANTIOQUIA,URRAO,TARJETAS NO MARCADAS,78
ANTIOQUIA,URRAO,TRUJILLO SARMIENTO JORGE ANTONIO,25
ANTIOQUIA,URRAO,VARGAS LLERAS GERMAN,680
ANTIOQUIA,URRAO,VOTOS EN BLANCO,260
ANTIOQUIA,URRAO,VOTOS NULOS,144
ANTIOQUIA,VALDIVIA,DE LA CALLE LOMBANA HUMBERTO,81
ANTIOQUIA,VALDIVIA,DUQUE MARQUEZ IVAN,1357
ANTIOQUIA,VALDIVIA,FAJARDO VALDERRAMA SERGIO,581
ANTIOQUIA,VALDIVIA,MORALES HOYOS VIVIANE ALEIDA,22
ANTIOQUIA,VALDIVIA,PETRO URREGO GUSTAVO FRANCISCO,327
ANTIOQUIA,VALDIVIA,PROMOTORES VOTO EN BLANCO,11
ANTIOQUIA,VALDIVIA,TARJETAS NO MARCADAS,73
ANTIOQUIA,VALDIVIA,TRUJILLO SARMIENTO JORGE ANTONIO,14
ANTIOQUIA,VALDIVIA,VARGAS LLERAS GERMAN,154
ANTIOQUIA,VALDIVIA,VOTOS EN BLANCO,104
ANTIOQUIA,VALDIVIA,VOTOS NULOS,72
ANTIOQUIA,VALPARAISO,DE LA CALLE LOMBANA HUMBERTO,73
ANTIOQUIA,VALPARAISO,DUQUE MARQUEZ IVAN,1393
ANTIOQUIA,VALPARAISO,FAJARDO VALDERRAMA SERGIO,655
ANTIOQUIA,VALPARAISO,MORALES HOYOS VIVIANE ALEIDA,5
ANTIOQUIA,VALPARAISO,PETRO URREGO GUSTAVO FRANCISCO,244
ANTIOQUIA,VALPARAISO,PROMOTORES VOTO EN BLANCO,10
ANTIOQUIA,VALPARAISO,TARJETAS NO MARCADAS,13
ANTIOQUIA,VALPARAISO,TRUJILLO SARMIENTO JORGE ANTONIO,5
ANTIOQUIA,VALPARAISO,VARGAS LLERAS GERMAN,230
ANTIOQUIA,VALPARAISO,VOTOS EN BLANCO,38
ANTIOQUIA,VALPARAISO,VOTOS NULOS,39
ANTIOQUIA,VEGACHI,DE LA CALLE LOMBANA HUMBERTO,53
ANTIOQUIA,VEGACHI,DUQUE MARQUEZ IVAN,2466
ANTIOQUIA,VEGACHI,FAJARDO VALDERRAMA SERGIO,689
ANTIOQUIA,VEGACHI,MORALES HOYOS VIVIANE ALEIDA,4
ANTIOQUIA,VEGACHI,PETRO URREGO GUSTAVO FRANCISCO,174
ANTIOQUIA,VEGACHI,PROMOTORES VOTO EN BLANCO,6
ANTIOQUIA,VEGACHI,TARJETAS NO MARCADAS,26
ANTIOQUIA,VEGACHI,TRUJILLO SARMIENTO JORGE ANTONIO,10
ANTIOQUIA,VEGACHI,VARGAS LLERAS GERMAN,155
ANTIOQUIA,VEGACHI,VOTOS EN BLANCO,67
ANTIOQUIA,VEGACHI,VOTOS NULOS,55
ANTIOQUIA,VENECIA,DE LA CALLE LOMBANA HUMBERTO,130
ANTIOQUIA,VENECIA,DUQUE MARQUEZ IVAN,2763
ANTIOQUIA,VENECIA,FAJARDO VALDERRAMA SERGIO,787
ANTIOQUIA,VENECIA,MORALES HOYOS VIVIANE ALEIDA,12
ANTIOQUIA,VENECIA,PETRO URREGO GUSTAVO FRANCISCO,183
ANTIOQUIA,VENECIA,PROMOTORES VOTO EN BLANCO,44
ANTIOQUIA,VENECIA,TARJETAS NO MARCADAS,22
ANTIOQUIA,VENECIA,TRUJILLO SARMIENTO JORGE ANTONIO,10
ANTIOQUIA,VENECIA,VARGAS LLERAS GERMAN,703
ANTIOQUIA,VENECIA,VOTOS EN BLANCO,64
ANTIOQUIA,VENECIA,VOTOS NULOS,53
ANTIOQUIA,VIGIA DEL FUERTE,DE LA CALLE LOMBANA HUMBERTO,50
ANTIOQUIA,VIGIA DEL FUERTE,DUQUE MARQUEZ IVAN,148
ANTIOQUIA,VIGIA DEL FUERTE,FAJARDO VALDERRAMA SERGIO,612
ANTIOQUIA,VIGIA DEL FUERTE,MORALES HOYOS VIVIANE ALEIDA,14
ANTIOQUIA,VIGIA DEL FUERTE,PETRO URREGO GUSTAVO FRANCISCO,590
ANTIOQUIA,VIGIA DEL FUERTE,PROMOTORES VOTO EN BLANCO,1
ANTIOQUIA,VIGIA DEL FUERTE,TARJETAS NO MARCADAS,31
ANTIOQUIA,VIGIA DEL FUERTE,TRUJILLO SARMIENTO JORGE ANTONIO,19
ANTIOQUIA,VIGIA DEL FUERTE,VARGAS LLERAS GERMAN,588
ANTIOQUIA,VIGIA DEL FUERTE,VOTOS EN BLANCO,19
ANTIOQUIA,VIGIA DEL FUERTE,VOTOS NULOS,23
ANTIOQUIA,YALI,DE LA CALLE LOMBANA HUMBERTO,67
ANTIOQUIA,YALI,DUQUE MARQUEZ IVAN,1599
ANTIOQUIA,YALI,FAJARDO VALDERRAMA SERGIO,277
ANTIOQUIA,YALI,MORALES HOYOS VIVIANE ALEIDA,10
ANTIOQUIA,YALI,PETRO URREGO GUSTAVO FRANCISCO,121
ANTIOQUIA,YALI,PROMOTORES VOTO EN BLANCO,12
ANTIOQUIA,YALI,TARJETAS NO MARCADAS,21
ANTIOQUIA,YALI,TRUJILLO SARMIENTO JORGE ANTONIO,5
ANTIOQUIA,YALI,VARGAS LLERAS GERMAN,253
ANTIOQUIA,YALI,VOTOS EN BLANCO,53
ANTIOQUIA,YALI,VOTOS NULOS,28
ANTIOQUIA,YARUMAL,DE LA CALLE LOMBANA HUMBERTO,281
ANTIOQUIA,YARUMAL,DUQUE MARQUEZ IVAN,8591
ANTIOQUIA,YARUMAL,FAJARDO VALDERRAMA SERGIO,3801
ANTIOQUIA,YARUMAL,MORALES HOYOS VIVIANE ALEIDA,21
ANTIOQUIA,YARUMAL,PETRO URREGO GUSTAVO FRANCISCO,784
ANTIOQUIA,YARUMAL,PROMOTORES VOTO EN BLANCO,39
ANTIOQUIA,YARUMAL,TARJETAS NO MARCADAS,85
ANTIOQUIA,YARUMAL,TRUJILLO SARMIENTO JORGE ANTONIO,28
ANTIOQUIA,YARUMAL,VARGAS LLERAS GERMAN,402
ANTIOQUIA,YARUMAL,VOTOS EN BLANCO,408
ANTIOQUIA,YARUMAL,VOTOS NULOS,298
ANTIOQUIA,YOLOMBO,DE LA CALLE LOMBANA HUMBERTO,87
ANTIOQUIA,YOLOMBO,DUQUE MARQUEZ IVAN,3684
ANTIOQUIA,YOLOMBO,FAJARDO VALDERRAMA SERGIO,1235
ANTIOQUIA,YOLOMBO,MORALES HOYOS VIVIANE ALEIDA,22
ANTIOQUIA,YOLOMBO,PETRO URREGO GUSTAVO FRANCISCO,418
ANTIOQUIA,YOLOMBO,PROMOTORES VOTO EN BLANCO,21
ANTIOQUIA,YOLOMBO,TARJETAS NO MARCADAS,57
ANTIOQUIA,YOLOMBO,TRUJILLO SARMIENTO JORGE ANTONIO,43
ANTIOQUIA,YOLOMBO,VARGAS LLERAS GERMAN,299
ANTIOQUIA,YOLOMBO,VOTOS EN BLANCO,105
ANTIOQUIA,YOLOMBO,VOTOS NULOS,83
ANTIOQUIA,YONDO,DE LA CALLE LOMBANA HUMBERTO,76
ANTIOQUIA,YONDO,DUQUE MARQUEZ IVAN,2800
ANTIOQUIA,YONDO,FAJARDO VALDERRAMA SERGIO,1198
ANTIOQUIA,YONDO,MORALES HOYOS VIVIANE ALEIDA,20
ANTIOQUIA,YONDO,PETRO URREGO GUSTAVO FRANCISCO,2095
ANTIOQUIA,YONDO,PROMOTORES VOTO EN BLANCO,22
ANTIOQUIA,YONDO,TARJETAS NO MARCADAS,31
ANTIOQUIA,YONDO,TRUJILLO SARMIENTO JORGE ANTONIO,75
ANTIOQUIA,YONDO,VARGAS LLERAS GERMAN,348
ANTIOQUIA,YONDO,VOTOS EN BLANCO,138
ANTIOQUIA,YONDO,VOTOS NULOS,180
ANTIOQUIA,ZARAGOZA,DE LA CALLE LOMBANA HUMBERTO,93
ANTIOQUIA,ZARAGOZA,DUQUE MARQUEZ IVAN,2293
ANTIOQUIA,ZARAGOZA,FAJARDO VALDERRAMA SERGIO,1355
ANTIOQUIA,ZARAGOZA,MORALES HOYOS VIVIANE ALEIDA,11
ANTIOQUIA,ZARAGOZA,PETRO URREGO GUSTAVO FRANCISCO,1021
ANTIOQUIA,ZARAGOZA,PROMOTORES VOTO EN BLANCO,8
ANTIOQUIA,ZARAGOZA,TARJETAS NO MARCADAS,36
ANTIOQUIA,ZARAGOZA,TRUJILLO SARMIENTO JORGE ANTONIO,25
ANTIOQUIA,ZARAGOZA,VARGAS LLERAS GERMAN,343
ANTIOQUIA,ZARAGOZA,VOTOS EN BLANCO,103
ANTIOQUIA,ZARAGOZA,VOTOS NULOS,118
ARAUCA,ARAUCA,DE LA CALLE LOMBANA HUMBERTO,382
ARAUCA,ARAUCA,DUQUE MARQUEZ IVAN,24562
ARAUCA,ARAUCA,FAJARDO VALDERRAMA SERGIO,5353
ARAUCA,ARAUCA,MORALES HOYOS VIVIANE ALEIDA,76
ARAUCA,ARAUCA,PETRO URREGO GUSTAVO FRANCISCO,2699
ARAUCA,ARAUCA,PROMOTORES VOTO EN BLANCO,44
ARAUCA,ARAUCA,TARJETAS NO MARCADAS,112
ARAUCA,ARAUCA,TRUJILLO SARMIENTO JORGE ANTONIO,80
ARAUCA,ARAUCA,VARGAS LLERAS GERMAN,1504
ARAUCA,ARAUCA,VOTOS EN BLANCO,515
ARAUCA,ARAUCA,VOTOS NULOS,447
ARAUCA,ARAUQUITA,DE LA CALLE LOMBANA HUMBERTO,319
ARAUCA,ARAUQUITA,DUQUE MARQUEZ IVAN,4085
ARAUCA,ARAUQUITA,FAJARDO VALDERRAMA SERGIO,1292
ARAUCA,ARAUQUITA,MORALES HOYOS VIVIANE ALEIDA,35
ARAUCA,ARAUQUITA,PETRO URREGO GUSTAVO FRANCISCO,4679
ARAUCA,ARAUQUITA,PROMOTORES VOTO EN BLANCO,77
ARAUCA,ARAUQUITA,TARJETAS NO MARCADAS,109
ARAUCA,ARAUQUITA,TRUJILLO SARMIENTO JORGE ANTONIO,94
ARAUCA,ARAUQUITA,VARGAS LLERAS GERMAN,446
ARAUCA,ARAUQUITA,VOTOS EN BLANCO,386
ARAUCA,ARAUQUITA,VOTOS NULOS,323
ARAUCA,CRAVO NORTE,DE LA CALLE LOMBANA HUMBERTO,10
ARAUCA,CRAVO NORTE,DUQUE MARQUEZ IVAN,988
ARAUCA,CRAVO NORTE,FAJARDO VALDERRAMA SERGIO,62
ARAUCA,CRAVO NORTE,MORALES HOYOS VIVIANE ALEIDA,3
ARAUCA,CRAVO NORTE,PETRO URREGO GUSTAVO FRANCISCO,178
ARAUCA,CRAVO NORTE,PROMOTORES VOTO EN BLANCO,3
ARAUCA,CRAVO NORTE,TARJETAS NO MARCADAS,12
ARAUCA,CRAVO NORTE,TRUJILLO SARMIENTO JORGE ANTONIO,1
ARAUCA,CRAVO NORTE,VARGAS LLERAS GERMAN,83
ARAUCA,CRAVO NORTE,VOTOS EN BLANCO,23
ARAUCA,CRAVO NORTE,VOTOS NULOS,5
ARAUCA,FORTUL,DE LA CALLE LOMBANA HUMBERTO,189
ARAUCA,FORTUL,DUQUE MARQUEZ IVAN,1531
ARAUCA,FORTUL,FAJARDO VALDERRAMA SERGIO,604
ARAUCA,FORTUL,MORALES HOYOS VIVIANE ALEIDA,20
ARAUCA,FORTUL,PETRO URREGO GUSTAVO FRANCISCO,2082
ARAUCA,FORTUL,PROMOTORES VOTO EN BLANCO,22
ARAUCA,FORTUL,TARJETAS NO MARCADAS,45
ARAUCA,FORTUL,TRUJILLO SARMIENTO JORGE ANTONIO,27
ARAUCA,FORTUL,VARGAS LLERAS GERMAN,161
ARAUCA,FORTUL,VOTOS EN BLANCO,186
ARAUCA,FORTUL,VOTOS NULOS,172
ARAUCA,PUERTO RONDON,DE LA CALLE LOMBANA HUMBERTO,14
ARAUCA,PUERTO RONDON,DUQUE MARQUEZ IVAN,1274
ARAUCA,PUERTO RONDON,FAJARDO VALDERRAMA SERGIO,117
ARAUCA,PUERTO RONDON,MORALES HOYOS VIVIANE ALEIDA,1
ARAUCA,PUERTO RONDON,PETRO URREGO GUSTAVO FRANCISCO,73
ARAUCA,PUERTO RONDON,TARJETAS NO MARCADAS,11
ARAUCA,PUERTO RONDON,TRUJILLO SARMIENTO JORGE ANTONIO,2
ARAUCA,PUERTO RONDON,VARGAS LLERAS GERMAN,67
ARAUCA,PUERTO RONDON,VOTOS EN BLANCO,28
ARAUCA,PUERTO RONDON,VOTOS NULOS,20
ARAUCA,SARAVENA,DE LA CALLE LOMBANA HUMBERTO,357
ARAUCA,SARAVENA,DUQUE MARQUEZ IVAN,7734
ARAUCA,SARAVENA,FAJARDO VALDERRAMA SERGIO,2394
ARAUCA,SARAVENA,MORALES HOYOS VIVIANE ALEIDA,49
ARAUCA,SARAVENA,PETRO URREGO GUSTAVO FRANCISCO,4302
ARAUCA,SARAVENA,PROMOTORES VOTO EN BLANCO,49
ARAUCA,SARAVENA,TARJETAS NO MARCADAS,124
ARAUCA,SARAVENA,TRUJILLO SARMIENTO JORGE ANTONIO,75
ARAUCA,SARAVENA,VARGAS LLERAS GERMAN,486
ARAUCA,SARAVENA,VOTOS EN BLANCO,586
ARAUCA,SARAVENA,VOTOS NULOS,437
ARAUCA,TAME,DE LA CALLE LOMBANA HUMBERTO,290
ARAUCA,TAME,DUQUE MARQUEZ IVAN,9547
ARAUCA,TAME,FAJARDO VALDERRAMA SERGIO,2277
ARAUCA,TAME,MORALES HOYOS VIVIANE ALEIDA,39
ARAUCA,TAME,PETRO URREGO GUSTAVO FRANCISCO,3801
ARAUCA,TAME,PROMOTORES VOTO EN BLANCO,44
ARAUCA,TAME,TARJETAS NO MARCADAS,131
ARAUCA,TAME,TRUJILLO SARMIENTO JORGE ANTONIO,52
ARAUCA,TAME,VARGAS LLERAS GERMAN,596
ARAUCA,TAME,VOTOS EN BLANCO,395
ARAUCA,TAME,VOTOS NULOS,304
ARCHIPIELAGO DE SAN ANDRES PROVIDENCIA Y SANTA CATALINA,PROVIDENCIA,DE LA CALLE LOMBANA HUMBERTO,50
ARCHIPIELAGO DE SAN ANDRES PROVIDENCIA Y SANTA CATALINA,PROVIDENCIA,DUQUE MARQUEZ IVAN,722
ARCHIPIELAGO DE SAN ANDRES PROVIDENCIA Y SANTA CATALINA,PROVIDENCIA,FAJARDO VALDERRAMA SERGIO,146
ARCHIPIELAGO DE SAN ANDRES PROVIDENCIA Y SANTA CATALINA,PROVIDENCIA,MORALES HOYOS VIVIANE ALEIDA,3
ARCHIPIELAGO DE SAN ANDRES PROVIDENCIA Y SANTA CATALINA,PROVIDENCIA,PETRO URREGO GUSTAVO FRANCISCO,134
ARCHIPIELAGO DE SAN ANDRES PROVIDENCIA Y SANTA CATALINA,PROVIDENCIA,PROMOTORES VOTO EN BLANCO,4
ARCHIPIELAGO DE SAN ANDRES PROVIDENCIA Y SANTA CATALINA,PROVIDENCIA,TRUJILLO SARMIENTO JORGE ANTONIO,5
ARCHIPIELAGO DE SAN ANDRES PROVIDENCIA Y SANTA CATALINA,PROVIDENCIA,VARGAS LLERAS GERMAN,91
ARCHIPIELAGO DE SAN ANDRES PROVIDENCIA Y SANTA CATALINA,PROVIDENCIA,VOTOS EN BLANCO,38
ARCHIPIELAGO DE SAN ANDRES PROVIDENCIA Y SANTA CATALINA,PROVIDENCIA,VOTOS NULOS,5
ARCHIPIELAGO DE SAN ANDRES PROVIDENCIA Y SANTA CATALINA,SAN ANDRES,DE LA CALLE LOMBANA HUMBERTO,575
ARCHIPIELAGO DE SAN ANDRES PROVIDENCIA Y SANTA CATALINA,SAN ANDRES,DUQUE MARQUEZ IVAN,4969
ARCHIPIELAGO DE SAN ANDRES PROVIDENCIA Y SANTA CATALINA,SAN ANDRES,FAJARDO VALDERRAMA SERGIO,1855
ARCHIPIELAGO DE SAN ANDRES PROVIDENCIA Y SANTA CATALINA,SAN ANDRES,MORALES HOYOS VIVIANE ALEIDA,28
ARCHIPIELAGO DE SAN ANDRES PROVIDENCIA Y SANTA CATALINA,SAN ANDRES,PETRO URREGO GUSTAVO FRANCISCO,2227
ARCHIPIELAGO DE SAN ANDRES PROVIDENCIA Y SANTA CATALINA,SAN ANDRES,PROMOTORES VOTO EN BLANCO,14
ARCHIPIELAGO DE SAN ANDRES PROVIDENCIA Y SANTA CATALINA,SAN ANDRES,TARJETAS NO MARCADAS,15
ARCHIPIELAGO DE SAN ANDRES PROVIDENCIA Y SANTA CATALINA,SAN ANDRES,TRUJILLO SARMIENTO JORGE ANTONIO,130
ARCHIPIELAGO DE SAN ANDRES PROVIDENCIA Y SANTA CATALINA,SAN ANDRES,VARGAS LLERAS GERMAN,1413
ARCHIPIELAGO DE SAN ANDRES PROVIDENCIA Y SANTA CATALINA,SAN ANDRES,VOTOS EN BLANCO,290
ARCHIPIELAGO DE SAN ANDRES PROVIDENCIA Y SANTA CATALINA,SAN ANDRES,VOTOS NULOS,56
ATLANTICO,BARANOA,DE LA CALLE LOMBANA HUMBERTO,480
ATLANTICO,BARANOA,DUQUE MARQUEZ IVAN,4382
ATLANTICO,BARANOA,FAJARDO VALDERRAMA SERGIO,1346
ATLANTICO,BARANOA,MORALES HOYOS VIVIANE ALEIDA,75
ATLANTICO,BARANOA,PETRO URREGO GUSTAVO FRANCISCO,8889
ATLANTICO,BARANOA,PROMOTORES VOTO EN BLANCO,21
ATLANTICO,BARANOA,TARJETAS NO MARCADAS,49
ATLANTICO,BARANOA,TRUJILLO SARMIENTO JORGE ANTONIO,71
ATLANTICO,BARANOA,VARGAS LLERAS GERMAN,7825
ATLANTICO,BARANOA,VOTOS EN BLANCO,269
ATLANTICO,BARANOA,VOTOS NULOS,145
ATLANTICO,BARRANQUILLA,DE LA CALLE LOMBANA HUMBERTO,8635
ATLANTICO,BARRANQUILLA,DUQUE MARQUEZ IVAN,144321
ATLANTICO,BARRANQUILLA,FAJARDO VALDERRAMA SERGIO,63348
ATLANTICO,BARRANQUILLA,MORALES HOYOS VIVIANE ALEIDA,933
ATLANTICO,BARRANQUILLA,PETRO URREGO GUSTAVO FRANCISCO,188185
ATLANTICO,BARRANQUILLA,PROMOTORES VOTO EN BLANCO,686
ATLANTICO,BARRANQUILLA,TARJETAS NO MARCADAS,1153
ATLANTICO,BARRANQUILLA,TRUJILLO SARMIENTO JORGE ANTONIO,1958
ATLANTICO,BARRANQUILLA,VARGAS LLERAS GERMAN,79653
ATLANTICO,BARRANQUILLA,VOTOS EN BLANCO,7367
ATLANTICO,BARRANQUILLA,VOTOS NULOS,5731
ATLANTICO,CAMPO DE LA CRUZ,DE LA CALLE LOMBANA HUMBERTO,100
ATLANTICO,CAMPO DE LA CRUZ,DUQUE MARQUEZ IVAN,2901
ATLANTICO,CAMPO DE LA CRUZ,FAJARDO VALDERRAMA SERGIO,172
ATLANTICO,CAMPO DE LA CRUZ,MORALES HOYOS VIVIANE ALEIDA,6
ATLANTICO,CAMPO DE LA CRUZ,PETRO URREGO GUSTAVO FRANCISCO,1505
ATLANTICO,CAMPO DE LA CRUZ,PROMOTORES VOTO EN BLANCO,5
ATLANTICO,CAMPO DE LA CRUZ,TARJETAS NO MARCADAS,29
ATLANTICO,CAMPO DE LA CRUZ,TRUJILLO SARMIENTO JORGE ANTONIO,39
ATLANTICO,CAMPO DE LA CRUZ,VARGAS LLERAS GERMAN,3743
ATLANTICO,CAMPO DE LA CRUZ,VOTOS EN BLANCO,38
ATLANTICO,CAMPO DE LA CRUZ,VOTOS NULOS,52
ATLANTICO,CANDELARIA,DE LA CALLE LOMBANA HUMBERTO,82
ATLANTICO,CANDELARIA,DUQUE MARQUEZ IVAN,1442
ATLANTICO,CANDELARIA,FAJARDO VALDERRAMA SERGIO,73
ATLANTICO,CANDELARIA,MORALES HOYOS VIVIANE ALEIDA,14
ATLANTICO,CANDELARIA,PETRO URREGO GUSTAVO FRANCISCO,585
ATLANTICO,CANDELARIA,PROMOTORES VOTO EN BLANCO,1
ATLANTICO,CANDELARIA,TARJETAS NO MARCADAS,16
ATLANTICO,CANDELARIA,TRUJILLO SARMIENTO JORGE ANTONIO,20
ATLANTICO,CANDELARIA,VARGAS LLERAS GERMAN,3952
ATLANTICO,CANDELARIA,VOTOS EN BLANCO,23
ATLANTICO,CANDELARIA,VOTOS NULOS,38
ATLANTICO,GALAPA,DE LA CALLE LOMBANA HUMBERTO,195
ATLANTICO,GALAPA,DUQUE MARQUEZ IVAN,3767
ATLANTICO,GALAPA,FAJARDO VALDERRAMA SERGIO,1324
ATLANTICO,GALAPA,MORALES HOYOS VIVIANE ALEIDA,89
ATLANTICO,GALAPA,PETRO URREGO GUSTAVO FRANCISCO,6836
ATLANTICO,GALAPA,PROMOTORES VOTO EN BLANCO,22
ATLANTICO,GALAPA,TARJETAS NO MARCADAS,35
ATLANTICO,GALAPA,TRUJILLO SARMIENTO JORGE ANTONIO,92
ATLANTICO,GALAPA,VARGAS LLERAS GERMAN,4176
ATLANTICO,GALAPA,VOTOS EN BLANCO,296
ATLANTICO,GALAPA,VOTOS NULOS,143
ATLANTICO,JUAN DE ACOSTA,DE LA CALLE LOMBANA HUMBERTO,146
ATLANTICO,JUAN DE ACOSTA,DUQUE MARQUEZ IVAN,2891
ATLANTICO,JUAN DE ACOSTA,FAJARDO VALDERRAMA SERGIO,557
ATLANTICO,JUAN DE ACOSTA,MORALES HOYOS VIVIANE ALEIDA,6
ATLANTICO,JUAN DE ACOSTA,PETRO URREGO GUSTAVO FRANCISCO,1908
ATLANTICO,JUAN DE ACOSTA,PROMOTORES VOTO EN BLANCO,5
ATLANTICO,JUAN DE ACOSTA,TARJETAS NO MARCADAS,10
ATLANTICO,JUAN DE ACOSTA,TRUJILLO SARMIENTO JORGE ANTONIO,16
ATLANTICO,JUAN DE ACOSTA,VARGAS LLERAS GERMAN,2177
ATLANTICO,JUAN DE ACOSTA,VOTOS EN BLANCO,63
ATLANTICO,JUAN DE ACOSTA,VOTOS NULOS,48
ATLANTICO,LURUACO,DE LA CALLE LOMBANA HUMBERTO,377
ATLANTICO,LURUACO,DUQUE MARQUEZ IVAN,3254
ATLANTICO,LURUACO,FAJARDO VALDERRAMA SERGIO,273
ATLANTICO,LURUACO,MORALES HOYOS VIVIANE ALEIDA,23
ATLANTICO,LURUACO,PETRO URREGO GUSTAVO FRANCISCO,2255
ATLANTICO,LURUACO,PROMOTORES VOTO EN BLANCO,11
ATLANTICO,LURUACO,TARJETAS NO MARCADAS,50
ATLANTICO,LURUACO,TRUJILLO SARMIENTO JORGE ANTONIO,35
ATLANTICO,LURUACO,VARGAS LLERAS GERMAN,2695
ATLANTICO,LURUACO,VOTOS EN BLANCO,104
ATLANTICO,LURUACO,VOTOS NULOS,84
ATLANTICO,MALAMBO,DE LA CALLE LOMBANA HUMBERTO,470
ATLANTICO,MALAMBO,DUQUE MARQUEZ IVAN,9593
ATLANTICO,MALAMBO,FAJARDO VALDERRAMA SERGIO,2288
ATLANTICO,MALAMBO,MORALES HOYOS VIVIANE ALEIDA,77
ATLANTICO,MALAMBO,PETRO URREGO GUSTAVO FRANCISCO,16580
ATLANTICO,MALAMBO,PROMOTORES VOTO EN BLANCO,66
ATLANTICO,MALAMBO,TARJETAS NO MARCADAS,125
ATLANTICO,MALAMBO,TRUJILLO SARMIENTO JORGE ANTONIO,165
ATLANTICO,MALAMBO,VARGAS LLERAS GERMAN,7761
ATLANTICO,MALAMBO,VOTOS EN BLANCO,589
ATLANTICO,MALAMBO,VOTOS NULOS,471
ATLANTICO,MANATI,DE LA CALLE LOMBANA HUMBERTO,335
ATLANTICO,MANATI,DUQUE MARQUEZ IVAN,1219
ATLANTICO,MANATI,FAJARDO VALDERRAMA SERGIO,133
ATLANTICO,MANATI,MORALES HOYOS VIVIANE ALEIDA,8
ATLANTICO,MANATI,PETRO URREGO GUSTAVO FRANCISCO,628
ATLANTICO,MANATI,PROMOTORES VOTO EN BLANCO,1
ATLANTICO,MANATI,TARJETAS NO MARCADAS,15
ATLANTICO,MANATI,TRUJILLO SARMIENTO JORGE ANTONIO,8
ATLANTICO,MANATI,VARGAS LLERAS GERMAN,3594
ATLANTICO,MANATI,VOTOS EN BLANCO,47
ATLANTICO,MANATI,VOTOS NULOS,25
ATLANTICO,PALMAR DE VARELA,DE LA CALLE LOMBANA HUMBERTO,395
ATLANTICO,PALMAR DE VARELA,DUQUE MARQUEZ IVAN,1687
ATLANTICO,PALMAR DE VARELA,FAJARDO VALDERRAMA SERGIO,464
ATLANTICO,PALMAR DE VARELA,MORALES HOYOS VIVIANE ALEIDA,7
ATLANTICO,PALMAR DE VARELA,PETRO URREGO GUSTAVO FRANCISCO,4178
ATLANTICO,PALMAR DE VARELA,PROMOTORES VOTO EN BLANCO,7
ATLANTICO,PALMAR DE VARELA,TARJETAS NO MARCADAS,16
ATLANTICO,PALMAR DE VARELA,TRUJILLO SARMIENTO JORGE ANTONIO,13
ATLANTICO,PALMAR DE VARELA,VARGAS LLERAS GERMAN,2327
ATLANTICO,PALMAR DE VARELA,VOTOS EN BLANCO,106
ATLANTICO,PALMAR DE VARELA,VOTOS NULOS,65
ATLANTICO,PIOJO,DE LA CALLE LOMBANA HUMBERTO,44
ATLANTICO,PIOJO,DUQUE MARQUEZ IVAN,625
ATLANTICO,PIOJO,FAJARDO VALDERRAMA SERGIO,57
ATLANTICO,PIOJO,MORALES HOYOS VIVIANE ALEIDA,2
ATLANTICO,PIOJO,PETRO URREGO GUSTAVO FRANCISCO,638
ATLANTICO,PIOJO,PROMOTORES VOTO EN BLANCO,1
ATLANTICO,PIOJO,TARJETAS NO MARCADAS,11
ATLANTICO,PIOJO,TRUJILLO SARMIENTO JORGE ANTONIO,5
ATLANTICO,PIOJO,VARGAS LLERAS GERMAN,1289
ATLANTICO,PIOJO,VOTOS EN BLANCO,15
ATLANTICO,PIOJO,VOTOS NULOS,21
ATLANTICO,POLONUEVO,DE LA CALLE LOMBANA HUMBERTO,94
ATLANTICO,POLONUEVO,DUQUE MARQUEZ IVAN,880
ATLANTICO,POLONUEVO,FAJARDO VALDERRAMA SERGIO,234
ATLANTICO,POLONUEVO,MORALES HOYOS VIVIANE ALEIDA,14
ATLANTICO,POLONUEVO,PETRO URREGO GUSTAVO FRANCISCO,2914
ATLANTICO,POLONUEVO,PROMOTORES VOTO EN BLANCO,6
ATLANTICO,POLONUEVO,TARJETAS NO MARCADAS,31
ATLANTICO,POLONUEVO,TRUJILLO SARMIENTO JORGE ANTONIO,18
ATLANTICO,POLONUEVO,VARGAS LLERAS GERMAN,3407
ATLANTICO,POLONUEVO,VOTOS EN BLANCO,63
ATLANTICO,POLONUEVO,VOTOS NULOS,58
ATLANTICO,PONEDERA,DE LA CALLE LOMBANA HUMBERTO,153
ATLANTICO,PONEDERA,DUQUE MARQUEZ IVAN,2730
ATLANTICO,PONEDERA,FAJARDO VALDERRAMA SERGIO,217
ATLANTICO,PONEDERA,MORALES HOYOS VIVIANE ALEIDA,15
ATLANTICO,PONEDERA,PETRO URREGO GUSTAVO FRANCISCO,2253
ATLANTICO,PONEDERA,PROMOTORES VOTO EN BLANCO,8
ATLANTICO,PONEDERA,TARJETAS NO MARCADAS,14
ATLANTICO,PONEDERA,TRUJILLO SARMIENTO JORGE ANTONIO,20
ATLANTICO,PONEDERA,VARGAS LLERAS GERMAN,2253
ATLANTICO,PONEDERA,VOTOS EN BLANCO,78
ATLANTICO,PONEDERA,VOTOS NULOS,54
ATLANTICO,PUERTO COLOMBIA,DE LA CALLE LOMBANA HUMBERTO,466
ATLANTICO,PUERTO COLOMBIA,DUQUE MARQUEZ IVAN,4564
ATLANTICO,PUERTO COLOMBIA,FAJARDO VALDERRAMA SERGIO,1862
ATLANTICO,PUERTO COLOMBIA,MORALES HOYOS VIVIANE ALEIDA,23
ATLANTICO,PUERTO COLOMBIA,PETRO URREGO GUSTAVO FRANCISCO,5980
ATLANTICO,PUERTO COLOMBIA,PROMOTORES VOTO EN BLANCO,17
ATLANTICO,PUERTO COLOMBIA,TARJETAS NO MARCADAS,40
ATLANTICO,PUERTO COLOMBIA,TRUJILLO SARMIENTO JORGE ANTONIO,43
ATLANTICO,PUERTO COLOMBIA,VARGAS LLERAS GERMAN,3737
ATLANTICO,PUERTO COLOMBIA,VOTOS EN BLANCO,219
ATLANTICO,PUERTO COLOMBIA,VOTOS NULOS,128
ATLANTICO,REPELON,DE LA CALLE LOMBANA HUMBERTO,294
ATLANTICO,REPELON,DUQUE MARQUEZ IVAN,1716
ATLANTICO,REPELON,FAJARDO VALDERRAMA SERGIO,188
ATLANTICO,REPELON,MORALES HOYOS VIVIANE ALEIDA,7
ATLANTICO,REPELON,PETRO URREGO GUSTAVO FRANCISCO,1729
ATLANTICO,REPELON,PROMOTORES VOTO EN BLANCO,6
ATLANTICO,REPELON,TARJETAS NO MARCADAS,46
ATLANTICO,REPELON,TRUJILLO SARMIENTO JORGE ANTONIO,31
ATLANTICO,REPELON,VARGAS LLERAS GERMAN,5899
ATLANTICO,REPELON,VOTOS EN BLANCO,75
ATLANTICO,REPELON,VOTOS NULOS,88
ATLANTICO,SABANAGRANDE,DE LA CALLE LOMBANA HUMBERTO,242
ATLANTICO,SABANAGRANDE,DUQUE MARQUEZ IVAN,2793
ATLANTICO,SABANAGRANDE,FAJARDO VALDERRAMA SERGIO,775
ATLANTICO,SABANAGRANDE,MORALES HOYOS VIVIANE ALEIDA,21
ATLANTICO,SABANAGRANDE,PETRO URREGO GUSTAVO FRANCISCO,5055
ATLANTICO,SABANAGRANDE,PROMOTORES VOTO EN BLANCO,16
ATLANTICO,SABANAGRANDE,TARJETAS NO MARCADAS,21
ATLANTICO,SABANAGRANDE,TRUJILLO SARMIENTO JORGE ANTONIO,84
ATLANTICO,SABANAGRANDE,VARGAS LLERAS GERMAN,2777
ATLANTICO,SABANAGRANDE,VOTOS EN BLANCO,176
ATLANTICO,SABANAGRANDE,VOTOS NULOS,101
ATLANTICO,SABANALARGA,DE LA CALLE LOMBANA HUMBERTO,1317
ATLANTICO,SABANALARGA,DUQUE MARQUEZ IVAN,7442
ATLANTICO,SABANALARGA,FAJARDO VALDERRAMA SERGIO,1482
ATLANTICO,SABANALARGA,MORALES HOYOS VIVIANE ALEIDA,56
ATLANTICO,SABANALARGA,PETRO URREGO GUSTAVO FRANCISCO,11473
ATLANTICO,SABANALARGA,PROMOTORES VOTO EN BLANCO,27
ATLANTICO,SABANALARGA,TARJETAS NO MARCADAS,89
ATLANTICO,SABANALARGA,TRUJILLO SARMIENTO JORGE ANTONIO,66
ATLANTICO,SABANALARGA,VARGAS LLERAS GERMAN,12923
ATLANTICO,SABANALARGA,VOTOS EN BLANCO,421
ATLANTICO,SABANALARGA,VOTOS NULOS,353
ATLANTICO,SANTA LUCIA,DE LA CALLE LOMBANA HUMBERTO,149
ATLANTICO,SANTA LUCIA,DUQUE MARQUEZ IVAN,1241
ATLANTICO,SANTA LUCIA,FAJARDO VALDERRAMA SERGIO,57
ATLANTICO,SANTA LUCIA,MORALES HOYOS VIVIANE ALEIDA,5
ATLANTICO,SANTA LUCIA,PETRO URREGO GUSTAVO FRANCISCO,737
ATLANTICO,SANTA LUCIA,PROMOTORES VOTO EN BLANCO,2
ATLANTICO,SANTA LUCIA,TARJETAS NO MARCADAS,14
ATLANTICO,SANTA LUCIA,TRUJILLO SARMIENTO JORGE ANTONIO,10
ATLANTICO,SANTA LUCIA,VARGAS LLERAS GERMAN,2606
ATLANTICO,SANTA LUCIA,VOTOS EN BLANCO,19
ATLANTICO,SANTA LUCIA,VOTOS NULOS,19
ATLANTICO,SANTO TOMAS,DE LA CALLE LOMBANA HUMBERTO,242
ATLANTICO,SANTO TOMAS,DUQUE MARQUEZ IVAN,3308
ATLANTICO,SANTO TOMAS,FAJARDO VALDERRAMA SERGIO,1000
ATLANTICO,SANTO TOMAS,MORALES HOYOS VIVIANE ALEIDA,13
ATLANTICO,SANTO TOMAS,PETRO URREGO GUSTAVO FRANCISCO,6034
ATLANTICO,SANTO TOMAS,PROMOTORES VOTO EN BLANCO,12
ATLANTICO,SANTO TOMAS,TARJETAS NO MARCADAS,21
ATLANTICO,SANTO TOMAS,TRUJILLO SARMIENTO JORGE ANTONIO,21
ATLANTICO,SANTO TOMAS,VARGAS LLERAS GERMAN,1670
ATLANTICO,SANTO TOMAS,VOTOS EN BLANCO,188
ATLANTICO,SANTO TOMAS,VOTOS NULOS,69
ATLANTICO,SOLEDAD,DE LA CALLE LOMBANA HUMBERTO,1452
ATLANTICO,SOLEDAD,DUQUE MARQUEZ IVAN,30908
ATLANTICO,SOLEDAD,FAJARDO VALDERRAMA SERGIO,9789
ATLANTICO,SOLEDAD,MORALES HOYOS VIVIANE ALEIDA,196
ATLANTICO,SOLEDAD,PETRO URREGO GUSTAVO FRANCISCO,59634
ATLANTICO,SOLEDAD,PROMOTORES VOTO EN BLANCO,164
ATLANTICO,SOLEDAD,TARJETAS NO MARCADAS,208
ATLANTICO,SOLEDAD,TRUJILLO SARMIENTO JORGE ANTONIO,595
ATLANTICO,SOLEDAD,VARGAS LLERAS GERMAN,15357
ATLANTICO,SOLEDAD,VOTOS EN BLANCO,1824
ATLANTICO,SOLEDAD,VOTOS NULOS,1290
ATLANTICO,SUAN,DE LA CALLE LOMBANA HUMBERTO,252
ATLANTICO,SUAN,DUQUE MARQUEZ IVAN,1994
ATLANTICO,SUAN,FAJARDO VALDERRAMA SERGIO,183
ATLANTICO,SUAN,MORALES HOYOS VIVIANE ALEIDA,9
ATLANTICO,SUAN,PETRO URREGO GUSTAVO FRANCISCO,804
ATLANTICO,SUAN,PROMOTORES VOTO EN BLANCO,3
ATLANTICO,SUAN,TARJETAS NO MARCADAS,7
ATLANTICO,SUAN,TRUJILLO SARMIENTO JORGE ANTONIO,9
ATLANTICO,SUAN,VARGAS LLERAS GERMAN,1089
ATLANTICO,SUAN,VOTOS EN BLANCO,39
ATLANTICO,SUAN,VOTOS NULOS,16
ATLANTICO,TUBARA,DE LA CALLE LOMBANA HUMBERTO,120
ATLANTICO,TUBARA,DUQUE MARQUEZ IVAN,1205
ATLANTICO,TUBARA,FAJARDO VALDERRAMA SERGIO,307
ATLANTICO,TUBARA,MORALES HOYOS VIVIANE ALEIDA,6
ATLANTICO,TUBARA,PETRO URREGO GUSTAVO FRANCISCO,1877
ATLANTICO,TUBARA,PROMOTORES VOTO EN BLANCO,1
ATLANTICO,TUBARA,TARJETAS NO MARCADAS,13
ATLANTICO,TUBARA,TRUJILLO SARMIENTO JORGE ANTONIO,18
ATLANTICO,TUBARA,VARGAS LLERAS GERMAN,1377
ATLANTICO,TUBARA,VOTOS EN BLANCO,47
ATLANTICO,TUBARA,VOTOS NULOS,48
ATLANTICO,USIACURI,DE LA CALLE LOMBANA HUMBERTO,335
ATLANTICO,USIACURI,DUQUE MARQUEZ IVAN,1428
ATLANTICO,USIACURI,FAJARDO VALDERRAMA SERGIO,206
ATLANTICO,USIACURI,MORALES HOYOS VIVIANE ALEIDA,8
ATLANTICO,USIACURI,PETRO URREGO GUSTAVO FRANCISCO,1302
ATLANTICO,USIACURI,PROMOTORES VOTO EN BLANCO,5
ATLANTICO,USIACURI,TARJETAS NO MARCADAS,19
ATLANTICO,USIACURI,TRUJILLO SARMIENTO JORGE ANTONIO,12
ATLANTICO,USIACURI,VARGAS LLERAS GERMAN,842
ATLANTICO,USIACURI,VOTOS EN BLANCO,50
ATLANTICO,USIACURI,VOTOS NULOS,38
BOGOTA DC,BOGOTA DC,DE LA CALLE LOMBANA HUMBERTO,93401
BOGOTA DC,BOGOTA DC,DUQUE MARQUEZ IVAN,989744
BOGOTA DC,BOGOTA DC,FAJARDO VALDERRAMA SERGIO,1244477
BOGOTA DC,BOGOTA DC,MORALES HOYOS VIVIANE ALEIDA,5492
BOGOTA DC,BOGOTA DC,PETRO URREGO GUSTAVO FRANCISCO,1099955
BOGOTA DC,BOGOTA DC,PROMOTORES VOTO EN BLANCO,3901
BOGOTA DC,BOGOTA DC,TARJETAS NO MARCADAS,1885
BOGOTA DC,BOGOTA DC,TRUJILLO SARMIENTO JORGE ANTONIO,10696
BOGOTA DC,BOGOTA DC,VARGAS LLERAS GERMAN,172684
BOGOTA DC,BOGOTA DC,VOTOS EN BLANCO,55867
BOGOTA DC,BOGOTA DC,VOTOS NULOS,27858
BOLIVAR,ACHI,DE LA CALLE LOMBANA HUMBERTO,55
BOLIVAR,ACHI,DUQUE MARQUEZ IVAN,5954
BOLIVAR,ACHI,FAJARDO VALDERRAMA SERGIO,151
BOLIVAR,ACHI,MORALES HOYOS VIVIANE ALEIDA,27
BOLIVAR,ACHI,PETRO URREGO GUSTAVO FRANCISCO,965
BOLIVAR,ACHI,PROMOTORES VOTO EN BLANCO,6
BOLIVAR,ACHI,TARJETAS NO MARCADAS,4
BOLIVAR,ACHI,TRUJILLO SARMIENTO JORGE ANTONIO,23
BOLIVAR,ACHI,VARGAS LLERAS GERMAN,284
BOLIVAR,ACHI,VOTOS EN BLANCO,23
BOLIVAR,ACHI,VOTOS NULOS,37
BOLIVAR,ALTOS DEL ROSARIO,DE LA CALLE LOMBANA HUMBERTO,32
BOLIVAR,ALTOS DEL ROSARIO,DUQUE MARQUEZ IVAN,1209
BOLIVAR,ALTOS DEL ROSARIO,FAJARDO VALDERRAMA SERGIO,86
BOLIVAR,ALTOS DEL ROSARIO,MORALES HOYOS VIVIANE ALEIDA,15
BOLIVAR,ALTOS DEL ROSARIO,PETRO URREGO GUSTAVO FRANCISCO,566
BOLIVAR,ALTOS DEL ROSARIO,PROMOTORES VOTO EN BLANCO,1
BOLIVAR,ALTOS DEL ROSARIO,TARJETAS NO MARCADAS,11
BOLIVAR,ALTOS DEL ROSARIO,TRUJILLO SARMIENTO JORGE ANTONIO,19
BOLIVAR,ALTOS DEL ROSARIO,VARGAS LLERAS GERMAN,260
BOLIVAR,ALTOS DEL ROSARIO,VOTOS EN BLANCO,11
BOLIVAR,ALTOS DEL ROSARIO,VOTOS NULOS,21
BOLIVAR,ARENAL,DE LA CALLE LOMBANA HUMBERTO,14
BOLIVAR,ARENAL,DUQUE MARQUEZ IVAN,833
BOLIVAR,ARENAL,FAJARDO VALDERRAMA SERGIO,56
BOLIVAR,ARENAL,MORALES HOYOS VIVIANE ALEIDA,7
BOLIVAR,ARENAL,PETRO URREGO GUSTAVO FRANCISCO,824
BOLIVAR,ARENAL,PROMOTORES VOTO EN BLANCO,6
BOLIVAR,ARENAL,TARJETAS NO MARCADAS,5
BOLIVAR,ARENAL,TRUJILLO SARMIENTO JORGE ANTONIO,5
BOLIVAR,ARENAL,VARGAS LLERAS GERMAN,570
BOLIVAR,ARENAL,VOTOS EN BLANCO,18
BOLIVAR,ARENAL,VOTOS NULOS,17
BOLIVAR,ARJONA,DE LA CALLE LOMBANA HUMBERTO,318
BOLIVAR,ARJONA,DUQUE MARQUEZ IVAN,7086
BOLIVAR,ARJONA,FAJARDO VALDERRAMA SERGIO,1277
BOLIVAR,ARJONA,MORALES HOYOS VIVIANE ALEIDA,34
BOLIVAR,ARJONA,PETRO URREGO GUSTAVO FRANCISCO,9166
BOLIVAR,ARJONA,PROMOTORES VOTO EN BLANCO,49
BOLIVAR,ARJONA,TARJETAS NO MARCADAS,65
BOLIVAR,ARJONA,TRUJILLO SARMIENTO JORGE ANTONIO,139
BOLIVAR,ARJONA,VARGAS LLERAS GERMAN,1867
BOLIVAR,ARJONA,VOTOS EN BLANCO,347
BOLIVAR,ARJONA,VOTOS NULOS,238
BOLIVAR,ARROYOHONDO,DE LA CALLE LOMBANA HUMBERTO,117
BOLIVAR,ARROYOHONDO,DUQUE MARQUEZ IVAN,1751
BOLIVAR,ARROYOHONDO,FAJARDO VALDERRAMA SERGIO,89
BOLIVAR,ARROYOHONDO,MORALES HOYOS VIVIANE ALEIDA,15
BOLIVAR,ARROYOHONDO,PETRO URREGO GUSTAVO FRANCISCO,376
BOLIVAR,ARROYOHONDO,PROMOTORES VOTO EN BLANCO,5
BOLIVAR,ARROYOHONDO,TARJETAS NO MARCADAS,7
BOLIVAR,ARROYOHONDO,TRUJILLO SARMIENTO JORGE ANTONIO,8
BOLIVAR,ARROYOHONDO,VARGAS LLERAS GERMAN,759
BOLIVAR,ARROYOHONDO,VOTOS EN BLANCO,8
BOLIVAR,ARROYOHONDO,VOTOS NULOS,34
BOLIVAR,BARRANCO DE LOBA,DE LA CALLE LOMBANA HUMBERTO,43
BOLIVAR,BARRANCO DE LOBA,DUQUE MARQUEZ IVAN,2712
BOLIVAR,BARRANCO DE LOBA,FAJARDO VALDERRAMA SERGIO,89
BOLIVAR,BARRANCO DE LOBA,MORALES HOYOS VIVIANE ALEIDA,26
BOLIVAR,BARRANCO DE LOBA,PETRO URREGO GUSTAVO FRANCISCO,883
BOLIVAR,BARRANCO DE LOBA,PROMOTORES VOTO EN BLANCO,7
BOLIVAR,BARRANCO DE LOBA,TARJETAS NO MARCADAS,17
BOLIVAR,BARRANCO DE LOBA,TRUJILLO SARMIENTO JORGE ANTONIO,14
BOLIVAR,BARRANCO DE LOBA,VARGAS LLERAS GERMAN,350
BOLIVAR,BARRANCO DE LOBA,VOTOS EN BLANCO,24
BOLIVAR,BARRANCO DE LOBA,VOTOS NULOS,19
BOLIVAR,CALAMAR,DE LA CALLE LOMBANA HUMBERTO,387
BOLIVAR,CALAMAR,DUQUE MARQUEZ IVAN,3175
BOLIVAR,CALAMAR,FAJARDO VALDERRAMA SERGIO,114
BOLIVAR,CALAMAR,MORALES HOYOS VIVIANE ALEIDA,40
BOLIVAR,CALAMAR,PETRO URREGO GUSTAVO FRANCISCO,1692
BOLIVAR,CALAMAR,PROMOTORES VOTO EN BLANCO,14
BOLIVAR,CALAMAR,TARJETAS NO MARCADAS,40
BOLIVAR,CALAMAR,TRUJILLO SARMIENTO JORGE ANTONIO,48
BOLIVAR,CALAMAR,VARGAS LLERAS GERMAN,1532
BOLIVAR,CALAMAR,VOTOS EN BLANCO,82
BOLIVAR,CALAMAR,VOTOS NULOS,81
BOLIVAR,CANTAGALLO,DE LA CALLE LOMBANA HUMBERTO,36
BOLIVAR,CANTAGALLO,DUQUE MARQUEZ IVAN,927
BOLIVAR,CANTAGALLO,FAJARDO VALDERRAMA SERGIO,209
BOLIVAR,CANTAGALLO,MORALES HOYOS VIVIANE ALEIDA,4
BOLIVAR,CANTAGALLO,PETRO URREGO GUSTAVO FRANCISCO,1074
BOLIVAR,CANTAGALLO,PROMOTORES VOTO EN BLANCO,2
BOLIVAR,CANTAGALLO,TARJETAS NO MARCADAS,6
BOLIVAR,CANTAGALLO,TRUJILLO SARMIENTO JORGE ANTONIO,9
BOLIVAR,CANTAGALLO,VARGAS LLERAS GERMAN,801
BOLIVAR,CANTAGALLO,VOTOS EN BLANCO,36
BOLIVAR,CANTAGALLO,VOTOS NULOS,36
BOLIVAR,CARTAGENA DE INDIAS,DE LA CALLE LOMBANA HUMBERTO,4090
BOLIVAR,CARTAGENA DE INDIAS,DUQUE MARQUEZ IVAN,102348
BOLIVAR,CARTAGENA DE INDIAS,FAJARDO VALDERRAMA SERGIO,41259
BOLIVAR,CARTAGENA DE INDIAS,MORALES HOYOS VIVIANE ALEIDA,336
BOLIVAR,CARTAGENA DE INDIAS,PETRO URREGO GUSTAVO FRANCISCO,137432
BOLIVAR,CARTAGENA DE INDIAS,PROMOTORES VOTO EN BLANCO,427
BOLIVAR,CARTAGENA DE INDIAS,TARJETAS NO MARCADAS,373
BOLIVAR,CARTAGENA DE INDIAS,TRUJILLO SARMIENTO JORGE ANTONIO,952
BOLIVAR,CARTAGENA DE INDIAS,VARGAS LLERAS GERMAN,10620
BOLIVAR,CARTAGENA DE INDIAS,VOTOS EN BLANCO,4794
BOLIVAR,CARTAGENA DE INDIAS,VOTOS NULOS,1633
BOLIVAR,CICUCO,DE LA CALLE LOMBANA HUMBERTO,34
BOLIVAR,CICUCO,DUQUE MARQUEZ IVAN,1856
BOLIVAR,CICUCO,FAJARDO VALDERRAMA SERGIO,118
BOLIVAR,CICUCO,MORALES HOYOS VIVIANE ALEIDA,20
BOLIVAR,CICUCO,PETRO URREGO GUSTAVO FRANCISCO,1510
BOLIVAR,CICUCO,PROMOTORES VOTO EN BLANCO,12
BOLIVAR,CICUCO,TARJETAS NO MARCADAS,22
BOLIVAR,CICUCO,TRUJILLO SARMIENTO JORGE ANTONIO,22
BOLIVAR,CICUCO,VARGAS LLERAS GERMAN,489
BOLIVAR,CICUCO,VOTOS EN BLANCO,20
BOLIVAR,CICUCO,VOTOS NULOS,32
BOLIVAR,CLEMENCIA,DE LA CALLE LOMBANA HUMBERTO,116
BOLIVAR,CLEMENCIA,DUQUE MARQUEZ IVAN,1449
BOLIVAR,CLEMENCIA,FAJARDO VALDERRAMA SERGIO,130
BOLIVAR,CLEMENCIA,MORALES HOYOS VIVIANE ALEIDA,16
BOLIVAR,CLEMENCIA,PETRO URREGO GUSTAVO FRANCISCO,993
BOLIVAR,CLEMENCIA,PROMOTORES VOTO EN BLANCO,6
BOLIVAR,CLEMENCIA,TARJETAS NO MARCADAS,17
BOLIVAR,CLEMENCIA,TRUJILLO SARMIENTO JORGE ANTONIO,19
BOLIVAR,CLEMENCIA,VARGAS LLERAS GERMAN,1563
BOLIVAR,CLEMENCIA,VOTOS EN BLANCO,46
BOLIVAR,CLEMENCIA,VOTOS NULOS,53
BOLIVAR,CORDOBA,DE LA CALLE LOMBANA HUMBERTO,87
BOLIVAR,CORDOBA,DUQUE MARQUEZ IVAN,2102
BOLIVAR,CORDOBA,FAJARDO VALDERRAMA SERGIO,125
BOLIVAR,CORDOBA,MORALES HOYOS VIVIANE ALEIDA,18
BOLIVAR,CORDOBA,PETRO URREGO GUSTAVO FRANCISCO,2786
BOLIVAR,CORDOBA,PROMOTORES VOTO EN BLANCO,7
BOLIVAR,CORDOBA,TARJETAS NO MARCADAS,24
BOLIVAR,CORDOBA,TRUJILLO SARMIENTO JORGE ANTONIO,26
BOLIVAR,CORDOBA,VARGAS LLERAS GERMAN,1347
BOLIVAR,CORDOBA,VOTOS EN BLANCO,37
BOLIVAR,CORDOBA,VOTOS NULOS,35
BOLIVAR,EL CARMEN DE BOLIVAR,DE LA CALLE LOMBANA HUMBERTO,463
BOLIVAR,EL CARMEN DE BOLIVAR,DUQUE MARQUEZ IVAN,14968
BOLIVAR,EL CARMEN DE BOLIVAR,FAJARDO VALDERRAMA SERGIO,626
BOLIVAR,EL CARMEN DE BOLIVAR,MORALES HOYOS VIVIANE ALEIDA,72
BOLIVAR,EL CARMEN DE BOLIVAR,PETRO URREGO GUSTAVO FRANCISCO,4665
BOLIVAR,EL CARMEN DE BOLIVAR,PROMOTORES VOTO EN BLANCO,31
BOLIVAR,EL CARMEN DE BOLIVAR,TARJETAS NO MARCADAS,80
BOLIVAR,EL CARMEN DE BOLIVAR,TRUJILLO SARMIENTO JORGE ANTONIO,63
BOLIVAR,EL CARMEN DE BOLIVAR,VARGAS LLERAS GERMAN,1796
BOLIVAR,EL CARMEN DE BOLIVAR,VOTOS EN BLANCO,199
BOLIVAR,EL CARMEN DE BOLIVAR,VOTOS NULOS,222
BOLIVAR,EL GUAMO,DE LA CALLE LOMBANA HUMBERTO,255
BOLIVAR,EL GUAMO,DUQUE MARQUEZ IVAN,1455
BOLIVAR,EL GUAMO,FAJARDO VALDERRAMA SERGIO,45
BOLIVAR,EL GUAMO,MORALES HOYOS VIVIANE ALEIDA,15
BOLIVAR,EL GUAMO,PETRO URREGO GUSTAVO FRANCISCO,772
BOLIVAR,EL GUAMO,PROMOTORES VOTO EN BLANCO,2
BOLIVAR,EL GUAMO,TARJETAS NO MARCADAS,11
BOLIVAR,EL GUAMO,TRUJILLO SARMIENTO JORGE ANTONIO,13
BOLIVAR,EL GUAMO,VARGAS LLERAS GERMAN,490
BOLIVAR,EL GUAMO,VOTOS EN BLANCO,8
BOLIVAR,EL GUAMO,VOTOS NULOS,16
BOLIVAR,EL PENON,DE LA CALLE LOMBANA HUMBERTO,35
BOLIVAR,EL PENON,DUQUE MARQUEZ IVAN,1107
BOLIVAR,EL PENON,FAJARDO VALDERRAMA SERGIO,42
BOLIVAR,EL PENON,MORALES HOYOS VIVIANE ALEIDA,7
BOLIVAR,EL PENON,PETRO URREGO GUSTAVO FRANCISCO,676
BOLIVAR,EL PENON,PROMOTORES VOTO EN BLANCO,3
BOLIVAR,EL PENON,TARJETAS NO MARCADAS,3
BOLIVAR,EL PENON,TRUJILLO SARMIENTO JORGE ANTONIO,10
BOLIVAR,EL PENON,VARGAS LLERAS GERMAN,677
BOLIVAR,EL PENON,VOTOS EN BLANCO,13
BOLIVAR,EL PENON,VOTOS NULOS,25
BOLIVAR,HATILLO DE LOBA,DE LA CALLE LOMBANA HUMBERTO,26
BOLIVAR,HATILLO DE LOBA,DUQUE MARQUEZ IVAN,2879
BOLIVAR,HATILLO DE LOBA,FAJARDO VALDERRAMA SERGIO,58
BOLIVAR,HATILLO DE LOBA,MORALES HOYOS VIVIANE ALEIDA,18
BOLIVAR,HATILLO DE LOBA,PETRO URREGO GUSTAVO FRANCISCO,580
BOLIVAR,HATILLO DE LOBA,PROMOTORES VOTO EN BLANCO,6
BOLIVAR,HATILLO DE LOBA,TARJETAS NO MARCADAS,12
BOLIVAR,HATILLO DE LOBA,TRUJILLO SARMIENTO JORGE ANTONIO,7
BOLIVAR,HATILLO DE LOBA,VARGAS LLERAS GERMAN,672
BOLIVAR,HATILLO DE LOBA,VOTOS EN BLANCO,9
BOLIVAR,HATILLO DE LOBA,VOTOS NULOS,33
BOLIVAR,MAGANGUE,DE LA CALLE LOMBANA HUMBERTO,465
BOLIVAR,MAGANGUE,DUQUE MARQUEZ IVAN,17509
BOLIVAR,MAGANGUE,FAJARDO VALDERRAMA SERGIO,1786
BOLIVAR,MAGANGUE,MORALES HOYOS VIVIANE ALEIDA,126
BOLIVAR,MAGANGUE,PETRO URREGO GUSTAVO FRANCISCO,17047
BOLIVAR,MAGANGUE,PROMOTORES VOTO EN BLANCO,127
BOLIVAR,MAGANGUE,TARJETAS NO MARCADAS,132
BOLIVAR,MAGANGUE,TRUJILLO SARMIENTO JORGE ANTONIO,165
BOLIVAR,MAGANGUE,VARGAS LLERAS GERMAN,4695
BOLIVAR,MAGANGUE,VOTOS EN BLANCO,397
BOLIVAR,MAGANGUE,VOTOS NULOS,377
BOLIVAR,MAHATES,DE LA CALLE LOMBANA HUMBERTO,232
BOLIVAR,MAHATES,DUQUE MARQUEZ IVAN,4243
BOLIVAR,MAHATES,FAJARDO VALDERRAMA SERGIO,216
BOLIVAR,MAHATES,MORALES HOYOS VIVIANE ALEIDA,18
BOLIVAR,MAHATES,PETRO URREGO GUSTAVO FRANCISCO,2072
BOLIVAR,MAHATES,PROMOTORES VOTO EN BLANCO,7
BOLIVAR,MAHATES,TARJETAS NO MARCADAS,22
BOLIVAR,MAHATES,TRUJILLO SARMIENTO JORGE ANTONIO,23
BOLIVAR,MAHATES,VARGAS LLERAS GERMAN,933
BOLIVAR,MAHATES,VOTOS EN BLANCO,69
BOLIVAR,MAHATES,VOTOS NULOS,62
BOLIVAR,MARGARITA,DE LA CALLE LOMBANA HUMBERTO,36
BOLIVAR,MARGARITA,DUQUE MARQUEZ IVAN,2000
BOLIVAR,MARGARITA,FAJARDO VALDERRAMA SERGIO,115
BOLIVAR,MARGARITA,MORALES HOYOS VIVIANE ALEIDA,16
BOLIVAR,MARGARITA,PETRO URREGO GUSTAVO FRANCISCO,713
BOLIVAR,MARGARITA,PROMOTORES VOTO EN BLANCO,1
BOLIVAR,MARGARITA,TARJETAS NO MARCADAS,11
BOLIVAR,MARGARITA,TRUJILLO SARMIENTO JORGE ANTONIO,17
BOLIVAR,MARGARITA,VARGAS LLERAS GERMAN,930
BOLIVAR,MARGARITA,VOTOS EN BLANCO,22
BOLIVAR,MARGARITA,VOTOS NULOS,22
BOLIVAR,MARIA LA BAJA,DE LA CALLE LOMBANA HUMBERTO,233
BOLIVAR,MARIA LA BAJA,DUQUE MARQUEZ IVAN,4469
BOLIVAR,MARIA LA BAJA,FAJARDO VALDERRAMA SERGIO,431
BOLIVAR,MARIA LA BAJA,MORALES HOYOS VIVIANE ALEIDA,40
BOLIVAR,MARIA LA BAJA,PETRO URREGO GUSTAVO FRANCISCO,5962
BOLIVAR,MARIA LA BAJA,PROMOTORES VOTO EN BLANCO,17
BOLIVAR,MARIA LA BAJA,TARJETAS NO MARCADAS,67
BOLIVAR,MARIA LA BAJA,TRUJILLO SARMIENTO JORGE ANTONIO,70
BOLIVAR,MARIA LA BAJA,VARGAS LLERAS GERMAN,1219
BOLIVAR,MARIA LA BAJA,VOTOS EN BLANCO,128
BOLIVAR,MARIA LA BAJA,VOTOS NULOS,147
BOLIVAR,MONTECRISTO,DE LA CALLE LOMBANA HUMBERTO,76
BOLIVAR,MONTECRISTO,DUQUE MARQUEZ IVAN,1342
BOLIVAR,MONTECRISTO,FAJARDO VALDERRAMA SERGIO,101
BOLIVAR,MONTECRISTO,MORALES HOYOS VIVIANE ALEIDA,9
BOLIVAR,MONTECRISTO,PETRO URREGO GUSTAVO FRANCISCO,863
BOLIVAR,MONTECRISTO,PROMOTORES VOTO EN BLANCO,6
BOLIVAR,MONTECRISTO,TARJETAS NO MARCADAS,16
BOLIVAR,MONTECRISTO,TRUJILLO SARMIENTO JORGE ANTONIO,19
BOLIVAR,MONTECRISTO,VARGAS LLERAS GERMAN,198
BOLIVAR,MONTECRISTO,VOTOS EN BLANCO,17
BOLIVAR,MONTECRISTO,VOTOS NULOS,9
BOLIVAR,MORALES,DE LA CALLE LOMBANA HUMBERTO,41
BOLIVAR,MORALES,DUQUE MARQUEZ IVAN,3581
BOLIVAR,MORALES,FAJARDO VALDERRAMA SERGIO,188
BOLIVAR,MORALES,MORALES HOYOS VIVIANE ALEIDA,21
BOLIVAR,MORALES,PETRO URREGO GUSTAVO FRANCISCO,1102
BOLIVAR,MORALES,PROMOTORES VOTO EN BLANCO,8
BOLIVAR,MORALES,TARJETAS NO MARCADAS,21
BOLIVAR,MORALES,TRUJILLO SARMIENTO JORGE ANTONIO,21
BOLIVAR,MORALES,VARGAS LLERAS GERMAN,594
BOLIVAR,MORALES,VOTOS EN BLANCO,42
BOLIVAR,MORALES,VOTOS NULOS,53
BOLIVAR,NOROSI,DE LA CALLE LOMBANA HUMBERTO,17
BOLIVAR,NOROSI,DUQUE MARQUEZ IVAN,539
BOLIVAR,NOROSI,FAJARDO VALDERRAMA SERGIO,50
BOLIVAR,NOROSI,MORALES HOYOS VIVIANE ALEIDA,6
BOLIVAR,NOROSI,PETRO URREGO GUSTAVO FRANCISCO,587
BOLIVAR,NOROSI,PROMOTORES VOTO EN BLANCO,4
BOLIVAR,NOROSI,TARJETAS NO MARCADAS,7
BOLIVAR,NOROSI,TRUJILLO SARMIENTO JORGE ANTONIO,6
BOLIVAR,NOROSI,VARGAS LLERAS GERMAN,310
BOLIVAR,NOROSI,VOTOS EN BLANCO,20
BOLIVAR,NOROSI,VOTOS NULOS,17
BOLIVAR,PINILLOS,DE LA CALLE LOMBANA HUMBERTO,63
BOLIVAR,PINILLOS,DUQUE MARQUEZ IVAN,4087
BOLIVAR,PINILLOS,FAJARDO VALDERRAMA SERGIO,90
BOLIVAR,PINILLOS,MORALES HOYOS VIVIANE ALEIDA,32
BOLIVAR,PINILLOS,PETRO URREGO GUSTAVO FRANCISCO,1362
BOLIVAR,PINILLOS,PROMOTORES VOTO EN BLANCO,8
BOLIVAR,PINILLOS,TARJETAS NO MARCADAS,18
BOLIVAR,PINILLOS,TRUJILLO SARMIENTO JORGE ANTONIO,25
BOLIVAR,PINILLOS,VARGAS LLERAS GERMAN,833
BOLIVAR,PINILLOS,VOTOS EN BLANCO,24
BOLIVAR,PINILLOS,VOTOS NULOS,58
BOLIVAR,REGIDOR,DE LA CALLE LOMBANA HUMBERTO,16
BOLIVAR,REGIDOR,DUQUE MARQUEZ IVAN,637
BOLIVAR,REGIDOR,FAJARDO VALDERRAMA SERGIO,44
BOLIVAR,REGIDOR,PETRO URREGO GUSTAVO FRANCISCO,737
BOLIVAR,REGIDOR,PROMOTORES VOTO EN BLANCO,2
BOLIVAR,REGIDOR,TARJETAS NO MARCADAS,4
BOLIVAR,REGIDOR,TRUJILLO SARMIENTO JORGE ANTONIO,5
BOLIVAR,REGIDOR,VARGAS LLERAS GERMAN,640
BOLIVAR,REGIDOR,VOTOS EN BLANCO,7
BOLIVAR,REGIDOR,VOTOS NULOS,12
BOLIVAR,RIO VIEJO,DE LA CALLE LOMBANA HUMBERTO,17
BOLIVAR,RIO VIEJO,DUQUE MARQUEZ IVAN,1459
BOLIVAR,RIO VIEJO,FAJARDO VALDERRAMA SERGIO,57
BOLIVAR,RIO VIEJO,MORALES HOYOS VIVIANE ALEIDA,1
BOLIVAR,RIO VIEJO,PETRO URREGO GUSTAVO FRANCISCO,614
BOLIVAR,RIO VIEJO,PROMOTORES VOTO EN BLANCO,1
BOLIVAR,RIO VIEJO,TARJETAS NO MARCADAS,7
BOLIVAR,RIO VIEJO,TRUJILLO SARMIENTO JORGE ANTONIO,9
BOLIVAR,RIO VIEJO,VARGAS LLERAS GERMAN,843
BOLIVAR,RIO VIEJO,VOTOS EN BLANCO,25
BOLIVAR,RIO VIEJO,VOTOS NULOS,18
BOLIVAR,SAN CRISTOBAL,DE LA CALLE LOMBANA HUMBERTO,133
BOLIVAR,SAN CRISTOBAL,DUQUE MARQUEZ IVAN,660
BOLIVAR,SAN CRISTOBAL,FAJARDO VALDERRAMA SERGIO,59
BOLIVAR,SAN CRISTOBAL,PETRO URREGO GUSTAVO FRANCISCO,1065
BOLIVAR,SAN CRISTOBAL,PROMOTORES VOTO EN BLANCO,5
BOLIVAR,SAN CRISTOBAL,TARJETAS NO MARCADAS,5
BOLIVAR,SAN CRISTOBAL,TRUJILLO SARMIENTO JORGE ANTONIO,1
BOLIVAR,SAN CRISTOBAL,VARGAS LLERAS GERMAN,1057
BOLIVAR,SAN CRISTOBAL,VOTOS EN BLANCO,26
BOLIVAR,SAN CRISTOBAL,VOTOS NULOS,7
BOLIVAR,SAN ESTANISLAO,DE LA CALLE LOMBANA HUMBERTO,556
BOLIVAR,SAN ESTANISLAO,DUQUE MARQUEZ IVAN,3072
BOLIVAR,SAN ESTANISLAO,FAJARDO VALDERRAMA SERGIO,156
BOLIVAR,SAN ESTANISLAO,MORALES HOYOS VIVIANE ALEIDA,13
BOLIVAR,SAN ESTANISLAO,PETRO URREGO GUSTAVO FRANCISCO,1468
BOLIVAR,SAN ESTANISLAO,PROMOTORES VOTO EN BLANCO,7
BOLIVAR,SAN ESTANISLAO,TARJETAS NO MARCADAS,24
BOLIVAR,SAN ESTANISLAO,TRUJILLO SARMIENTO JORGE ANTONIO,13
BOLIVAR,SAN ESTANISLAO,VARGAS LLERAS GERMAN,1184
BOLIVAR,SAN ESTANISLAO,VOTOS EN BLANCO,76
BOLIVAR,SAN ESTANISLAO,VOTOS NULOS,71
BOLIVAR,SAN FERNANDO,DE LA CALLE LOMBANA HUMBERTO,19
BOLIVAR,SAN FERNANDO,DUQUE MARQUEZ IVAN,973
BOLIVAR,SAN FERNANDO,FAJARDO VALDERRAMA SERGIO,57
BOLIVAR,SAN FERNANDO,MORALES HOYOS VIVIANE ALEIDA,5
BOLIVAR,SAN FERNANDO,PETRO URREGO GUSTAVO FRANCISCO,745
BOLIVAR,SAN FERNANDO,PROMOTORES VOTO EN BLANCO,1
BOLIVAR,SAN FERNANDO,TARJETAS NO MARCADAS,5
BOLIVAR,SAN FERNANDO,TRUJILLO SARMIENTO JORGE ANTONIO,4
BOLIVAR,SAN FERNANDO,VARGAS LLERAS GERMAN,1687
BOLIVAR,SAN FERNANDO,VOTOS EN BLANCO,9
BOLIVAR,SAN FERNANDO,VOTOS NULOS,53
BOLIVAR,SAN JACINTO,DE LA CALLE LOMBANA HUMBERTO,371
BOLIVAR,SAN JACINTO,DUQUE MARQUEZ IVAN,5611
BOLIVAR,SAN JACINTO,FAJARDO VALDERRAMA SERGIO,348
BOLIVAR,SAN JACINTO,MORALES HOYOS VIVIANE ALEIDA,28
BOLIVAR,SAN JACINTO,PETRO URREGO GUSTAVO FRANCISCO,2495
BOLIVAR,SAN JACINTO,PROMOTORES VOTO EN BLANCO,8
BOLIVAR,SAN JACINTO,TARJETAS NO MARCADAS,48
BOLIVAR,SAN JACINTO,TRUJILLO SARMIENTO JORGE ANTONIO,20
BOLIVAR,SAN JACINTO,VARGAS LLERAS GERMAN,715
BOLIVAR,SAN JACINTO,VOTOS EN BLANCO,59
BOLIVAR,SAN JACINTO,VOTOS NULOS,76
BOLIVAR,SAN JACINTO DEL CAUCA,DE LA CALLE LOMBANA HUMBERTO,127
BOLIVAR,SAN JACINTO DEL CAUCA,DUQUE MARQUEZ IVAN,1511
BOLIVAR,SAN JACINTO DEL CAUCA,FAJARDO VALDERRAMA SERGIO,86
BOLIVAR,SAN JACINTO DEL CAUCA,MORALES HOYOS VIVIANE ALEIDA,5
BOLIVAR,SAN JACINTO DEL CAUCA,PETRO URREGO GUSTAVO FRANCISCO,659
BOLIVAR,SAN JACINTO DEL CAUCA,TARJETAS NO MARCADAS,11
BOLIVAR,SAN JACINTO DEL CAUCA,TRUJILLO SARMIENTO JORGE ANTONIO,15
BOLIVAR,SAN JACINTO DEL CAUCA,VARGAS LLERAS GERMAN,146
BOLIVAR,SAN JACINTO DEL CAUCA,VOTOS EN BLANCO,15
BOLIVAR,SAN JACINTO DEL CAUCA,VOTOS NULOS,21
BOLIVAR,SAN JUAN NEPOMUCENO,DE LA CALLE LOMBANA HUMBERTO,144
BOLIVAR,SAN JUAN NEPOMUCENO,DUQUE MARQUEZ IVAN,7978
BOLIVAR,SAN JUAN NEPOMUCENO,FAJARDO VALDERRAMA SERGIO,700
BOLIVAR,SAN JUAN NEPOMUCENO,MORALES HOYOS VIVIANE ALEIDA,45
BOLIVAR,SAN JUAN NEPOMUCENO,PETRO URREGO GUSTAVO FRANCISCO,3121
BOLIVAR,SAN JUAN NEPOMUCENO,PROMOTORES VOTO EN BLANCO,13
BOLIVAR,SAN JUAN NEPOMUCENO,TARJETAS NO MARCADAS,47
BOLIVAR,SAN JUAN NEPOMUCENO,TRUJILLO SARMIENTO JORGE ANTONIO,36
BOLIVAR,SAN JUAN NEPOMUCENO,VARGAS LLERAS GERMAN,1248
BOLIVAR,SAN JUAN NEPOMUCENO,VOTOS EN BLANCO,113
BOLIVAR,SAN JUAN NEPOMUCENO,VOTOS NULOS,102
BOLIVAR,SAN MARTIN DE LOBA,DE LA CALLE LOMBANA HUMBERTO,37
BOLIVAR,SAN MARTIN DE LOBA,DUQUE MARQUEZ IVAN,2101
BOLIVAR,SAN MARTIN DE LOBA,FAJARDO VALDERRAMA SERGIO,154
BOLIVAR,SAN MARTIN DE LOBA,MORALES HOYOS VIVIANE ALEIDA,14
BOLIVAR,SAN MARTIN DE LOBA,PETRO URREGO GUSTAVO FRANCISCO,1384
BOLIVAR,SAN MARTIN DE LOBA,PROMOTORES VOTO EN BLANCO,3
BOLIVAR,SAN MARTIN DE LOBA,TARJETAS NO MARCADAS,16
BOLIVAR,SAN MARTIN DE LOBA,TRUJILLO SARMIENTO JORGE ANTONIO,23
BOLIVAR,SAN MARTIN DE LOBA,VARGAS LLERAS GERMAN,821
BOLIVAR,SAN MARTIN DE LOBA,VOTOS EN BLANCO,37
BOLIVAR,SAN MARTIN DE LOBA,VOTOS NULOS,38
BOLIVAR,SAN PABLO,DE LA CALLE LOMBANA HUMBERTO,79
BOLIVAR,SAN PABLO,DUQUE MARQUEZ IVAN,3920
BOLIVAR,SAN PABLO,FAJARDO VALDERRAMA SERGIO,471
BOLIVAR,SAN PABLO,MORALES HOYOS VIVIANE ALEIDA,28
BOLIVAR,SAN PABLO,PETRO URREGO GUSTAVO FRANCISCO,2297
BOLIVAR,SAN PABLO,PROMOTORES VOTO EN BLANCO,15
BOLIVAR,SAN PABLO,TARJETAS NO MARCADAS,55
BOLIVAR,SAN PABLO,TRUJILLO SARMIENTO JORGE ANTONIO,31
BOLIVAR,SAN PABLO,VARGAS LLERAS GERMAN,738
BOLIVAR,SAN PABLO,VOTOS EN BLANCO,112
BOLIVAR,SAN PABLO,VOTOS NULOS,115
BOLIVAR,SANTA CATALINA,DE LA CALLE LOMBANA HUMBERTO,127
BOLIVAR,SANTA CATALINA,DUQUE MARQUEZ IVAN,1353
BOLIVAR,SANTA CATALINA,FAJARDO VALDERRAMA SERGIO,136
BOLIVAR,SANTA CATALINA,MORALES HOYOS VIVIANE ALEIDA,13
BOLIVAR,SANTA CATALINA,PETRO URREGO GUSTAVO FRANCISCO,1674
BOLIVAR,SANTA CATALINA,PROMOTORES VOTO EN BLANCO,2
BOLIVAR,SANTA CATALINA,TARJETAS NO MARCADAS,14
BOLIVAR,SANTA CATALINA,TRUJILLO SARMIENTO JORGE ANTONIO,15
BOLIVAR,SANTA CATALINA,VARGAS LLERAS GERMAN,1065
BOLIVAR,SANTA CATALINA,VOTOS EN BLANCO,50
BOLIVAR,SANTA CATALINA,VOTOS NULOS,21
BOLIVAR,SANTA CRUZ DE MOMPOX,DE LA CALLE LOMBANA HUMBERTO,150
BOLIVAR,SANTA CRUZ DE MOMPOX,DUQUE MARQUEZ IVAN,6709
BOLIVAR,SANTA CRUZ DE MOMPOX,FAJARDO VALDERRAMA SERGIO,572
BOLIVAR,SANTA CRUZ DE MOMPOX,MORALES HOYOS VIVIANE ALEIDA,45
BOLIVAR,SANTA CRUZ DE MOMPOX,PETRO URREGO GUSTAVO FRANCISCO,5091
BOLIVAR,SANTA CRUZ DE MOMPOX,PROMOTORES VOTO EN BLANCO,12
BOLIVAR,SANTA CRUZ DE MOMPOX,TARJETAS NO MARCADAS,55
BOLIVAR,SANTA CRUZ DE MOMPOX,TRUJILLO SARMIENTO JORGE ANTONIO,40
BOLIVAR,SANTA CRUZ DE MOMPOX,VARGAS LLERAS GERMAN,1078
BOLIVAR,SANTA CRUZ DE MOMPOX,VOTOS EN BLANCO,94
BOLIVAR,SANTA CRUZ DE MOMPOX,VOTOS NULOS,100
BOLIVAR,SANTA ROSA,DE LA CALLE LOMBANA HUMBERTO,45
BOLIVAR,SANTA ROSA,DUQUE MARQUEZ IVAN,1810
BOLIVAR,SANTA ROSA,FAJARDO VALDERRAMA SERGIO,182
BOLIVAR,SANTA ROSA,MORALES HOYOS VIVIANE ALEIDA,9
BOLIVAR,SANTA ROSA,PETRO URREGO GUSTAVO FRANCISCO,2468
BOLIVAR,SANTA ROSA,PROMOTORES VOTO EN BLANCO,5
BOLIVAR,SANTA ROSA,TARJETAS NO MARCADAS,19
BOLIVAR,SANTA ROSA,TRUJILLO SARMIENTO JORGE ANTONIO,20
BOLIVAR,SANTA ROSA,VARGAS LLERAS GERMAN,310
BOLIVAR,SANTA ROSA,VOTOS EN BLANCO,63
BOLIVAR,SANTA ROSA,VOTOS NULOS,34
BOLIVAR,SANTA ROSA DEL SUR,DE LA CALLE LOMBANA HUMBERTO,106
BOLIVAR,SANTA ROSA DEL SUR,DUQUE MARQUEZ IVAN,7824
BOLIVAR,SANTA ROSA DEL SUR,FAJARDO VALDERRAMA SERGIO,994
BOLIVAR,SANTA ROSA DEL SUR,MORALES HOYOS VIVIANE ALEIDA,33
BOLIVAR,SANTA ROSA DEL SUR,PETRO URREGO GUSTAVO FRANCISCO,1284
BOLIVAR,SANTA ROSA DEL SUR,PROMOTORES VOTO EN BLANCO,31
BOLIVAR,SANTA ROSA DEL SUR,TARJETAS NO MARCADAS,53
BOLIVAR,SANTA ROSA DEL SUR,TRUJILLO SARMIENTO JORGE ANTONIO,40
BOLIVAR,SANTA ROSA DEL SUR,VARGAS LLERAS GERMAN,334
BOLIVAR,SANTA ROSA DEL SUR,VOTOS EN BLANCO,268
BOLIVAR,SANTA ROSA DEL SUR,VOTOS NULOS,191
BOLIVAR,SIMITI,DE LA CALLE LOMBANA HUMBERTO,73
BOLIVAR,SIMITI,DUQUE MARQUEZ IVAN,2865
BOLIVAR,SIMITI,FAJARDO VALDERRAMA SERGIO,315
BOLIVAR,SIMITI,MORALES HOYOS VIVIANE ALEIDA,25
BOLIVAR,SIMITI,PETRO URREGO GUSTAVO FRANCISCO,1064
BOLIVAR,SIMITI,PROMOTORES VOTO EN BLANCO,13
BOLIVAR,SIMITI,TARJETAS NO MARCADAS,27
BOLIVAR,SIMITI,TRUJILLO SARMIENTO JORGE ANTONIO,28
BOLIVAR,SIMITI,VARGAS LLERAS GERMAN,750
BOLIVAR,SIMITI,VOTOS EN BLANCO,98
BOLIVAR,SIMITI,VOTOS NULOS,64
BOLIVAR,SOPLAVIENTO,DE LA CALLE LOMBANA HUMBERTO,118
BOLIVAR,SOPLAVIENTO,DUQUE MARQUEZ IVAN,592
BOLIVAR,SOPLAVIENTO,FAJARDO VALDERRAMA SERGIO,88
BOLIVAR,SOPLAVIENTO,MORALES HOYOS VIVIANE ALEIDA,6
BOLIVAR,SOPLAVIENTO,PETRO URREGO GUSTAVO FRANCISCO,2024
BOLIVAR,SOPLAVIENTO,PROMOTORES VOTO EN BLANCO,5
BOLIVAR,SOPLAVIENTO,TARJETAS NO MARCADAS,14
BOLIVAR,SOPLAVIENTO,TRUJILLO SARMIENTO JORGE ANTONIO,10
BOLIVAR,SOPLAVIENTO,VARGAS LLERAS GERMAN,881
BOLIVAR,SOPLAVIENTO,VOTOS EN BLANCO,52
BOLIVAR,SOPLAVIENTO,VOTOS NULOS,13
BOLIVAR,TALAIGUA NUEVO,DE LA CALLE LOMBANA HUMBERTO,33
BOLIVAR,TALAIGUA NUEVO,DUQUE MARQUEZ IVAN,2314
BOLIVAR,TALAIGUA NUEVO,FAJARDO VALDERRAMA SERGIO,171
BOLIVAR,TALAIGUA NUEVO,MORALES HOYOS VIVIANE ALEIDA,6
BOLIVAR,TALAIGUA NUEVO,PETRO URREGO GUSTAVO FRANCISCO,1027
BOLIVAR,TALAIGUA NUEVO,PROMOTORES VOTO EN BLANCO,1
BOLIVAR,TALAIGUA NUEVO,TARJETAS NO MARCADAS,8
BOLIVAR,TALAIGUA NUEVO,TRUJILLO SARMIENTO JORGE ANTONIO,12
BOLIVAR,TALAIGUA NUEVO,VARGAS LLERAS GERMAN,722
BOLIVAR,TALAIGUA NUEVO,VOTOS EN BLANCO,23
BOLIVAR,TALAIGUA NUEVO,VOTOS NULOS,29
BOLIVAR,TIQUISIO,DE LA CALLE LOMBANA HUMBERTO,33
BOLIVAR,TIQUISIO,DUQUE MARQUEZ IVAN,2936
BOLIVAR,TIQUISIO,FAJARDO VALDERRAMA SERGIO,74
BOLIVAR,TIQUISIO,MORALES HOYOS VIVIANE ALEIDA,24
BOLIVAR,TIQUISIO,PETRO URREGO GUSTAVO FRANCISCO,861
BOLIVAR,TIQUISIO,PROMOTORES VOTO EN BLANCO,9
BOLIVAR,TIQUISIO,TARJETAS NO MARCADAS,23
BOLIVAR,TIQUISIO,TRUJILLO SARMIENTO JORGE ANTONIO,8
BOLIVAR,TIQUISIO,VARGAS LLERAS GERMAN,530
BOLIVAR,TIQUISIO,VOTOS EN BLANCO,43
BOLIVAR,TIQUISIO,VOTOS NULOS,29
BOLIVAR,TURBACO,DE LA CALLE LOMBANA HUMBERTO,512
BOLIVAR,TURBACO,DUQUE MARQUEZ IVAN,8090
BOLIVAR,TURBACO,FAJARDO VALDERRAMA SERGIO,3061
BOLIVAR,TURBACO,MORALES HOYOS VIVIANE ALEIDA,26
BOLIVAR,TURBACO,PETRO URREGO GUSTAVO FRANCISCO,10976
BOLIVAR,TURBACO,PROMOTORES VOTO EN BLANCO,40
BOLIVAR,TURBACO,TARJETAS NO MARCADAS,48
BOLIVAR,TURBACO,TRUJILLO SARMIENTO JORGE ANTONIO,85
BOLIVAR,TURBACO,VARGAS LLERAS GERMAN,1950
BOLIVAR,TURBACO,VOTOS EN BLANCO,422
BOLIVAR,TURBACO,VOTOS NULOS,219
BOLIVAR,TURBANA,DE LA CALLE LOMBANA HUMBERTO,59
BOLIVAR,TURBANA,DUQUE MARQUEZ IVAN,2257
BOLIVAR,TURBANA,FAJARDO VALDERRAMA SERGIO,323
BOLIVAR,TURBANA,MORALES HOYOS VIVIANE ALEIDA,13
BOLIVAR,TURBANA,PETRO URREGO GUSTAVO FRANCISCO,2698
BOLIVAR,TURBANA,PROMOTORES VOTO EN BLANCO,6
BOLIVAR,TURBANA,TARJETAS NO MARCADAS,27
BOLIVAR,TURBANA,TRUJILLO SARMIENTO JORGE ANTONIO,20
BOLIVAR,TURBANA,VARGAS LLERAS GERMAN,555
BOLIVAR,TURBANA,VOTOS EN BLANCO,90
BOLIVAR,TURBANA,VOTOS NULOS,38
BOLIVAR,VILLANUEVA,DE LA CALLE LOMBANA HUMBERTO,66
BOLIVAR,VILLANUEVA,DUQUE MARQUEZ IVAN,3560
BOLIVAR,VILLANUEVA,FAJARDO VALDERRAMA SERGIO,166
BOLIVAR,VILLANUEVA,MORALES HOYOS VIVIANE ALEIDA,18
BOLIVAR,VILLANUEVA,PETRO URREGO GUSTAVO FRANCISCO,1501
BOLIVAR,VILLANUEVA,PROMOTORES VOTO EN BLANCO,5
BOLIVAR,VILLANUEVA,TARJETAS NO MARCADAS,43
BOLIVAR,VILLANUEVA,TRUJILLO SARMIENTO JORGE ANTONIO,24
BOLIVAR,VILLANUEVA,VARGAS LLERAS GERMAN,881
BOLIVAR,VILLANUEVA,VOTOS EN BLANCO,82
BOLIVAR,VILLANUEVA,VOTOS NULOS,96
BOLIVAR,ZAMBRANO,DE LA CALLE LOMBANA HUMBERTO,93
BOLIVAR,ZAMBRANO,DUQUE MARQUEZ IVAN,727
BOLIVAR,ZAMBRANO,FAJARDO VALDERRAMA SERGIO,66
BOLIVAR,ZAMBRANO,MORALES HOYOS VIVIANE ALEIDA,5
BOLIVAR,ZAMBRANO,PETRO URREGO GUSTAVO FRANCISCO,2550
BOLIVAR,ZAMBRANO,PROMOTORES VOTO EN BLANCO,6
BOLIVAR,ZAMBRANO,TARJETAS NO MARCADAS,17
BOLIVAR,ZAMBRANO,TRUJILLO SARMIENTO JORGE ANTONIO,21
BOLIVAR,ZAMBRANO,VARGAS LLERAS GERMAN,762
BOLIVAR,ZAMBRANO,VOTOS EN BLANCO,67
BOLIVAR,ZAMBRANO,VOTOS NULOS,39
BOYACA,ALMEIDA,DE LA CALLE LOMBANA HUMBERTO,10
BOYACA,ALMEIDA,DUQUE MARQUEZ IVAN,648
BOYACA,ALMEIDA,FAJARDO VALDERRAMA SERGIO,114
BOYACA,ALMEIDA,MORALES HOYOS VIVIANE ALEIDA,4
BOYACA,ALMEIDA,PETRO URREGO GUSTAVO FRANCISCO,122
BOYACA,ALMEIDA,PROMOTORES VOTO EN BLANCO,1
BOYACA,ALMEIDA,TARJETAS NO MARCADAS,1
BOYACA,ALMEIDA,TRUJILLO SARMIENTO JORGE ANTONIO,1
BOYACA,ALMEIDA,VARGAS LLERAS GERMAN,62
BOYACA,ALMEIDA,VOTOS EN BLANCO,12
BOYACA,ALMEIDA,VOTOS NULOS,5
BOYACA,AQUITANIA,DE LA CALLE LOMBANA HUMBERTO,45
BOYACA,AQUITANIA,DUQUE MARQUEZ IVAN,5042
BOYACA,AQUITANIA,FAJARDO VALDERRAMA SERGIO,912
BOYACA,AQUITANIA,MORALES HOYOS VIVIANE ALEIDA,17
BOYACA,AQUITANIA,PETRO URREGO GUSTAVO FRANCISCO,661
BOYACA,AQUITANIA,PROMOTORES VOTO EN BLANCO,10
BOYACA,AQUITANIA,TARJETAS NO MARCADAS,24
BOYACA,AQUITANIA,TRUJILLO SARMIENTO JORGE ANTONIO,16
BOYACA,AQUITANIA,VARGAS LLERAS GERMAN,228
BOYACA,AQUITANIA,VOTOS EN BLANCO,84
BOYACA,AQUITANIA,VOTOS NULOS,95
BOYACA,ARCABUCO,DE LA CALLE LOMBANA HUMBERTO,31
BOYACA,ARCABUCO,DUQUE MARQUEZ IVAN,1110
BOYACA,ARCABUCO,FAJARDO VALDERRAMA SERGIO,739
BOYACA,ARCABUCO,MORALES HOYOS VIVIANE ALEIDA,4
BOYACA,ARCABUCO,PETRO URREGO GUSTAVO FRANCISCO,557
BOYACA,ARCABUCO,PROMOTORES VOTO EN BLANCO,6
BOYACA,ARCABUCO,TARJETAS NO MARCADAS,12
BOYACA,ARCABUCO,TRUJILLO SARMIENTO JORGE ANTONIO,7
BOYACA,ARCABUCO,VARGAS LLERAS GERMAN,93
BOYACA,ARCABUCO,VOTOS EN BLANCO,46
BOYACA,ARCABUCO,VOTOS NULOS,49
BOYACA,BELEN,DE LA CALLE LOMBANA HUMBERTO,127
BOYACA,BELEN,DUQUE MARQUEZ IVAN,1483
BOYACA,BELEN,FAJARDO VALDERRAMA SERGIO,877
BOYACA,BELEN,MORALES HOYOS VIVIANE ALEIDA,8
BOYACA,BELEN,PETRO URREGO GUSTAVO FRANCISCO,957
BOYACA,BELEN,PROMOTORES VOTO EN BLANCO,5
BOYACA,BELEN,TARJETAS NO MARCADAS,10
BOYACA,BELEN,TRUJILLO SARMIENTO JORGE ANTONIO,12
BOYACA,BELEN,VARGAS LLERAS GERMAN,140
BOYACA,BELEN,VOTOS EN BLANCO,73
BOYACA,BELEN,VOTOS NULOS,48
BOYACA,BERBEO,DE LA CALLE LOMBANA HUMBERTO,13
BOYACA,BERBEO,DUQUE MARQUEZ IVAN,299
BOYACA,BERBEO,FAJARDO VALDERRAMA SERGIO,77
BOYACA,BERBEO,MORALES HOYOS VIVIANE ALEIDA,3
BOYACA,BERBEO,PETRO URREGO GUSTAVO FRANCISCO,281
BOYACA,BERBEO,TARJETAS NO MARCADAS,2
BOYACA,BERBEO,TRUJILLO SARMIENTO JORGE ANTONIO,2
BOYACA,BERBEO,VARGAS LLERAS GERMAN,35
BOYACA,BERBEO,VOTOS EN BLANCO,23
BOYACA,BERBEO,VOTOS NULOS,6
BOYACA,BETEITIVA,DE LA CALLE LOMBANA HUMBERTO,38
BOYACA,BETEITIVA,DUQUE MARQUEZ IVAN,331
BOYACA,BETEITIVA,FAJARDO VALDERRAMA SERGIO,198
BOYACA,BETEITIVA,MORALES HOYOS VIVIANE ALEIDA,5
BOYACA,BETEITIVA,PETRO URREGO GUSTAVO FRANCISCO,228
BOYACA,BETEITIVA,PROMOTORES VOTO EN BLANCO,3
BOYACA,BETEITIVA,TARJETAS NO MARCADAS,6
BOYACA,BETEITIVA,VARGAS LLERAS GERMAN,80
BOYACA,BETEITIVA,VOTOS EN BLANCO,31
BOYACA,BETEITIVA,VOTOS NULOS,12
BOYACA,BOAVITA,DE LA CALLE LOMBANA HUMBERTO,18
BOYACA,BOAVITA,DUQUE MARQUEZ IVAN,1494
BOYACA,BOAVITA,FAJARDO VALDERRAMA SERGIO,376
BOYACA,BOAVITA,MORALES HOYOS VIVIANE ALEIDA,6
BOYACA,BOAVITA,PETRO URREGO GUSTAVO FRANCISCO,279
BOYACA,BOAVITA,PROMOTORES VOTO EN BLANCO,2
BOYACA,BOAVITA,TARJETAS NO MARCADAS,11
BOYACA,BOAVITA,TRUJILLO SARMIENTO JORGE ANTONIO,5
BOYACA,BOAVITA,VARGAS LLERAS GERMAN,237
BOYACA,BOAVITA,VOTOS EN BLANCO,32
BOYACA,BOAVITA,VOTOS NULOS,31
BOYACA,BOYACA,DE LA CALLE LOMBANA HUMBERTO,73
BOYACA,BOYACA,DUQUE MARQUEZ IVAN,849
BOYACA,BOYACA,FAJARDO VALDERRAMA SERGIO,264
BOYACA,BOYACA,MORALES HOYOS VIVIANE ALEIDA,5
BOYACA,BOYACA,PETRO URREGO GUSTAVO FRANCISCO,404
BOYACA,BOYACA,PROMOTORES VOTO EN BLANCO,2
BOYACA,BOYACA,TARJETAS NO MARCADAS,15
BOYACA,BOYACA,TRUJILLO SARMIENTO JORGE ANTONIO,4
BOYACA,BOYACA,VARGAS LLERAS GERMAN,84
BOYACA,BOYACA,VOTOS EN BLANCO,36
BOYACA,BOYACA,VOTOS NULOS,41
BOYACA,BRICENO,DE LA CALLE LOMBANA HUMBERTO,7
BOYACA,BRICENO,DUQUE MARQUEZ IVAN,872
BOYACA,BRICENO,FAJARDO VALDERRAMA SERGIO,99
BOYACA,BRICENO,MORALES HOYOS VIVIANE ALEIDA,1
BOYACA,BRICENO,PETRO URREGO GUSTAVO FRANCISCO,116
BOYACA,BRICENO,PROMOTORES VOTO EN BLANCO,2
BOYACA,BRICENO,TARJETAS NO MARCADAS,19
BOYACA,BRICENO,TRUJILLO SARMIENTO JORGE ANTONIO,1
BOYACA,BRICENO,VARGAS LLERAS GERMAN,28
BOYACA,BRICENO,VOTOS EN BLANCO,25
BOYACA,BRICENO,VOTOS NULOS,11
BOYACA,BUENAVISTA,DE LA CALLE LOMBANA HUMBERTO,25
BOYACA,BUENAVISTA,DUQUE MARQUEZ IVAN,1529
BOYACA,BUENAVISTA,FAJARDO VALDERRAMA SERGIO,190
BOYACA,BUENAVISTA,MORALES HOYOS VIVIANE ALEIDA,13
BOYACA,BUENAVISTA,PETRO URREGO GUSTAVO FRANCISCO,281
BOYACA,BUENAVISTA,PROMOTORES VOTO EN BLANCO,3
BOYACA,BUENAVISTA,TARJETAS NO MARCADAS,9
BOYACA,BUENAVISTA,TRUJILLO SARMIENTO JORGE ANTONIO,8
BOYACA,BUENAVISTA,VARGAS LLERAS GERMAN,437
BOYACA,BUENAVISTA,VOTOS EN BLANCO,25
BOYACA,BUENAVISTA,VOTOS NULOS,40
BOYACA,BUSBANZA,DE LA CALLE LOMBANA HUMBERTO,8
BOYACA,BUSBANZA,DUQUE MARQUEZ IVAN,220
BOYACA,BUSBANZA,FAJARDO VALDERRAMA SERGIO,161
BOYACA,BUSBANZA,MORALES HOYOS VIVIANE ALEIDA,1
BOYACA,BUSBANZA,PETRO URREGO GUSTAVO FRANCISCO,82
BOYACA,BUSBANZA,PROMOTORES VOTO EN BLANCO,4
BOYACA,BUSBANZA,TARJETAS NO MARCADAS,1
BOYACA,BUSBANZA,TRUJILLO SARMIENTO JORGE ANTONIO,1
BOYACA,BUSBANZA,VARGAS LLERAS GERMAN,31
BOYACA,BUSBANZA,VOTOS EN BLANCO,12
BOYACA,BUSBANZA,VOTOS NULOS,9
BOYACA,CALDAS,DE LA CALLE LOMBANA HUMBERTO,33
BOYACA,CALDAS,DUQUE MARQUEZ IVAN,835
BOYACA,CALDAS,FAJARDO VALDERRAMA SERGIO,320
BOYACA,CALDAS,MORALES HOYOS VIVIANE ALEIDA,4
BOYACA,CALDAS,PETRO URREGO GUSTAVO FRANCISCO,234
BOYACA,CALDAS,PROMOTORES VOTO EN BLANCO,2
BOYACA,CALDAS,TARJETAS NO MARCADAS,8
BOYACA,CALDAS,TRUJILLO SARMIENTO JORGE ANTONIO,4
BOYACA,CALDAS,VARGAS LLERAS GERMAN,113
BOYACA,CALDAS,VOTOS EN BLANCO,25
BOYACA,CALDAS,VOTOS NULOS,10
BOYACA,CAMPOHERMOSO,DE LA CALLE LOMBANA HUMBERTO,9
BOYACA,CAMPOHERMOSO,DUQUE MARQUEZ IVAN,810
BOYACA,CAMPOHERMOSO,FAJARDO VALDERRAMA SERGIO,130
BOYACA,CAMPOHERMOSO,MORALES HOYOS VIVIANE ALEIDA,3
BOYACA,CAMPOHERMOSO,PETRO URREGO GUSTAVO FRANCISCO,119
BOYACA,CAMPOHERMOSO,PROMOTORES VOTO EN BLANCO,3
BOYACA,CAMPOHERMOSO,TARJETAS NO MARCADAS,9
BOYACA,CAMPOHERMOSO,TRUJILLO SARMIENTO JORGE ANTONIO,3
BOYACA,CAMPOHERMOSO,VARGAS LLERAS GERMAN,264
BOYACA,CAMPOHERMOSO,VOTOS EN BLANCO,22
BOYACA,CAMPOHERMOSO,VOTOS NULOS,9
BOYACA,CERINZA,DE LA CALLE LOMBANA HUMBERTO,30
BOYACA,CERINZA,DUQUE MARQUEZ IVAN,801
BOYACA,CERINZA,FAJARDO VALDERRAMA SERGIO,416
BOYACA,CERINZA,MORALES HOYOS VIVIANE ALEIDA,4
BOYACA,CERINZA,PETRO URREGO GUSTAVO FRANCISCO,710
BOYACA,CERINZA,PROMOTORES VOTO EN BLANCO,3
BOYACA,CERINZA,TARJETAS NO MARCADAS,11
BOYACA,CERINZA,TRUJILLO SARMIENTO JORGE ANTONIO,9
BOYACA,CERINZA,VARGAS LLERAS GERMAN,112
BOYACA,CERINZA,VOTOS EN BLANCO,35
BOYACA,CERINZA,VOTOS NULOS,56
BOYACA,CHINAVITA,DE LA CALLE LOMBANA HUMBERTO,9
BOYACA,CHINAVITA,DUQUE MARQUEZ IVAN,1015
BOYACA,CHINAVITA,FAJARDO VALDERRAMA SERGIO,238
BOYACA,CHINAVITA,PETRO URREGO GUSTAVO FRANCISCO,171
BOYACA,CHINAVITA,PROMOTORES VOTO EN BLANCO,1
BOYACA,CHINAVITA,TARJETAS NO MARCADAS,3
BOYACA,CHINAVITA,TRUJILLO SARMIENTO JORGE ANTONIO,2
BOYACA,CHINAVITA,VARGAS LLERAS GERMAN,97
BOYACA,CHINAVITA,VOTOS EN BLANCO,12
BOYACA,CHINAVITA,VOTOS NULOS,9
BOYACA,CHIQUINQUIRA,DE LA CALLE LOMBANA HUMBERTO,317
BOYACA,CHIQUINQUIRA,DUQUE MARQUEZ IVAN,9545
BOYACA,CHIQUINQUIRA,FAJARDO VALDERRAMA SERGIO,7528
BOYACA,CHIQUINQUIRA,MORALES HOYOS VIVIANE ALEIDA,36
BOYACA,CHIQUINQUIRA,PETRO URREGO GUSTAVO FRANCISCO,4805
BOYACA,CHIQUINQUIRA,PROMOTORES VOTO EN BLANCO,29
BOYACA,CHIQUINQUIRA,TARJETAS NO MARCADAS,33
BOYACA,CHIQUINQUIRA,TRUJILLO SARMIENTO JORGE ANTONIO,61
BOYACA,CHIQUINQUIRA,VARGAS LLERAS GERMAN,1577
BOYACA,CHIQUINQUIRA,VOTOS EN BLANCO,372
BOYACA,CHIQUINQUIRA,VOTOS NULOS,301
BOYACA,CHIQUIZA,DE LA CALLE LOMBANA HUMBERTO,66
BOYACA,CHIQUIZA,DUQUE MARQUEZ IVAN,342
BOYACA,CHIQUIZA,FAJARDO VALDERRAMA SERGIO,167
BOYACA,CHIQUIZA,MORALES HOYOS VIVIANE ALEIDA,5
BOYACA,CHIQUIZA,PETRO URREGO GUSTAVO FRANCISCO,705
BOYACA,CHIQUIZA,PROMOTORES VOTO EN BLANCO,8
BOYACA,CHIQUIZA,TARJETAS NO MARCADAS,15
BOYACA,CHIQUIZA,TRUJILLO SARMIENTO JORGE ANTONIO,5
BOYACA,CHIQUIZA,VARGAS LLERAS GERMAN,104
BOYACA,CHIQUIZA,VOTOS EN BLANCO,38
BOYACA,CHIQUIZA,VOTOS NULOS,61
BOYACA,CHISCAS,DE LA CALLE LOMBANA HUMBERTO,30
BOYACA,CHISCAS,DUQUE MARQUEZ IVAN,1311
BOYACA,CHISCAS,FAJARDO VALDERRAMA SERGIO,88
BOYACA,CHISCAS,MORALES HOYOS VIVIANE ALEIDA,8
BOYACA,CHISCAS,PETRO URREGO GUSTAVO FRANCISCO,126
BOYACA,CHISCAS,PROMOTORES VOTO EN BLANCO,2
BOYACA,CHISCAS,TARJETAS NO MARCADAS,11
BOYACA,CHISCAS,TRUJILLO SARMIENTO JORGE ANTONIO,2
BOYACA,CHISCAS,VARGAS LLERAS GERMAN,84
BOYACA,CHISCAS,VOTOS EN BLANCO,16
BOYACA,CHISCAS,VOTOS NULOS,24
BOYACA,CHITA,DE LA CALLE LOMBANA HUMBERTO,31
BOYACA,CHITA,DUQUE MARQUEZ IVAN,2315
BOYACA,CHITA,FAJARDO VALDERRAMA SERGIO,158
BOYACA,CHITA,MORALES HOYOS VIVIANE ALEIDA,8
BOYACA,CHITA,PETRO URREGO GUSTAVO FRANCISCO,320
BOYACA,CHITA,PROMOTORES VOTO EN BLANCO,65
BOYACA,CHITA,TARJETAS NO MARCADAS,30
BOYACA,CHITA,TRUJILLO SARMIENTO JORGE ANTONIO,10
BOYACA,CHITA,VARGAS LLERAS GERMAN,41
BOYACA,CHITA,VOTOS EN BLANCO,37
BOYACA,CHITA,VOTOS NULOS,28
BOYACA,CHITARAQUE,DE LA CALLE LOMBANA HUMBERTO,15
BOYACA,CHITARAQUE,DUQUE MARQUEZ IVAN,1853
BOYACA,CHITARAQUE,FAJARDO VALDERRAMA SERGIO,147
BOYACA,CHITARAQUE,MORALES HOYOS VIVIANE ALEIDA,9
BOYACA,CHITARAQUE,PETRO URREGO GUSTAVO FRANCISCO,244
BOYACA,CHITARAQUE,PROMOTORES VOTO EN BLANCO,1
BOYACA,CHITARAQUE,TARJETAS NO MARCADAS,16
BOYACA,CHITARAQUE,TRUJILLO SARMIENTO JORGE ANTONIO,8
BOYACA,CHITARAQUE,VARGAS LLERAS GERMAN,357
BOYACA,CHITARAQUE,VOTOS EN BLANCO,22
BOYACA,CHITARAQUE,VOTOS NULOS,27
BOYACA,CHIVATA,DE LA CALLE LOMBANA HUMBERTO,23
BOYACA,CHIVATA,DUQUE MARQUEZ IVAN,538
BOYACA,CHIVATA,FAJARDO VALDERRAMA SERGIO,528
BOYACA,CHIVATA,MORALES HOYOS VIVIANE ALEIDA,5
BOYACA,CHIVATA,PETRO URREGO GUSTAVO FRANCISCO,304
BOYACA,CHIVATA,PROMOTORES VOTO EN BLANCO,3
BOYACA,CHIVATA,TARJETAS NO MARCADAS,5
BOYACA,CHIVATA,TRUJILLO SARMIENTO JORGE ANTONIO,6
BOYACA,CHIVATA,VARGAS LLERAS GERMAN,65
BOYACA,CHIVATA,VOTOS EN BLANCO,23
BOYACA,CHIVATA,VOTOS NULOS,19
BOYACA,CHIVOR,DE LA CALLE LOMBANA HUMBERTO,3
BOYACA,CHIVOR,DUQUE MARQUEZ IVAN,842
BOYACA,CHIVOR,FAJARDO VALDERRAMA SERGIO,109
BOYACA,CHIVOR,MORALES HOYOS VIVIANE ALEIDA,2
BOYACA,CHIVOR,PETRO URREGO GUSTAVO FRANCISCO,50
BOYACA,CHIVOR,TARJETAS NO MARCADAS,3
BOYACA,CHIVOR,VARGAS LLERAS GERMAN,17
BOYACA,CHIVOR,VOTOS EN BLANCO,8
BOYACA,CHIVOR,VOTOS NULOS,14
BOYACA,CIENEGA,DE LA CALLE LOMBANA HUMBERTO,14
BOYACA,CIENEGA,DUQUE MARQUEZ IVAN,1377
BOYACA,CIENEGA,FAJARDO VALDERRAMA SERGIO,284
BOYACA,CIENEGA,MORALES HOYOS VIVIANE ALEIDA,6
BOYACA,CIENEGA,PETRO URREGO GUSTAVO FRANCISCO,195
BOYACA,CIENEGA,PROMOTORES VOTO EN BLANCO,4
BOYACA,CIENEGA,TARJETAS NO MARCADAS,10
BOYACA,CIENEGA,TRUJILLO SARMIENTO JORGE ANTONIO,3
BOYACA,CIENEGA,VARGAS LLERAS GERMAN,63
BOYACA,CIENEGA,VOTOS EN BLANCO,42
BOYACA,CIENEGA,VOTOS NULOS,11
BOYACA,COMBITA,DE LA CALLE LOMBANA HUMBERTO,126
BOYACA,COMBITA,DUQUE MARQUEZ IVAN,1338
BOYACA,COMBITA,FAJARDO VALDERRAMA SERGIO,1541
BOYACA,COMBITA,MORALES HOYOS VIVIANE ALEIDA,10
BOYACA,COMBITA,PETRO URREGO GUSTAVO FRANCISCO,1235
BOYACA,COMBITA,PROMOTORES VOTO EN BLANCO,8
BOYACA,COMBITA,TARJETAS NO MARCADAS,10
BOYACA,COMBITA,TRUJILLO SARMIENTO JORGE ANTONIO,9
BOYACA,COMBITA,VARGAS LLERAS GERMAN,229
BOYACA,COMBITA,VOTOS EN BLANCO,89
BOYACA,COMBITA,VOTOS NULOS,84
BOYACA,COPER,DE LA CALLE LOMBANA HUMBERTO,13
BOYACA,COPER,DUQUE MARQUEZ IVAN,1083
BOYACA,COPER,FAJARDO VALDERRAMA SERGIO,74
BOYACA,COPER,MORALES HOYOS VIVIANE ALEIDA,1
BOYACA,COPER,PETRO URREGO GUSTAVO FRANCISCO,108
BOYACA,COPER,PROMOTORES VOTO EN BLANCO,5
BOYACA,COPER,TARJETAS NO MARCADAS,9
BOYACA,COPER,TRUJILLO SARMIENTO JORGE ANTONIO,3
BOYACA,COPER,VARGAS LLERAS GERMAN,295
BOYACA,COPER,VOTOS EN BLANCO,21
BOYACA,COPER,VOTOS NULOS,12
BOYACA,CORRALES,DE LA CALLE LOMBANA HUMBERTO,22
BOYACA,CORRALES,DUQUE MARQUEZ IVAN,409
BOYACA,CORRALES,FAJARDO VALDERRAMA SERGIO,414
BOYACA,CORRALES,MORALES HOYOS VIVIANE ALEIDA,3
BOYACA,CORRALES,PETRO URREGO GUSTAVO FRANCISCO,368
BOYACA,CORRALES,PROMOTORES VOTO EN BLANCO,1
BOYACA,CORRALES,TARJETAS NO MARCADAS,6
BOYACA,CORRALES,TRUJILLO SARMIENTO JORGE ANTONIO,2
BOYACA,CORRALES,VARGAS LLERAS GERMAN,152
BOYACA,CORRALES,VOTOS EN BLANCO,14
BOYACA,CORRALES,VOTOS NULOS,10
BOYACA,COVARACHIA,DE LA CALLE LOMBANA HUMBERTO,8
BOYACA,COVARACHIA,DUQUE MARQUEZ IVAN,1266
BOYACA,COVARACHIA,FAJARDO VALDERRAMA SERGIO,111
BOYACA,COVARACHIA,MORALES HOYOS VIVIANE ALEIDA,3
BOYACA,COVARACHIA,PETRO URREGO GUSTAVO FRANCISCO,63
BOYACA,COVARACHIA,PROMOTORES VOTO EN BLANCO,4
BOYACA,COVARACHIA,TARJETAS NO MARCADAS,5
BOYACA,COVARACHIA,TRUJILLO SARMIENTO JORGE ANTONIO,5
BOYACA,COVARACHIA,VARGAS LLERAS GERMAN,25
BOYACA,COVARACHIA,VOTOS EN BLANCO,5
BOYACA,COVARACHIA,VOTOS NULOS,5
BOYACA,CUBARA,DE LA CALLE LOMBANA HUMBERTO,57
BOYACA,CUBARA,DUQUE MARQUEZ IVAN,732
BOYACA,CUBARA,FAJARDO VALDERRAMA SERGIO,289
BOYACA,CUBARA,MORALES HOYOS VIVIANE ALEIDA,5
BOYACA,CUBARA,PETRO URREGO GUSTAVO FRANCISCO,819
BOYACA,CUBARA,PROMOTORES VOTO EN BLANCO,8
BOYACA,CUBARA,TARJETAS NO MARCADAS,28
BOYACA,CUBARA,TRUJILLO SARMIENTO JORGE ANTONIO,11
BOYACA,CUBARA,VARGAS LLERAS GERMAN,59
BOYACA,CUBARA,VOTOS EN BLANCO,78
BOYACA,CUBARA,VOTOS NULOS,61
BOYACA,CUCAITA,DE LA CALLE LOMBANA HUMBERTO,23
BOYACA,CUCAITA,DUQUE MARQUEZ IVAN,522
BOYACA,CUCAITA,FAJARDO VALDERRAMA SERGIO,385
BOYACA,CUCAITA,MORALES HOYOS VIVIANE ALEIDA,2
BOYACA,CUCAITA,PETRO URREGO GUSTAVO FRANCISCO,682
BOYACA,CUCAITA,PROMOTORES VOTO EN BLANCO,4
BOYACA,CUCAITA,TARJETAS NO MARCADAS,12
BOYACA,CUCAITA,TRUJILLO SARMIENTO JORGE ANTONIO,2
BOYACA,CUCAITA,VARGAS LLERAS GERMAN,35
BOYACA,CUCAITA,VOTOS EN BLANCO,52
BOYACA,CUCAITA,VOTOS NULOS,15
BOYACA,CUITIVA,DE LA CALLE LOMBANA HUMBERTO,13
BOYACA,CUITIVA,DUQUE MARQUEZ IVAN,532
BOYACA,CUITIVA,FAJARDO VALDERRAMA SERGIO,179
BOYACA,CUITIVA,MORALES HOYOS VIVIANE ALEIDA,4
BOYACA,CUITIVA,PETRO URREGO GUSTAVO FRANCISCO,184
BOYACA,CUITIVA,TARJETAS NO MARCADAS,3
BOYACA,CUITIVA,TRUJILLO SARMIENTO JORGE ANTONIO,2
BOYACA,CUITIVA,VARGAS LLERAS GERMAN,67
BOYACA,CUITIVA,VOTOS EN BLANCO,12
BOYACA,CUITIVA,VOTOS NULOS,5
BOYACA,DUITAMA,DE LA CALLE LOMBANA HUMBERTO,1141
BOYACA,DUITAMA,DUQUE MARQUEZ IVAN,16485
BOYACA,DUITAMA,FAJARDO VALDERRAMA SERGIO,21777
BOYACA,DUITAMA,MORALES HOYOS VIVIANE ALEIDA,68
BOYACA,DUITAMA,PETRO URREGO GUSTAVO FRANCISCO,16179
BOYACA,DUITAMA,PROMOTORES VOTO EN BLANCO,56
BOYACA,DUITAMA,TARJETAS NO MARCADAS,38
BOYACA,DUITAMA,TRUJILLO SARMIENTO JORGE ANTONIO,151
BOYACA,DUITAMA,VARGAS LLERAS GERMAN,1741
BOYACA,DUITAMA,VOTOS EN BLANCO,900
BOYACA,DUITAMA,VOTOS NULOS,574
BOYACA,EL COCUY,DE LA CALLE LOMBANA HUMBERTO,43
BOYACA,EL COCUY,DUQUE MARQUEZ IVAN,1526
BOYACA,EL COCUY,FAJARDO VALDERRAMA SERGIO,129
BOYACA,EL COCUY,MORALES HOYOS VIVIANE ALEIDA,3
BOYACA,EL COCUY,PETRO URREGO GUSTAVO FRANCISCO,139
BOYACA,EL COCUY,PROMOTORES VOTO EN BLANCO,2
BOYACA,EL COCUY,TARJETAS NO MARCADAS,8
BOYACA,EL COCUY,TRUJILLO SARMIENTO JORGE ANTONIO,2
BOYACA,EL COCUY,VARGAS LLERAS GERMAN,29
BOYACA,EL COCUY,VOTOS EN BLANCO,44
BOYACA,EL COCUY,VOTOS NULOS,24
BOYACA,EL ESPINO,DE LA CALLE LOMBANA HUMBERTO,10
BOYACA,EL ESPINO,DUQUE MARQUEZ IVAN,1116
BOYACA,EL ESPINO,FAJARDO VALDERRAMA SERGIO,83
BOYACA,EL ESPINO,MORALES HOYOS VIVIANE ALEIDA,5
BOYACA,EL ESPINO,PETRO URREGO GUSTAVO FRANCISCO,70
BOYACA,EL ESPINO,PROMOTORES VOTO EN BLANCO,1
BOYACA,EL ESPINO,TARJETAS NO MARCADAS,6
BOYACA,EL ESPINO,TRUJILLO SARMIENTO JORGE ANTONIO,2
BOYACA,EL ESPINO,VARGAS LLERAS GERMAN,16
BOYACA,EL ESPINO,VOTOS EN BLANCO,13
BOYACA,EL ESPINO,VOTOS NULOS,7
BOYACA,FIRAVITOBA,DE LA CALLE LOMBANA HUMBERTO,53
BOYACA,FIRAVITOBA,DUQUE MARQUEZ IVAN,950
BOYACA,FIRAVITOBA,FAJARDO VALDERRAMA SERGIO,865
BOYACA,FIRAVITOBA,MORALES HOYOS VIVIANE ALEIDA,4
BOYACA,FIRAVITOBA,PETRO URREGO GUSTAVO FRANCISCO,749
BOYACA,FIRAVITOBA,PROMOTORES VOTO EN BLANCO,4
BOYACA,FIRAVITOBA,TARJETAS NO MARCADAS,4
BOYACA,FIRAVITOBA,TRUJILLO SARMIENTO JORGE ANTONIO,8
BOYACA,FIRAVITOBA,VARGAS LLERAS GERMAN,209
BOYACA,FIRAVITOBA,VOTOS EN BLANCO,55
BOYACA,FIRAVITOBA,VOTOS NULOS,20
BOYACA,FLORESTA,DE LA CALLE LOMBANA HUMBERTO,22
BOYACA,FLORESTA,DUQUE MARQUEZ IVAN,948
BOYACA,FLORESTA,FAJARDO VALDERRAMA SERGIO,336
BOYACA,FLORESTA,MORALES HOYOS VIVIANE ALEIDA,4
BOYACA,FLORESTA,PETRO URREGO GUSTAVO FRANCISCO,317
BOYACA,FLORESTA,PROMOTORES VOTO EN BLANCO,7
BOYACA,FLORESTA,TARJETAS NO MARCADAS,10
BOYACA,FLORESTA,TRUJILLO SARMIENTO JORGE ANTONIO,7
BOYACA,FLORESTA,VARGAS LLERAS GERMAN,131
BOYACA,FLORESTA,VOTOS EN BLANCO,15
BOYACA,FLORESTA,VOTOS NULOS,11
BOYACA,GACHANTIVA,DE LA CALLE LOMBANA HUMBERTO,24
BOYACA,GACHANTIVA,DUQUE MARQUEZ IVAN,914
BOYACA,GACHANTIVA,FAJARDO VALDERRAMA SERGIO,323
BOYACA,GACHANTIVA,MORALES HOYOS VIVIANE ALEIDA,8
BOYACA,GACHANTIVA,PETRO URREGO GUSTAVO FRANCISCO,318
BOYACA,GACHANTIVA,PROMOTORES VOTO EN BLANCO,6
BOYACA,GACHANTIVA,TARJETAS NO MARCADAS,11
BOYACA,GACHANTIVA,TRUJILLO SARMIENTO JORGE ANTONIO,4
BOYACA,GACHANTIVA,VARGAS LLERAS GERMAN,51
BOYACA,GACHANTIVA,VOTOS EN BLANCO,22
BOYACA,GACHANTIVA,VOTOS NULOS,42
BOYACA,GAMEZA,DE LA CALLE LOMBANA HUMBERTO,27
BOYACA,GAMEZA,DUQUE MARQUEZ IVAN,1148
BOYACA,GAMEZA,FAJARDO VALDERRAMA SERGIO,407
BOYACA,GAMEZA,MORALES HOYOS VIVIANE ALEIDA,5
BOYACA,GAMEZA,PETRO URREGO GUSTAVO FRANCISCO,279
BOYACA,GAMEZA,PROMOTORES VOTO EN BLANCO,2
BOYACA,GAMEZA,TARJETAS NO MARCADAS,9
BOYACA,GAMEZA,TRUJILLO SARMIENTO JORGE ANTONIO,8
BOYACA,GAMEZA,VARGAS LLERAS GERMAN,131
BOYACA,GAMEZA,VOTOS EN BLANCO,36
BOYACA,GAMEZA,VOTOS NULOS,26
BOYACA,GARAGOA,DE LA CALLE LOMBANA HUMBERTO,99
BOYACA,GARAGOA,DUQUE MARQUEZ IVAN,2760
BOYACA,GARAGOA,FAJARDO VALDERRAMA SERGIO,2049
BOYACA,GARAGOA,MORALES HOYOS VIVIANE ALEIDA,11
BOYACA,GARAGOA,PETRO URREGO GUSTAVO FRANCISCO,1242
BOYACA,GARAGOA,PROMOTORES VOTO EN BLANCO,12
BOYACA,GARAGOA,TARJETAS NO MARCADAS,23
BOYACA,GARAGOA,TRUJILLO SARMIENTO JORGE ANTONIO,33
BOYACA,GARAGOA,VARGAS LLERAS GERMAN,506
BOYACA,GARAGOA,VOTOS EN BLANCO,129
BOYACA,GARAGOA,VOTOS NULOS,132
BOYACA,GUACAMAYAS,DE LA CALLE LOMBANA HUMBERTO,6
BOYACA,GUACAMAYAS,DUQUE MARQUEZ IVAN,767
BOYACA,GUACAMAYAS,FAJARDO VALDERRAMA SERGIO,55
BOYACA,GUACAMAYAS,PETRO URREGO GUSTAVO FRANCISCO,57
BOYACA,GUACAMAYAS,PROMOTORES VOTO EN BLANCO,2
BOYACA,GUACAMAYAS,TARJETAS NO MARCADAS,1
BOYACA,GUACAMAYAS,TRUJILLO SARMIENTO JORGE ANTONIO,2
BOYACA,GUACAMAYAS,VARGAS LLERAS GERMAN,18
BOYACA,GUACAMAYAS,VOTOS EN BLANCO,7
BOYACA,GUACAMAYAS,VOTOS NULOS,7
BOYACA,GUATEQUE,DE LA CALLE LOMBANA HUMBERTO,114
BOYACA,GUATEQUE,DUQUE MARQUEZ IVAN,1857
BOYACA,GUATEQUE,FAJARDO VALDERRAMA SERGIO,1303
BOYACA,GUATEQUE,MORALES HOYOS VIVIANE ALEIDA,8
BOYACA,GUATEQUE,PETRO URREGO GUSTAVO FRANCISCO,830
BOYACA,GUATEQUE,PROMOTORES VOTO EN BLANCO,5
BOYACA,GUATEQUE,TARJETAS NO MARCADAS,11
BOYACA,GUATEQUE,TRUJILLO SARMIENTO JORGE ANTONIO,33
BOYACA,GUATEQUE,VARGAS LLERAS GERMAN,736
BOYACA,GUATEQUE,VOTOS EN BLANCO,96
BOYACA,GUATEQUE,VOTOS NULOS,87
BOYACA,GUAYATA,DE LA CALLE LOMBANA HUMBERTO,17
BOYACA,GUAYATA,DUQUE MARQUEZ IVAN,1367
BOYACA,GUAYATA,FAJARDO VALDERRAMA SERGIO,351
BOYACA,GUAYATA,MORALES HOYOS VIVIANE ALEIDA,7
BOYACA,GUAYATA,PETRO URREGO GUSTAVO FRANCISCO,189
BOYACA,GUAYATA,PROMOTORES VOTO EN BLANCO,4
BOYACA,GUAYATA,TARJETAS NO MARCADAS,9
BOYACA,GUAYATA,TRUJILLO SARMIENTO JORGE ANTONIO,6
BOYACA,GUAYATA,VARGAS LLERAS GERMAN,159
BOYACA,GUAYATA,VOTOS EN BLANCO,29
BOYACA,GUAYATA,VOTOS NULOS,21
BOYACA,GUICAN DE LA SIERRA,DE LA CALLE LOMBANA HUMBERTO,9
BOYACA,GUICAN DE LA SIERRA,DUQUE MARQUEZ IVAN,1019
BOYACA,GUICAN DE LA SIERRA,FAJARDO VALDERRAMA SERGIO,133
BOYACA,GUICAN DE LA SIERRA,MORALES HOYOS VIVIANE ALEIDA,1
BOYACA,GUICAN DE LA SIERRA,PETRO URREGO GUSTAVO FRANCISCO,427
BOYACA,GUICAN DE LA SIERRA,PROMOTORES VOTO EN BLANCO,4
BOYACA,GUICAN DE LA SIERRA,TARJETAS NO MARCADAS,13
BOYACA,GUICAN DE LA SIERRA,TRUJILLO SARMIENTO JORGE ANTONIO,3
BOYACA,GUICAN DE LA SIERRA,VARGAS LLERAS GERMAN,19
BOYACA,GUICAN DE LA SIERRA,VOTOS EN BLANCO,42
BOYACA,GUICAN DE LA SIERRA,VOTOS NULOS,24
BOYACA,IZA,DE LA CALLE LOMBANA HUMBERTO,21
BOYACA,IZA,DUQUE MARQUEZ IVAN,629
BOYACA,IZA,FAJARDO VALDERRAMA SERGIO,342
BOYACA,IZA,MORALES HOYOS VIVIANE ALEIDA,2
BOYACA,IZA,PETRO URREGO GUSTAVO FRANCISCO,197
BOYACA,IZA,PROMOTORES VOTO EN BLANCO,2
BOYACA,IZA,TARJETAS NO MARCADAS,2
BOYACA,IZA,VARGAS LLERAS GERMAN,55
BOYACA,IZA,VOTOS EN BLANCO,13
BOYACA,IZA,VOTOS NULOS,7
BOYACA,JENESANO,DE LA CALLE LOMBANA HUMBERTO,101
BOYACA,JENESANO,DUQUE MARQUEZ IVAN,1277
BOYACA,JENESANO,FAJARDO VALDERRAMA SERGIO,511
BOYACA,JENESANO,MORALES HOYOS VIVIANE ALEIDA,13
BOYACA,JENESANO,PETRO URREGO GUSTAVO FRANCISCO,544
BOYACA,JENESANO,PROMOTORES VOTO EN BLANCO,7
BOYACA,JENESANO,TARJETAS NO MARCADAS,14
BOYACA,JENESANO,TRUJILLO SARMIENTO JORGE ANTONIO,12
BOYACA,JENESANO,VARGAS LLERAS GERMAN,112
BOYACA,JENESANO,VOTOS EN BLANCO,59
BOYACA,JENESANO,VOTOS NULOS,44
BOYACA,JERICO,DE LA CALLE LOMBANA HUMBERTO,10
BOYACA,JERICO,DUQUE MARQUEZ IVAN,1235
BOYACA,JERICO,FAJARDO VALDERRAMA SERGIO,90
BOYACA,JERICO,MORALES HOYOS VIVIANE ALEIDA,6
BOYACA,JERICO,PETRO URREGO GUSTAVO FRANCISCO,143
BOYACA,JERICO,PROMOTORES VOTO EN BLANCO,1
BOYACA,JERICO,TARJETAS NO MARCADAS,21
BOYACA,JERICO,TRUJILLO SARMIENTO JORGE ANTONIO,6
BOYACA,JERICO,VARGAS LLERAS GERMAN,22
BOYACA,JERICO,VOTOS EN BLANCO,12
BOYACA,JERICO,VOTOS NULOS,26
BOYACA,LA CAPILLA,DE LA CALLE LOMBANA HUMBERTO,10
BOYACA,LA CAPILLA,DUQUE MARQUEZ IVAN,836
BOYACA,LA CAPILLA,FAJARDO VALDERRAMA SERGIO,187
BOYACA,LA CAPILLA,MORALES HOYOS VIVIANE ALEIDA,7
BOYACA,LA CAPILLA,PETRO URREGO GUSTAVO FRANCISCO,264
BOYACA,LA CAPILLA,PROMOTORES VOTO EN BLANCO,2
BOYACA,LA CAPILLA,TARJETAS NO MARCADAS,4
BOYACA,LA CAPILLA,TRUJILLO SARMIENTO JORGE ANTONIO,6
BOYACA,LA CAPILLA,VARGAS LLERAS GERMAN,57
BOYACA,LA CAPILLA,VOTOS EN BLANCO,35
BOYACA,LA CAPILLA,VOTOS NULOS,18
BOYACA,LA UVITA,DE LA CALLE LOMBANA HUMBERTO,12
BOYACA,LA UVITA,DUQUE MARQUEZ IVAN,1077
BOYACA,LA UVITA,FAJARDO VALDERRAMA SERGIO,145
BOYACA,LA UVITA,MORALES HOYOS VIVIANE ALEIDA,2
BOYACA,LA UVITA,PETRO URREGO GUSTAVO FRANCISCO,67
BOYACA,LA UVITA,PROMOTORES VOTO EN BLANCO,4
BOYACA,LA UVITA,TARJETAS NO MARCADAS,8
BOYACA,LA UVITA,TRUJILLO SARMIENTO JORGE ANTONIO,2
BOYACA,LA UVITA,VARGAS LLERAS GERMAN,30
BOYACA,LA UVITA,VOTOS EN BLANCO,22
BOYACA,LA UVITA,VOTOS NULOS,11
BOYACA,LA VICTORIA,DE LA CALLE LOMBANA HUMBERTO,8
BOYACA,LA VICTORIA,DUQUE MARQUEZ IVAN,626
BOYACA,LA VICTORIA,FAJARDO VALDERRAMA SERGIO,46
BOYACA,LA VICTORIA,MORALES HOYOS VIVIANE ALEIDA,5
BOYACA,LA VICTORIA,PETRO URREGO GUSTAVO FRANCISCO,76
BOYACA,LA VICTORIA,PROMOTORES VOTO EN BLANCO,2
BOYACA,LA VICTORIA,TARJETAS NO MARCADAS,3
BOYACA,LA VICTORIA,TRUJILLO SARMIENTO JORGE ANTONIO,3
BOYACA,LA VICTORIA,VARGAS LLERAS GERMAN,59
BOYACA,LA VICTORIA,VOTOS EN BLANCO,8
BOYACA,LA VICTORIA,VOTOS NULOS,7
BOYACA,LABRANZAGRANDE,DE LA CALLE LOMBANA HUMBERTO,12
BOYACA,LABRANZAGRANDE,DUQUE MARQUEZ IVAN,1060
BOYACA,LABRANZAGRANDE,FAJARDO VALDERRAMA SERGIO,209
BOYACA,LABRANZAGRANDE,MORALES HOYOS VIVIANE ALEIDA,8
BOYACA,LABRANZAGRANDE,PETRO URREGO GUSTAVO FRANCISCO,164
BOYACA,LABRANZAGRANDE,PROMOTORES VOTO EN BLANCO,2
BOYACA,LABRANZAGRANDE,TARJETAS NO MARCADAS,11
BOYACA,LABRANZAGRANDE,TRUJILLO SARMIENTO JORGE ANTONIO,6
BOYACA,LABRANZAGRANDE,VARGAS LLERAS GERMAN,27
BOYACA,LABRANZAGRANDE,VOTOS EN BLANCO,26
BOYACA,LABRANZAGRANDE,VOTOS NULOS,11
BOYACA,MACANAL,DE LA CALLE LOMBANA HUMBERTO,14
BOYACA,MACANAL,DUQUE MARQUEZ IVAN,1291
BOYACA,MACANAL,FAJARDO VALDERRAMA SERGIO,290
BOYACA,MACANAL,MORALES HOYOS VIVIANE ALEIDA,10
BOYACA,MACANAL,PETRO URREGO GUSTAVO FRANCISCO,198
BOYACA,MACANAL,PROMOTORES VOTO EN BLANCO,3
BOYACA,MACANAL,TARJETAS NO MARCADAS,15
BOYACA,MACANAL,TRUJILLO SARMIENTO JORGE ANTONIO,4
BOYACA,MACANAL,VARGAS LLERAS GERMAN,91
BOYACA,MACANAL,VOTOS EN BLANCO,23
BOYACA,MACANAL,VOTOS NULOS,28
BOYACA,MARIPI,DE LA CALLE LOMBANA HUMBERTO,13
BOYACA,MARIPI,DUQUE MARQUEZ IVAN,1433
BOYACA,MARIPI,FAJARDO VALDERRAMA SERGIO,145
BOYACA,MARIPI,MORALES HOYOS VIVIANE ALEIDA,8
BOYACA,MARIPI,PETRO URREGO GUSTAVO FRANCISCO,185
BOYACA,MARIPI,PROMOTORES VOTO EN BLANCO,1
BOYACA,MARIPI,TARJETAS NO MARCADAS,15
BOYACA,MARIPI,TRUJILLO SARMIENTO JORGE ANTONIO,4
BOYACA,MARIPI,VARGAS LLERAS GERMAN,1060
BOYACA,MARIPI,VOTOS EN BLANCO,21
BOYACA,MARIPI,VOTOS NULOS,24
BOYACA,MIRAFLORES,DE LA CALLE LOMBANA HUMBERTO,86
BOYACA,MIRAFLORES,DUQUE MARQUEZ IVAN,1380
BOYACA,MIRAFLORES,FAJARDO VALDERRAMA SERGIO,898
BOYACA,MIRAFLORES,MORALES HOYOS VIVIANE ALEIDA,12
BOYACA,MIRAFLORES,PETRO URREGO GUSTAVO FRANCISCO,1577
BOYACA,MIRAFLORES,PROMOTORES VOTO EN BLANCO,9
BOYACA,MIRAFLORES,TARJETAS NO MARCADAS,10
BOYACA,MIRAFLORES,TRUJILLO SARMIENTO JORGE ANTONIO,17
BOYACA,MIRAFLORES,VARGAS LLERAS GERMAN,269
BOYACA,MIRAFLORES,VOTOS EN BLANCO,144
BOYACA,MIRAFLORES,VOTOS NULOS,64
BOYACA,MONGUA,DE LA CALLE LOMBANA HUMBERTO,13
BOYACA,MONGUA,DUQUE MARQUEZ IVAN,2052
BOYACA,MONGUA,FAJARDO VALDERRAMA SERGIO,232
BOYACA,MONGUA,MORALES HOYOS VIVIANE ALEIDA,3
BOYACA,MONGUA,PETRO URREGO GUSTAVO FRANCISCO,225
BOYACA,MONGUA,PROMOTORES VOTO EN BLANCO,2
BOYACA,MONGUA,TARJETAS NO MARCADAS,9
BOYACA,MONGUA,TRUJILLO SARMIENTO JORGE ANTONIO,4
BOYACA,MONGUA,VARGAS LLERAS GERMAN,40
BOYACA,MONGUA,VOTOS EN BLANCO,16
BOYACA,MONGUA,VOTOS NULOS,14
BOYACA,MONGUI,DE LA CALLE LOMBANA HUMBERTO,25
BOYACA,MONGUI,DUQUE MARQUEZ IVAN,1026
BOYACA,MONGUI,FAJARDO VALDERRAMA SERGIO,527
BOYACA,MONGUI,MORALES HOYOS VIVIANE ALEIDA,3
BOYACA,MONGUI,PETRO URREGO GUSTAVO FRANCISCO,440
BOYACA,MONGUI,PROMOTORES VOTO EN BLANCO,1
BOYACA,MONGUI,TARJETAS NO MARCADAS,2
BOYACA,MONGUI,TRUJILLO SARMIENTO JORGE ANTONIO,4
BOYACA,MONGUI,VARGAS LLERAS GERMAN,59
BOYACA,MONGUI,VOTOS EN BLANCO,33
BOYACA,MONGUI,VOTOS NULOS,30
BOYACA,MONIQUIRA,DE LA CALLE LOMBANA HUMBERTO,157
BOYACA,MONIQUIRA,DUQUE MARQUEZ IVAN,4459
BOYACA,MONIQUIRA,FAJARDO VALDERRAMA SERGIO,2004
BOYACA,MONIQUIRA,MORALES HOYOS VIVIANE ALEIDA,15
BOYACA,MONIQUIRA,PETRO URREGO GUSTAVO FRANCISCO,2194
BOYACA,MONIQUIRA,PROMOTORES VOTO EN BLANCO,13
BOYACA,MONIQUIRA,TARJETAS NO MARCADAS,32
BOYACA,MONIQUIRA,TRUJILLO SARMIENTO JORGE ANTONIO,40
BOYACA,MONIQUIRA,VARGAS LLERAS GERMAN,491
BOYACA,MONIQUIRA,VOTOS EN BLANCO,185
BOYACA,MONIQUIRA,VOTOS NULOS,197
BOYACA,MOTAVITA,DE LA CALLE LOMBANA HUMBERTO,67
BOYACA,MOTAVITA,DUQUE MARQUEZ IVAN,633
BOYACA,MOTAVITA,FAJARDO VALDERRAMA SERGIO,648
BOYACA,MOTAVITA,MORALES HOYOS VIVIANE ALEIDA,4
BOYACA,MOTAVITA,PETRO URREGO GUSTAVO FRANCISCO,1153
BOYACA,MOTAVITA,PROMOTORES VOTO EN BLANCO,5
BOYACA,MOTAVITA,TARJETAS NO MARCADAS,8
BOYACA,MOTAVITA,TRUJILLO SARMIENTO JORGE ANTONIO,3
BOYACA,MOTAVITA,VARGAS LLERAS GERMAN,121
BOYACA,MOTAVITA,VOTOS EN BLANCO,57
BOYACA,MOTAVITA,VOTOS NULOS,45
BOYACA,MUZO,DE LA CALLE LOMBANA HUMBERTO,30
BOYACA,MUZO,DUQUE MARQUEZ IVAN,2964
BOYACA,MUZO,FAJARDO VALDERRAMA SERGIO,336
BOYACA,MUZO,MORALES HOYOS VIVIANE ALEIDA,20
BOYACA,MUZO,PETRO URREGO GUSTAVO FRANCISCO,540
BOYACA,MUZO,PROMOTORES VOTO EN BLANCO,7
BOYACA,MUZO,TARJETAS NO MARCADAS,24
BOYACA,MUZO,TRUJILLO SARMIENTO JORGE ANTONIO,29
BOYACA,MUZO,VARGAS LLERAS GERMAN,156
BOYACA,MUZO,VOTOS EN BLANCO,88
BOYACA,MUZO,VOTOS NULOS,85
BOYACA,NOBSA,DE LA CALLE LOMBANA HUMBERTO,177
BOYACA,NOBSA,DUQUE MARQUEZ IVAN,1400
BOYACA,NOBSA,FAJARDO VALDERRAMA SERGIO,2399
BOYACA,NOBSA,MORALES HOYOS VIVIANE ALEIDA,6
BOYACA,NOBSA,PETRO URREGO GUSTAVO FRANCISCO,3668
BOYACA,NOBSA,PROMOTORES VOTO EN BLANCO,8
BOYACA,NOBSA,TARJETAS NO MARCADAS,5
BOYACA,NOBSA,TRUJILLO SARMIENTO JORGE ANTONIO,27
BOYACA,NOBSA,VARGAS LLERAS GERMAN,715
BOYACA,NOBSA,VOTOS EN BLANCO,116
BOYACA,NOBSA,VOTOS NULOS,84
BOYACA,NUEVO COLON,DE LA CALLE LOMBANA HUMBERTO,92
BOYACA,NUEVO COLON,DUQUE MARQUEZ IVAN,702
BOYACA,NUEVO COLON,FAJARDO VALDERRAMA SERGIO,453
BOYACA,NUEVO COLON,MORALES HOYOS VIVIANE ALEIDA,10
BOYACA,NUEVO COLON,PETRO URREGO GUSTAVO FRANCISCO,593
BOYACA,NUEVO COLON,PROMOTORES VOTO EN BLANCO,4
BOYACA,NUEVO COLON,TARJETAS NO MARCADAS,11
BOYACA,NUEVO COLON,TRUJILLO SARMIENTO JORGE ANTONIO,7
BOYACA,NUEVO COLON,VARGAS LLERAS GERMAN,202
BOYACA,NUEVO COLON,VOTOS EN BLANCO,45
BOYACA,NUEVO COLON,VOTOS NULOS,42
BOYACA,OICATA,DE LA CALLE LOMBANA HUMBERTO,32
BOYACA,OICATA,DUQUE MARQUEZ IVAN,628
BOYACA,OICATA,FAJARDO VALDERRAMA SERGIO,424
BOYACA,OICATA,MORALES HOYOS VIVIANE ALEIDA,3
BOYACA,OICATA,PETRO URREGO GUSTAVO FRANCISCO,420
BOYACA,OICATA,PROMOTORES VOTO EN BLANCO,3
BOYACA,OICATA,TARJETAS NO MARCADAS,8
BOYACA,OICATA,TRUJILLO SARMIENTO JORGE ANTONIO,6
BOYACA,OICATA,VARGAS LLERAS GERMAN,72
BOYACA,OICATA,VOTOS EN BLANCO,25
BOYACA,OICATA,VOTOS NULOS,17
BOYACA,OTANCHE,DE LA CALLE LOMBANA HUMBERTO,22
BOYACA,OTANCHE,DUQUE MARQUEZ IVAN,2697
BOYACA,OTANCHE,FAJARDO VALDERRAMA SERGIO,276
BOYACA,OTANCHE,MORALES HOYOS VIVIANE ALEIDA,6
BOYACA,OTANCHE,PETRO URREGO GUSTAVO FRANCISCO,228
BOYACA,OTANCHE,PROMOTORES VOTO EN BLANCO,3
BOYACA,OTANCHE,TARJETAS NO MARCADAS,11
BOYACA,OTANCHE,TRUJILLO SARMIENTO JORGE ANTONIO,12
BOYACA,OTANCHE,VARGAS LLERAS GERMAN,96
BOYACA,OTANCHE,VOTOS EN BLANCO,30
BOYACA,OTANCHE,VOTOS NULOS,24
BOYACA,PACHAVITA,DE LA CALLE LOMBANA HUMBERTO,6
BOYACA,PACHAVITA,DUQUE MARQUEZ IVAN,655
BOYACA,PACHAVITA,FAJARDO VALDERRAMA SERGIO,210
BOYACA,PACHAVITA,MORALES HOYOS VIVIANE ALEIDA,1
BOYACA,PACHAVITA,PETRO URREGO GUSTAVO FRANCISCO,119
BOYACA,PACHAVITA,PROMOTORES VOTO EN BLANCO,2
BOYACA,PACHAVITA,TARJETAS NO MARCADAS,6
BOYACA,PACHAVITA,TRUJILLO SARMIENTO JORGE ANTONIO,2
BOYACA,PACHAVITA,VARGAS LLERAS GERMAN,30
BOYACA,PACHAVITA,VOTOS EN BLANCO,21
BOYACA,PACHAVITA,VOTOS NULOS,11
BOYACA,PAEZ,DE LA CALLE LOMBANA HUMBERTO,27
BOYACA,PAEZ,DUQUE MARQUEZ IVAN,976
BOYACA,PAEZ,FAJARDO VALDERRAMA SERGIO,228
BOYACA,PAEZ,MORALES HOYOS VIVIANE ALEIDA,4
BOYACA,PAEZ,PETRO URREGO GUSTAVO FRANCISCO,173
BOYACA,PAEZ,PROMOTORES VOTO EN BLANCO,4
BOYACA,PAEZ,TARJETAS NO MARCADAS,2
BOYACA,PAEZ,TRUJILLO SARMIENTO JORGE ANTONIO,11
BOYACA,PAEZ,VARGAS LLERAS GERMAN,71
BOYACA,PAEZ,VOTOS EN BLANCO,22
BOYACA,PAEZ,VOTOS NULOS,14
BOYACA,PAIPA,DE LA CALLE LOMBANA HUMBERTO,317
BOYACA,PAIPA,DUQUE MARQUEZ IVAN,4650
BOYACA,PAIPA,FAJARDO VALDERRAMA SERGIO,6290
BOYACA,PAIPA,MORALES HOYOS VIVIANE ALEIDA,26
BOYACA,PAIPA,PETRO URREGO GUSTAVO FRANCISCO,3918
BOYACA,PAIPA,PROMOTORES VOTO EN BLANCO,16
BOYACA,PAIPA,TARJETAS NO MARCADAS,23
BOYACA,PAIPA,TRUJILLO SARMIENTO JORGE ANTONIO,35
BOYACA,PAIPA,VARGAS LLERAS GERMAN,823
BOYACA,PAIPA,VOTOS EN BLANCO,251
BOYACA,PAIPA,VOTOS NULOS,178
BOYACA,PAJARITO,DE LA CALLE LOMBANA HUMBERTO,10
BOYACA,PAJARITO,DUQUE MARQUEZ IVAN,638
BOYACA,PAJARITO,FAJARDO VALDERRAMA SERGIO,138
BOYACA,PAJARITO,MORALES HOYOS VIVIANE ALEIDA,3
BOYACA,PAJARITO,PETRO URREGO GUSTAVO FRANCISCO,80
BOYACA,PAJARITO,PROMOTORES VOTO EN BLANCO,3
BOYACA,PAJARITO,TARJETAS NO MARCADAS,3
BOYACA,PAJARITO,TRUJILLO SARMIENTO JORGE ANTONIO,5
BOYACA,PAJARITO,VARGAS LLERAS GERMAN,9
BOYACA,PAJARITO,VOTOS EN BLANCO,7
BOYACA,PAJARITO,VOTOS NULOS,2
BOYACA,PANQUEBA,DE LA CALLE LOMBANA HUMBERTO,15
BOYACA,PANQUEBA,DUQUE MARQUEZ IVAN,627
BOYACA,PANQUEBA,FAJARDO VALDERRAMA SERGIO,147
BOYACA,PANQUEBA,MORALES HOYOS VIVIANE ALEIDA,2
BOYACA,PANQUEBA,PETRO URREGO GUSTAVO FRANCISCO,56
BOYACA,PANQUEBA,TARJETAS NO MARCADAS,2
BOYACA,PANQUEBA,TRUJILLO SARMIENTO JORGE ANTONIO,1
BOYACA,PANQUEBA,VARGAS LLERAS GERMAN,10
BOYACA,PANQUEBA,VOTOS EN BLANCO,8
BOYACA,PANQUEBA,VOTOS NULOS,6
BOYACA,PAUNA,DE LA CALLE LOMBANA HUMBERTO,23
BOYACA,PAUNA,DUQUE MARQUEZ IVAN,2153
BOYACA,PAUNA,FAJARDO VALDERRAMA SERGIO,300
BOYACA,PAUNA,MORALES HOYOS VIVIANE ALEIDA,10
BOYACA,PAUNA,PETRO URREGO GUSTAVO FRANCISCO,662
BOYACA,PAUNA,PROMOTORES VOTO EN BLANCO,7
BOYACA,PAUNA,TARJETAS NO MARCADAS,23
BOYACA,PAUNA,TRUJILLO SARMIENTO JORGE ANTONIO,6
BOYACA,PAUNA,VARGAS LLERAS GERMAN,127
BOYACA,PAUNA,VOTOS EN BLANCO,38
BOYACA,PAUNA,VOTOS NULOS,65
BOYACA,PAYA,DE LA CALLE LOMBANA HUMBERTO,13
BOYACA,PAYA,DUQUE MARQUEZ IVAN,563
BOYACA,PAYA,FAJARDO VALDERRAMA SERGIO,113
BOYACA,PAYA,MORALES HOYOS VIVIANE ALEIDA,11
BOYACA,PAYA,PETRO URREGO GUSTAVO FRANCISCO,127
BOYACA,PAYA,PROMOTORES VOTO EN BLANCO,5
BOYACA,PAYA,TARJETAS NO MARCADAS,8
BOYACA,PAYA,TRUJILLO SARMIENTO JORGE ANTONIO,8
BOYACA,PAYA,VARGAS LLERAS GERMAN,21
BOYACA,PAYA,VOTOS EN BLANCO,20
BOYACA,PAYA,VOTOS NULOS,10
BOYACA,PAZ DE RIO,DE LA CALLE LOMBANA HUMBERTO,96
BOYACA,PAZ DE RIO,DUQUE MARQUEZ IVAN,446
BOYACA,PAZ DE RIO,FAJARDO VALDERRAMA SERGIO,522
BOYACA,PAZ DE RIO,MORALES HOYOS VIVIANE ALEIDA,1
BOYACA,PAZ DE RIO,PETRO URREGO GUSTAVO FRANCISCO,859
BOYACA,PAZ DE RIO,PROMOTORES VOTO EN BLANCO,5
BOYACA,PAZ DE RIO,TARJETAS NO MARCADAS,8
BOYACA,PAZ DE RIO,TRUJILLO SARMIENTO JORGE ANTONIO,11
BOYACA,PAZ DE RIO,VARGAS LLERAS GERMAN,269
BOYACA,PAZ DE RIO,VOTOS EN BLANCO,48
BOYACA,PAZ DE RIO,VOTOS NULOS,31
BOYACA,PESCA,DE LA CALLE LOMBANA HUMBERTO,30
BOYACA,PESCA,DUQUE MARQUEZ IVAN,1714
BOYACA,PESCA,FAJARDO VALDERRAMA SERGIO,495
BOYACA,PESCA,MORALES HOYOS VIVIANE ALEIDA,5
BOYACA,PESCA,PETRO URREGO GUSTAVO FRANCISCO,436
BOYACA,PESCA,PROMOTORES VOTO EN BLANCO,5
BOYACA,PESCA,TARJETAS NO MARCADAS,12
BOYACA,PESCA,TRUJILLO SARMIENTO JORGE ANTONIO,7
BOYACA,PESCA,VARGAS LLERAS GERMAN,209
BOYACA,PESCA,VOTOS EN BLANCO,38
BOYACA,PESCA,VOTOS NULOS,29
BOYACA,PISBA,DE LA CALLE LOMBANA HUMBERTO,3
BOYACA,PISBA,DUQUE MARQUEZ IVAN,341
BOYACA,PISBA,FAJARDO VALDERRAMA SERGIO,106
BOYACA,PISBA,MORALES HOYOS VIVIANE ALEIDA,1
BOYACA,PISBA,PETRO URREGO GUSTAVO FRANCISCO,89
BOYACA,PISBA,TARJETAS NO MARCADAS,4
BOYACA,PISBA,TRUJILLO SARMIENTO JORGE ANTONIO,1
BOYACA,PISBA,VARGAS LLERAS GERMAN,7
BOYACA,PISBA,VOTOS NULOS,5
BOYACA,PUERTO BOYACA,DE LA CALLE LOMBANA HUMBERTO,290
BOYACA,PUERTO BOYACA,DUQUE MARQUEZ IVAN,10774
BOYACA,PUERTO BOYACA,FAJARDO VALDERRAMA SERGIO,4294
BOYACA,PUERTO BOYACA,MORALES HOYOS VIVIANE ALEIDA,69
BOYACA,PUERTO BOYACA,PETRO URREGO GUSTAVO FRANCISCO,3155
BOYACA,PUERTO BOYACA,PROMOTORES VOTO EN BLANCO,40
BOYACA,PUERTO BOYACA,TARJETAS NO MARCADAS,117
BOYACA,PUERTO BOYACA,TRUJILLO SARMIENTO JORGE ANTONIO,84
BOYACA,PUERTO BOYACA,VARGAS LLERAS GERMAN,1045
BOYACA,PUERTO BOYACA,VOTOS EN BLANCO,459
BOYACA,PUERTO BOYACA,VOTOS NULOS,773
BOYACA,QUIPAMA,DE LA CALLE LOMBANA HUMBERTO,10
BOYACA,QUIPAMA,DUQUE MARQUEZ IVAN,2058
BOYACA,QUIPAMA,FAJARDO VALDERRAMA SERGIO,198
BOYACA,QUIPAMA,MORALES HOYOS VIVIANE ALEIDA,10
BOYACA,QUIPAMA,PETRO URREGO GUSTAVO FRANCISCO,256
BOYACA,QUIPAMA,PROMOTORES VOTO EN BLANCO,2
BOYACA,QUIPAMA,TARJETAS NO MARCADAS,26
BOYACA,QUIPAMA,TRUJILLO SARMIENTO JORGE ANTONIO,6
BOYACA,QUIPAMA,VARGAS LLERAS GERMAN,101
BOYACA,QUIPAMA,VOTOS EN BLANCO,30
BOYACA,QUIPAMA,VOTOS NULOS,52
BOYACA,RAMIRIQUI,DE LA CALLE LOMBANA HUMBERTO,96
BOYACA,RAMIRIQUI,DUQUE MARQUEZ IVAN,1975
BOYACA,RAMIRIQUI,FAJARDO VALDERRAMA SERGIO,858
BOYACA,RAMIRIQUI,MORALES HOYOS VIVIANE ALEIDA,10
BOYACA,RAMIRIQUI,PETRO URREGO GUSTAVO FRANCISCO,917
BOYACA,RAMIRIQUI,PROMOTORES VOTO EN BLANCO,9
BOYACA,RAMIRIQUI,TARJETAS NO MARCADAS,10
BOYACA,RAMIRIQUI,TRUJILLO SARMIENTO JORGE ANTONIO,8
BOYACA,RAMIRIQUI,VARGAS LLERAS GERMAN,192
BOYACA,RAMIRIQUI,VOTOS EN BLANCO,90
BOYACA,RAMIRIQUI,VOTOS NULOS,55
BOYACA,RAQUIRA,DE LA CALLE LOMBANA HUMBERTO,69
BOYACA,RAQUIRA,DUQUE MARQUEZ IVAN,1462
BOYACA,RAQUIRA,FAJARDO VALDERRAMA SERGIO,612
BOYACA,RAQUIRA,MORALES HOYOS VIVIANE ALEIDA,9
BOYACA,RAQUIRA,PETRO URREGO GUSTAVO FRANCISCO,449
BOYACA,RAQUIRA,PROMOTORES VOTO EN BLANCO,11
BOYACA,RAQUIRA,TARJETAS NO MARCADAS,7
BOYACA,RAQUIRA,TRUJILLO SARMIENTO JORGE ANTONIO,9
BOYACA,RAQUIRA,VARGAS LLERAS GERMAN,63
BOYACA,RAQUIRA,VOTOS EN BLANCO,84
BOYACA,RAQUIRA,VOTOS NULOS,49
BOYACA,RONDON,DE LA CALLE LOMBANA HUMBERTO,19
BOYACA,RONDON,DUQUE MARQUEZ IVAN,679
BOYACA,RONDON,FAJARDO VALDERRAMA SERGIO,127
BOYACA,RONDON,MORALES HOYOS VIVIANE ALEIDA,5
BOYACA,RONDON,PETRO URREGO GUSTAVO FRANCISCO,223
BOYACA,RONDON,PROMOTORES VOTO EN BLANCO,1
BOYACA,RONDON,TARJETAS NO MARCADAS,4
BOYACA,RONDON,TRUJILLO SARMIENTO JORGE ANTONIO,2
BOYACA,RONDON,VARGAS LLERAS GERMAN,148
BOYACA,RONDON,VOTOS EN BLANCO,19
BOYACA,RONDON,VOTOS NULOS,5
BOYACA,SABOYA,DE LA CALLE LOMBANA HUMBERTO,123
BOYACA,SABOYA,DUQUE MARQUEZ IVAN,2623
BOYACA,SABOYA,FAJARDO VALDERRAMA SERGIO,712
BOYACA,SABOYA,MORALES HOYOS VIVIANE ALEIDA,9
BOYACA,SABOYA,PETRO URREGO GUSTAVO FRANCISCO,1277
BOYACA,SABOYA,PROMOTORES VOTO EN BLANCO,5
BOYACA,SABOYA,TARJETAS NO MARCADAS,23
BOYACA,SABOYA,TRUJILLO SARMIENTO JORGE ANTONIO,14
BOYACA,SABOYA,VARGAS LLERAS GERMAN,270
BOYACA,SABOYA,VOTOS EN BLANCO,89
BOYACA,SABOYA,VOTOS NULOS,121
BOYACA,SACHICA,DE LA CALLE LOMBANA HUMBERTO,53
BOYACA,SACHICA,DUQUE MARQUEZ IVAN,896
BOYACA,SACHICA,FAJARDO VALDERRAMA SERGIO,563
BOYACA,SACHICA,MORALES HOYOS VIVIANE ALEIDA,6
BOYACA,SACHICA,PETRO URREGO GUSTAVO FRANCISCO,480
BOYACA,SACHICA,PROMOTORES VOTO EN BLANCO,4
BOYACA,SACHICA,TARJETAS NO MARCADAS,10
BOYACA,SACHICA,TRUJILLO SARMIENTO JORGE ANTONIO,1
BOYACA,SACHICA,VARGAS LLERAS GERMAN,118
BOYACA,SACHICA,VOTOS EN BLANCO,37
BOYACA,SACHICA,VOTOS NULOS,42
BOYACA,SAMACA,DE LA CALLE LOMBANA HUMBERTO,88
BOYACA,SAMACA,DUQUE MARQUEZ IVAN,3074
BOYACA,SAMACA,FAJARDO VALDERRAMA SERGIO,2248
BOYACA,SAMACA,MORALES HOYOS VIVIANE ALEIDA,19
BOYACA,SAMACA,PETRO URREGO GUSTAVO FRANCISCO,1644
BOYACA,SAMACA,PROMOTORES VOTO EN BLANCO,10
BOYACA,SAMACA,TARJETAS NO MARCADAS,16
BOYACA,SAMACA,TRUJILLO SARMIENTO JORGE ANTONIO,34
BOYACA,SAMACA,VARGAS LLERAS GERMAN,213
BOYACA,SAMACA,VOTOS EN BLANCO,158
BOYACA,SAMACA,VOTOS NULOS,144
BOYACA,SAN EDUARDO,DE LA CALLE LOMBANA HUMBERTO,32
BOYACA,SAN EDUARDO,DUQUE MARQUEZ IVAN,401
BOYACA,SAN EDUARDO,FAJARDO VALDERRAMA SERGIO,137
BOYACA,SAN EDUARDO,MORALES HOYOS VIVIANE ALEIDA,3
BOYACA,SAN EDUARDO,PETRO URREGO GUSTAVO FRANCISCO,179
BOYACA,SAN EDUARDO,TARJETAS NO MARCADAS,5
BOYACA,SAN EDUARDO,TRUJILLO SARMIENTO JORGE ANTONIO,3
BOYACA,SAN EDUARDO,VARGAS LLERAS GERMAN,40
BOYACA,SAN EDUARDO,VOTOS EN BLANCO,41
BOYACA,SAN EDUARDO,VOTOS NULOS,10
BOYACA,SAN JOSE DE PARE,DE LA CALLE LOMBANA HUMBERTO,42
BOYACA,SAN JOSE DE PARE,DUQUE MARQUEZ IVAN,1769
BOYACA,SAN JOSE DE PARE,FAJARDO VALDERRAMA SERGIO,267
BOYACA,SAN JOSE DE PARE,MORALES HOYOS VIVIANE ALEIDA,12
BOYACA,SAN JOSE DE PARE,PETRO URREGO GUSTAVO FRANCISCO,302
BOYACA,SAN JOSE DE PARE,PROMOTORES VOTO EN BLANCO,3
BOYACA,SAN JOSE DE PARE,TARJETAS NO MARCADAS,7
BOYACA,SAN JOSE DE PARE,TRUJILLO SARMIENTO JORGE ANTONIO,5
BOYACA,SAN JOSE DE PARE,VARGAS LLERAS GERMAN,105
BOYACA,SAN JOSE DE PARE,VOTOS EN BLANCO,40
BOYACA,SAN JOSE DE PARE,VOTOS NULOS,40
BOYACA,SAN LUIS DE GACENO,DE LA CALLE LOMBANA HUMBERTO,16
BOYACA,SAN LUIS DE GACENO,DUQUE MARQUEZ IVAN,1841
BOYACA,SAN LUIS DE GACENO,FAJARDO VALDERRAMA SERGIO,358
BOYACA,SAN LUIS DE GACENO,MORALES HOYOS VIVIANE ALEIDA,1
BOYACA,SAN LUIS DE GACENO,PETRO URREGO GUSTAVO FRANCISCO,160
BOYACA,SAN LUIS DE GACENO,TARJETAS NO MARCADAS,13
BOYACA,SAN LUIS DE GACENO,TRUJILLO SARMIENTO JORGE ANTONIO,5
BOYACA,SAN LUIS DE GACENO,VARGAS LLERAS GERMAN,86
BOYACA,SAN LUIS DE GACENO,VOTOS EN BLANCO,22
BOYACA,SAN LUIS DE GACENO,VOTOS NULOS,21
BOYACA,SAN MATEO,DE LA CALLE LOMBANA HUMBERTO,8
BOYACA,SAN MATEO,DUQUE MARQUEZ IVAN,1665
BOYACA,SAN MATEO,FAJARDO VALDERRAMA SERGIO,142
BOYACA,SAN MATEO,MORALES HOYOS VIVIANE ALEIDA,5
BOYACA,SAN MATEO,PETRO URREGO GUSTAVO FRANCISCO,86
BOYACA,SAN MATEO,TARJETAS NO MARCADAS,7
BOYACA,SAN MATEO,TRUJILLO SARMIENTO JORGE ANTONIO,3
BOYACA,SAN MATEO,VARGAS LLERAS GERMAN,54
BOYACA,SAN MATEO,VOTOS EN BLANCO,10
BOYACA,SAN MATEO,VOTOS NULOS,5
BOYACA,SAN MIGUEL DE SEMA,DE LA CALLE LOMBANA HUMBERTO,46
BOYACA,SAN MIGUEL DE SEMA,DUQUE MARQUEZ IVAN,858
BOYACA,SAN MIGUEL DE SEMA,FAJARDO VALDERRAMA SERGIO,261
BOYACA,SAN MIGUEL DE SEMA,MORALES HOYOS VIVIANE ALEIDA,3
BOYACA,SAN MIGUEL DE SEMA,PETRO URREGO GUSTAVO FRANCISCO,153
BOYACA,SAN MIGUEL DE SEMA,PROMOTORES VOTO EN BLANCO,2
BOYACA,SAN MIGUEL DE SEMA,TARJETAS NO MARCADAS,5
BOYACA,SAN MIGUEL DE SEMA,TRUJILLO SARMIENTO JORGE ANTONIO,6
BOYACA,SAN MIGUEL DE SEMA,VARGAS LLERAS GERMAN,110
BOYACA,SAN MIGUEL DE SEMA,VOTOS EN BLANCO,31
BOYACA,SAN MIGUEL DE SEMA,VOTOS NULOS,21
BOYACA,SAN PABLO DE BORBUR,DE LA CALLE LOMBANA HUMBERTO,6
BOYACA,SAN PABLO DE BORBUR,DUQUE MARQUEZ IVAN,2535
BOYACA,SAN PABLO DE BORBUR,FAJARDO VALDERRAMA SERGIO,222
BOYACA,SAN PABLO DE BORBUR,MORALES HOYOS VIVIANE ALEIDA,5
BOYACA,SAN PABLO DE BORBUR,PETRO URREGO GUSTAVO FRANCISCO,269
BOYACA,SAN PABLO DE BORBUR,PROMOTORES VOTO EN BLANCO,8
BOYACA,SAN PABLO DE BORBUR,TARJETAS NO MARCADAS,14
BOYACA,SAN PABLO DE BORBUR,TRUJILLO SARMIENTO JORGE ANTONIO,13
BOYACA,SAN PABLO DE BORBUR,VARGAS LLERAS GERMAN,69
BOYACA,SAN PABLO DE BORBUR,VOTOS EN BLANCO,55
BOYACA,SAN PABLO DE BORBUR,VOTOS NULOS,43
BOYACA,SANTA MARIA,DE LA CALLE LOMBANA HUMBERTO,21
BOYACA,SANTA MARIA,DUQUE MARQUEZ IVAN,818
BOYACA,SANTA MARIA,FAJARDO VALDERRAMA SERGIO,338
BOYACA,SANTA MARIA,MORALES HOYOS VIVIANE ALEIDA,3
BOYACA,SANTA MARIA,PETRO URREGO GUSTAVO FRANCISCO,276
BOYACA,SANTA MARIA,PROMOTORES VOTO EN BLANCO,1
BOYACA,SANTA MARIA,TARJETAS NO MARCADAS,8
BOYACA,SANTA MARIA,TRUJILLO SARMIENTO JORGE ANTONIO,6
BOYACA,SANTA MARIA,VARGAS LLERAS GERMAN,68
BOYACA,SANTA MARIA,VOTOS EN BLANCO,56
BOYACA,SANTA MARIA,VOTOS NULOS,38
BOYACA,SANTA ROSA DE VITERBO,DE LA CALLE LOMBANA HUMBERTO,98
BOYACA,SANTA ROSA DE VITERBO,DUQUE MARQUEZ IVAN,2363
BOYACA,SANTA ROSA DE VITERBO,FAJARDO VALDERRAMA SERGIO,1723
BOYACA,SANTA ROSA DE VITERBO,MORALES HOYOS VIVIANE ALEIDA,2
BOYACA,SANTA ROSA DE VITERBO,PETRO URREGO GUSTAVO FRANCISCO,890
BOYACA,SANTA ROSA DE VITERBO,PROMOTORES VOTO EN BLANCO,9
BOYACA,SANTA ROSA DE VITERBO,TARJETAS NO MARCADAS,20
BOYACA,SANTA ROSA DE VITERBO,TRUJILLO SARMIENTO JORGE ANTONIO,15
BOYACA,SANTA ROSA DE VITERBO,VARGAS LLERAS GERMAN,173
BOYACA,SANTA ROSA DE VITERBO,VOTOS EN BLANCO,59
BOYACA,SANTA ROSA DE VITERBO,VOTOS NULOS,62
BOYACA,SANTA SOFIA,DE LA CALLE LOMBANA HUMBERTO,5
BOYACA,SANTA SOFIA,DUQUE MARQUEZ IVAN,1091
BOYACA,SANTA SOFIA,FAJARDO VALDERRAMA SERGIO,352
BOYACA,SANTA SOFIA,MORALES HOYOS VIVIANE ALEIDA,3
BOYACA,SANTA SOFIA,PETRO URREGO GUSTAVO FRANCISCO,148
BOYACA,SANTA SOFIA,TARJETAS NO MARCADAS,5
BOYACA,SANTA SOFIA,TRUJILLO SARMIENTO JORGE ANTONIO,5
BOYACA,SANTA SOFIA,VARGAS LLERAS GERMAN,75
BOYACA,SANTA SOFIA,VOTOS EN BLANCO,29
BOYACA,SANTA SOFIA,VOTOS NULOS,19
BOYACA,SANTANA,DE LA CALLE LOMBANA HUMBERTO,79
BOYACA,SANTANA,DUQUE MARQUEZ IVAN,1626
BOYACA,SANTANA,FAJARDO VALDERRAMA SERGIO,447
BOYACA,SANTANA,MORALES HOYOS VIVIANE ALEIDA,10
BOYACA,SANTANA,PETRO URREGO GUSTAVO FRANCISCO,662
BOYACA,SANTANA,PROMOTORES VOTO EN BLANCO,3
BOYACA,SANTANA,TARJETAS NO MARCADAS,16
BOYACA,SANTANA,TRUJILLO SARMIENTO JORGE ANTONIO,9
BOYACA,SANTANA,VARGAS LLERAS GERMAN,474
BOYACA,SANTANA,VOTOS EN BLANCO,37
BOYACA,SANTANA,VOTOS NULOS,41
BOYACA,SATIVANORTE,DE LA CALLE LOMBANA HUMBERTO,6
BOYACA,SATIVANORTE,DUQUE MARQUEZ IVAN,997
BOYACA,SATIVANORTE,FAJARDO VALDERRAMA SERGIO,104
BOYACA,SATIVANORTE,MORALES HOYOS VIVIANE ALEIDA,1
BOYACA,SATIVANORTE,PETRO URREGO GUSTAVO FRANCISCO,88
BOYACA,SATIVANORTE,TARJETAS NO MARCADAS,12
BOYACA,SATIVANORTE,TRUJILLO SARMIENTO JORGE ANTONIO,4
BOYACA,SATIVANORTE,VARGAS LLERAS GERMAN,43
BOYACA,SATIVANORTE,VOTOS EN BLANCO,5
BOYACA,SATIVANORTE,VOTOS NULOS,15
BOYACA,SATIVASUR,DE LA CALLE LOMBANA HUMBERTO,47
BOYACA,SATIVASUR,DUQUE MARQUEZ IVAN,288
BOYACA,SATIVASUR,FAJARDO VALDERRAMA SERGIO,62
BOYACA,SATIVASUR,PETRO URREGO GUSTAVO FRANCISCO,84
BOYACA,SATIVASUR,PROMOTORES VOTO EN BLANCO,2
BOYACA,SATIVASUR,TARJETAS NO MARCADAS,1
BOYACA,SATIVASUR,TRUJILLO SARMIENTO JORGE ANTONIO,1
BOYACA,SATIVASUR,VARGAS LLERAS GERMAN,11
BOYACA,SATIVASUR,VOTOS EN BLANCO,5
BOYACA,SATIVASUR,VOTOS NULOS,3
BOYACA,SIACHOQUE,DE LA CALLE LOMBANA HUMBERTO,44
BOYACA,SIACHOQUE,DUQUE MARQUEZ IVAN,1663
BOYACA,SIACHOQUE,FAJARDO VALDERRAMA SERGIO,819
BOYACA,SIACHOQUE,MORALES HOYOS VIVIANE ALEIDA,8
BOYACA,SIACHOQUE,PETRO URREGO GUSTAVO FRANCISCO,553
BOYACA,SIACHOQUE,PROMOTORES VOTO EN BLANCO,8
BOYACA,SIACHOQUE,TARJETAS NO MARCADAS,16
BOYACA,SIACHOQUE,TRUJILLO SARMIENTO JORGE ANTONIO,9
BOYACA,SIACHOQUE,VARGAS LLERAS GERMAN,94
BOYACA,SIACHOQUE,VOTOS EN BLANCO,76
BOYACA,SIACHOQUE,VOTOS NULOS,50
BOYACA,SOATA,DE LA CALLE LOMBANA HUMBERTO,56
BOYACA,SOATA,DUQUE MARQUEZ IVAN,2654
BOYACA,SOATA,FAJARDO VALDERRAMA SERGIO,655
BOYACA,SOATA,MORALES HOYOS VIVIANE ALEIDA,4
BOYACA,SOATA,PETRO URREGO GUSTAVO FRANCISCO,614
BOYACA,SOATA,PROMOTORES VOTO EN BLANCO,7
BOYACA,SOATA,TARJETAS NO MARCADAS,19
BOYACA,SOATA,TRUJILLO SARMIENTO JORGE ANTONIO,5
BOYACA,SOATA,VARGAS LLERAS GERMAN,493
BOYACA,SOATA,VOTOS EN BLANCO,53
BOYACA,SOATA,VOTOS NULOS,56
BOYACA,SOCHA,DE LA CALLE LOMBANA HUMBERTO,140
BOYACA,SOCHA,DUQUE MARQUEZ IVAN,1343
BOYACA,SOCHA,FAJARDO VALDERRAMA SERGIO,544
BOYACA,SOCHA,MORALES HOYOS VIVIANE ALEIDA,13
BOYACA,SOCHA,PETRO URREGO GUSTAVO FRANCISCO,718
BOYACA,SOCHA,PROMOTORES VOTO EN BLANCO,9
BOYACA,SOCHA,TARJETAS NO MARCADAS,11
BOYACA,SOCHA,TRUJILLO SARMIENTO JORGE ANTONIO,8
BOYACA,SOCHA,VARGAS LLERAS GERMAN,70
BOYACA,SOCHA,VOTOS EN BLANCO,79
BOYACA,SOCHA,VOTOS NULOS,69
BOYACA,SOCOTA,DE LA CALLE LOMBANA HUMBERTO,187
BOYACA,SOCOTA,DUQUE MARQUEZ IVAN,1944
BOYACA,SOCOTA,FAJARDO VALDERRAMA SERGIO,125
BOYACA,SOCOTA,MORALES HOYOS VIVIANE ALEIDA,14
BOYACA,SOCOTA,PETRO URREGO GUSTAVO FRANCISCO,505
BOYACA,SOCOTA,PROMOTORES VOTO EN BLANCO,3
BOYACA,SOCOTA,TARJETAS NO MARCADAS,27
BOYACA,SOCOTA,TRUJILLO SARMIENTO JORGE ANTONIO,14
BOYACA,SOCOTA,VARGAS LLERAS GERMAN,63
BOYACA,SOCOTA,VOTOS EN BLANCO,50
BOYACA,SOCOTA,VOTOS NULOS,58
BOYACA,SOGAMOSO,DE LA CALLE LOMBANA HUMBERTO,1226
BOYACA,SOGAMOSO,DUQUE MARQUEZ IVAN,17339
BOYACA,SOGAMOSO,FAJARDO VALDERRAMA SERGIO,20896
BOYACA,SOGAMOSO,MORALES HOYOS VIVIANE ALEIDA,100
BOYACA,SOGAMOSO,PETRO URREGO GUSTAVO FRANCISCO,15640
BOYACA,SOGAMOSO,PROMOTORES VOTO EN BLANCO,80
BOYACA,SOGAMOSO,TARJETAS NO MARCADAS,102
BOYACA,SOGAMOSO,TRUJILLO SARMIENTO JORGE ANTONIO,156
BOYACA,SOGAMOSO,VARGAS LLERAS GERMAN,3062
BOYACA,SOGAMOSO,VOTOS EN BLANCO,1022
BOYACA,SOGAMOSO,VOTOS NULOS,686
BOYACA,SOMONDOCO,DE LA CALLE LOMBANA HUMBERTO,15
BOYACA,SOMONDOCO,DUQUE MARQUEZ IVAN,726
BOYACA,SOMONDOCO,FAJARDO VALDERRAMA SERGIO,257
BOYACA,SOMONDOCO,MORALES HOYOS VIVIANE ALEIDA,2
BOYACA,SOMONDOCO,PETRO URREGO GUSTAVO FRANCISCO,227
BOYACA,SOMONDOCO,PROMOTORES VOTO EN BLANCO,2
BOYACA,SOMONDOCO,TARJETAS NO MARCADAS,5
BOYACA,SOMONDOCO,TRUJILLO SARMIENTO JORGE ANTONIO,4
BOYACA,SOMONDOCO,VARGAS LLERAS GERMAN,77
BOYACA,SOMONDOCO,VOTOS EN BLANCO,24
BOYACA,SOMONDOCO,VOTOS NULOS,14
BOYACA,SORA,DE LA CALLE LOMBANA HUMBERTO,18
BOYACA,SORA,DUQUE MARQUEZ IVAN,454
BOYACA,SORA,FAJARDO VALDERRAMA SERGIO,313
BOYACA,SORA,MORALES HOYOS VIVIANE ALEIDA,3
BOYACA,SORA,PETRO URREGO GUSTAVO FRANCISCO,401
BOYACA,SORA,PROMOTORES VOTO EN BLANCO,6
BOYACA,SORA,TARJETAS NO MARCADAS,6
BOYACA,SORA,TRUJILLO SARMIENTO JORGE ANTONIO,4
BOYACA,SORA,VARGAS LLERAS GERMAN,71
BOYACA,SORA,VOTOS EN BLANCO,40
BOYACA,SORA,VOTOS NULOS,26
BOYACA,SORACA,DE LA CALLE LOMBANA HUMBERTO,42
BOYACA,SORACA,DUQUE MARQUEZ IVAN,1465
BOYACA,SORACA,FAJARDO VALDERRAMA SERGIO,747
BOYACA,SORACA,MORALES HOYOS VIVIANE ALEIDA,14
BOYACA,SORACA,PETRO URREGO GUSTAVO FRANCISCO,642
BOYACA,SORACA,PROMOTORES VOTO EN BLANCO,3
BOYACA,SORACA,TARJETAS NO MARCADAS,15
BOYACA,SORACA,TRUJILLO SARMIENTO JORGE ANTONIO,5
BOYACA,SORACA,VARGAS LLERAS GERMAN,101
BOYACA,SORACA,VOTOS EN BLANCO,51
BOYACA,SORACA,VOTOS NULOS,35
BOYACA,SOTAQUIRA,DE LA CALLE LOMBANA HUMBERTO,55
BOYACA,SOTAQUIRA,DUQUE MARQUEZ IVAN,2009
BOYACA,SOTAQUIRA,FAJARDO VALDERRAMA SERGIO,754
BOYACA,SOTAQUIRA,MORALES HOYOS VIVIANE ALEIDA,16
BOYACA,SOTAQUIRA,PETRO URREGO GUSTAVO FRANCISCO,535
BOYACA,SOTAQUIRA,PROMOTORES VOTO EN BLANCO,7
BOYACA,SOTAQUIRA,TARJETAS NO MARCADAS,18
BOYACA,SOTAQUIRA,TRUJILLO SARMIENTO JORGE ANTONIO,10
BOYACA,SOTAQUIRA,VARGAS LLERAS GERMAN,126
BOYACA,SOTAQUIRA,VOTOS EN BLANCO,38
BOYACA,SOTAQUIRA,VOTOS NULOS,66
BOYACA,SUSACON,DE LA CALLE LOMBANA HUMBERTO,9
BOYACA,SUSACON,DUQUE MARQUEZ IVAN,1055
BOYACA,SUSACON,FAJARDO VALDERRAMA SERGIO,140
BOYACA,SUSACON,MORALES HOYOS VIVIANE ALEIDA,4
BOYACA,SUSACON,PETRO URREGO GUSTAVO FRANCISCO,145
BOYACA,SUSACON,PROMOTORES VOTO EN BLANCO,6
BOYACA,SUSACON,TARJETAS NO MARCADAS,16
BOYACA,SUSACON,TRUJILLO SARMIENTO JORGE ANTONIO,5
BOYACA,SUSACON,VARGAS LLERAS GERMAN,56
BOYACA,SUSACON,VOTOS EN BLANCO,20
BOYACA,SUSACON,VOTOS NULOS,19
BOYACA,SUTAMARCHAN,DE LA CALLE LOMBANA HUMBERTO,42
BOYACA,SUTAMARCHAN,DUQUE MARQUEZ IVAN,1745
BOYACA,SUTAMARCHAN,FAJARDO VALDERRAMA SERGIO,496
BOYACA,SUTAMARCHAN,MORALES HOYOS VIVIANE ALEIDA,5
BOYACA,SUTAMARCHAN,PETRO URREGO GUSTAVO FRANCISCO,543
BOYACA,SUTAMARCHAN,PROMOTORES VOTO EN BLANCO,1
BOYACA,SUTAMARCHAN,TARJETAS NO MARCADAS,11
BOYACA,SUTAMARCHAN,TRUJILLO SARMIENTO JORGE ANTONIO,3
BOYACA,SUTAMARCHAN,VARGAS LLERAS GERMAN,658
BOYACA,SUTAMARCHAN,VOTOS EN BLANCO,43
BOYACA,SUTAMARCHAN,VOTOS NULOS,19
BOYACA,SUTATENZA,DE LA CALLE LOMBANA HUMBERTO,21
BOYACA,SUTATENZA,DUQUE MARQUEZ IVAN,1205
BOYACA,SUTATENZA,FAJARDO VALDERRAMA SERGIO,308
BOYACA,SUTATENZA,MORALES HOYOS VIVIANE ALEIDA,8
BOYACA,SUTATENZA,PETRO URREGO GUSTAVO FRANCISCO,297
BOYACA,SUTATENZA,PROMOTORES VOTO EN BLANCO,8
BOYACA,SUTATENZA,TARJETAS NO MARCADAS,8
BOYACA,SUTATENZA,TRUJILLO SARMIENTO JORGE ANTONIO,3
BOYACA,SUTATENZA,VARGAS LLERAS GERMAN,174
BOYACA,SUTATENZA,VOTOS EN BLANCO,27
BOYACA,SUTATENZA,VOTOS NULOS,29
BOYACA,TASCO,DE LA CALLE LOMBANA HUMBERTO,55
BOYACA,TASCO,DUQUE MARQUEZ IVAN,745
BOYACA,TASCO,FAJARDO VALDERRAMA SERGIO,480
BOYACA,TASCO,MORALES HOYOS VIVIANE ALEIDA,5
BOYACA,TASCO,PETRO URREGO GUSTAVO FRANCISCO,576
BOYACA,TASCO,PROMOTORES VOTO EN BLANCO,3
BOYACA,TASCO,TARJETAS NO MARCADAS,6
BOYACA,TASCO,TRUJILLO SARMIENTO JORGE ANTONIO,8
BOYACA,TASCO,VARGAS LLERAS GERMAN,143
BOYACA,TASCO,VOTOS EN BLANCO,23
BOYACA,TASCO,VOTOS NULOS,36
BOYACA,TENZA,DE LA CALLE LOMBANA HUMBERTO,15
BOYACA,TENZA,DUQUE MARQUEZ IVAN,1064
BOYACA,TENZA,FAJARDO VALDERRAMA SERGIO,324
BOYACA,TENZA,MORALES HOYOS VIVIANE ALEIDA,10
BOYACA,TENZA,PETRO URREGO GUSTAVO FRANCISCO,211
BOYACA,TENZA,PROMOTORES VOTO EN BLANCO,5
BOYACA,TENZA,TARJETAS NO MARCADAS,16
BOYACA,TENZA,TRUJILLO SARMIENTO JORGE ANTONIO,5
BOYACA,TENZA,VARGAS LLERAS GERMAN,84
BOYACA,TENZA,VOTOS EN BLANCO,47
BOYACA,TENZA,VOTOS NULOS,21
BOYACA,TIBANA,DE LA CALLE LOMBANA HUMBERTO,145
BOYACA,TIBANA,DUQUE MARQUEZ IVAN,1318
BOYACA,TIBANA,FAJARDO VALDERRAMA SERGIO,565
BOYACA,TIBANA,MORALES HOYOS VIVIANE ALEIDA,9
BOYACA,TIBANA,PETRO URREGO GUSTAVO FRANCISCO,734
BOYACA,TIBANA,PROMOTORES VOTO EN BLANCO,3
BOYACA,TIBANA,TARJETAS NO MARCADAS,18
BOYACA,TIBANA,TRUJILLO SARMIENTO JORGE ANTONIO,14
BOYACA,TIBANA,VARGAS LLERAS GERMAN,200
BOYACA,TIBANA,VOTOS EN BLANCO,51
BOYACA,TIBANA,VOTOS NULOS,61
BOYACA,TIBASOSA,DE LA CALLE LOMBANA HUMBERTO,97
BOYACA,TIBASOSA,DUQUE MARQUEZ IVAN,1638
BOYACA,TIBASOSA,FAJARDO VALDERRAMA SERGIO,1640
BOYACA,TIBASOSA,MORALES HOYOS VIVIANE ALEIDA,6
BOYACA,TIBASOSA,PETRO URREGO GUSTAVO FRANCISCO,1549
BOYACA,TIBASOSA,PROMOTORES VOTO EN BLANCO,13
BOYACA,TIBASOSA,TARJETAS NO MARCADAS,8
BOYACA,TIBASOSA,TRUJILLO SARMIENTO JORGE ANTONIO,30
BOYACA,TIBASOSA,VARGAS LLERAS GERMAN,433
BOYACA,TIBASOSA,VOTOS EN BLANCO,80
BOYACA,TIBASOSA,VOTOS NULOS,83
BOYACA,TINJACA,DE LA CALLE LOMBANA HUMBERTO,28
BOYACA,TINJACA,DUQUE MARQUEZ IVAN,835
BOYACA,TINJACA,FAJARDO VALDERRAMA SERGIO,355
BOYACA,TINJACA,MORALES HOYOS VIVIANE ALEIDA,5
BOYACA,TINJACA,PETRO URREGO GUSTAVO FRANCISCO,459
BOYACA,TINJACA,PROMOTORES VOTO EN BLANCO,1
BOYACA,TINJACA,TARJETAS NO MARCADAS,4
BOYACA,TINJACA,TRUJILLO SARMIENTO JORGE ANTONIO,4
BOYACA,TINJACA,VARGAS LLERAS GERMAN,61
BOYACA,TINJACA,VOTOS EN BLANCO,29
BOYACA,TINJACA,VOTOS NULOS,8
BOYACA,TIPACOQUE,DE LA CALLE LOMBANA HUMBERTO,54
BOYACA,TIPACOQUE,DUQUE MARQUEZ IVAN,1020
BOYACA,TIPACOQUE,FAJARDO VALDERRAMA SERGIO,175
BOYACA,TIPACOQUE,MORALES HOYOS VIVIANE ALEIDA,4
BOYACA,TIPACOQUE,PETRO URREGO GUSTAVO FRANCISCO,182
BOYACA,TIPACOQUE,PROMOTORES VOTO EN BLANCO,3
BOYACA,TIPACOQUE,TARJETAS NO MARCADAS,13
BOYACA,TIPACOQUE,TRUJILLO SARMIENTO JORGE ANTONIO,9
BOYACA,TIPACOQUE,VARGAS LLERAS GERMAN,172
BOYACA,TIPACOQUE,VOTOS EN BLANCO,27
BOYACA,TIPACOQUE,VOTOS NULOS,19
BOYACA,TOCA,DE LA CALLE LOMBANA HUMBERTO,74
BOYACA,TOCA,DUQUE MARQUEZ IVAN,1418
BOYACA,TOCA,FAJARDO VALDERRAMA SERGIO,902
BOYACA,TOCA,MORALES HOYOS VIVIANE ALEIDA,6
BOYACA,TOCA,PETRO URREGO GUSTAVO FRANCISCO,891
BOYACA,TOCA,PROMOTORES VOTO EN BLANCO,7
BOYACA,TOCA,TARJETAS NO MARCADAS,15
BOYACA,TOCA,TRUJILLO SARMIENTO JORGE ANTONIO,11
BOYACA,TOCA,VARGAS LLERAS GERMAN,313
BOYACA,TOCA,VOTOS EN BLANCO,97
BOYACA,TOCA,VOTOS NULOS,91
BOYACA,TOGUI,DE LA CALLE LOMBANA HUMBERTO,62
BOYACA,TOGUI,DUQUE MARQUEZ IVAN,1281
BOYACA,TOGUI,FAJARDO VALDERRAMA SERGIO,221
BOYACA,TOGUI,MORALES HOYOS VIVIANE ALEIDA,6
BOYACA,TOGUI,PETRO URREGO GUSTAVO FRANCISCO,226
BOYACA,TOGUI,PROMOTORES VOTO EN BLANCO,1
BOYACA,TOGUI,TARJETAS NO MARCADAS,19
BOYACA,TOGUI,TRUJILLO SARMIENTO JORGE ANTONIO,5
BOYACA,TOGUI,VARGAS LLERAS GERMAN,151
BOYACA,TOGUI,VOTOS EN BLANCO,37
BOYACA,TOGUI,VOTOS NULOS,31
BOYACA,TOPAGA,DE LA CALLE LOMBANA HUMBERTO,24
BOYACA,TOPAGA,DUQUE MARQUEZ IVAN,917
BOYACA,TOPAGA,FAJARDO VALDERRAMA SERGIO,438
BOYACA,TOPAGA,PETRO URREGO GUSTAVO FRANCISCO,417
BOYACA,TOPAGA,PROMOTORES VOTO EN BLANCO,4
BOYACA,TOPAGA,TARJETAS NO MARCADAS,5
BOYACA,TOPAGA,TRUJILLO SARMIENTO JORGE ANTONIO,6
BOYACA,TOPAGA,VARGAS LLERAS GERMAN,114
BOYACA,TOPAGA,VOTOS EN BLANCO,24
BOYACA,TOPAGA,VOTOS NULOS,30
BOYACA,TOTA,DE LA CALLE LOMBANA HUMBERTO,14
BOYACA,TOTA,DUQUE MARQUEZ IVAN,970
BOYACA,TOTA,FAJARDO VALDERRAMA SERGIO,166
BOYACA,TOTA,MORALES HOYOS VIVIANE ALEIDA,8
BOYACA,TOTA,PETRO URREGO GUSTAVO FRANCISCO,194
BOYACA,TOTA,PROMOTORES VOTO EN BLANCO,3
BOYACA,TOTA,TARJETAS NO MARCADAS,12
BOYACA,TOTA,TRUJILLO SARMIENTO JORGE ANTONIO,8
BOYACA,TOTA,VARGAS LLERAS GERMAN,307
BOYACA,TOTA,VOTOS EN BLANCO,16
BOYACA,TOTA,VOTOS NULOS,24
BOYACA,TUNJA,DE LA CALLE LOMBANA HUMBERTO,2177
BOYACA,TUNJA,DUQUE MARQUEZ IVAN,18289
BOYACA,TUNJA,FAJARDO VALDERRAMA SERGIO,32035
BOYACA,TUNJA,MORALES HOYOS VIVIANE ALEIDA,130
BOYACA,TUNJA,PETRO URREGO GUSTAVO FRANCISCO,23151
BOYACA,TUNJA,PROMOTORES VOTO EN BLANCO,87
BOYACA,TUNJA,TARJETAS NO MARCADAS,56
BOYACA,TUNJA,TRUJILLO SARMIENTO JORGE ANTONIO,269
BOYACA,TUNJA,VARGAS LLERAS GERMAN,4099
BOYACA,TUNJA,VOTOS EN BLANCO,1525
BOYACA,TUNJA,VOTOS NULOS,904
BOYACA,TUNUNGUA,DE LA CALLE LOMBANA HUMBERTO,20
BOYACA,TUNUNGUA,DUQUE MARQUEZ IVAN,356
BOYACA,TUNUNGUA,FAJARDO VALDERRAMA SERGIO,68
BOYACA,TUNUNGUA,MORALES HOYOS VIVIANE ALEIDA,6
BOYACA,TUNUNGUA,PETRO URREGO GUSTAVO FRANCISCO,184
BOYACA,TUNUNGUA,PROMOTORES VOTO EN BLANCO,1
BOYACA,TUNUNGUA,TARJETAS NO MARCADAS,6
BOYACA,TUNUNGUA,TRUJILLO SARMIENTO JORGE ANTONIO,4
BOYACA,TUNUNGUA,VARGAS LLERAS GERMAN,51
BOYACA,TUNUNGUA,VOTOS EN BLANCO,12
BOYACA,TUNUNGUA,VOTOS NULOS,9
BOYACA,TURMEQUE,DE LA CALLE LOMBANA HUMBERTO,101
BOYACA,TURMEQUE,DUQUE MARQUEZ IVAN,793
BOYACA,TURMEQUE,FAJARDO VALDERRAMA SERGIO,854
BOYACA,TURMEQUE,MORALES HOYOS VIVIANE ALEIDA,7
BOYACA,TURMEQUE,PETRO URREGO GUSTAVO FRANCISCO,531
BOYACA,TURMEQUE,PROMOTORES VOTO EN BLANCO,6
BOYACA,TURMEQUE,TARJETAS NO MARCADAS,5
BOYACA,TURMEQUE,TRUJILLO SARMIENTO JORGE ANTONIO,5
BOYACA,TURMEQUE,VARGAS LLERAS GERMAN,154
BOYACA,TURMEQUE,VOTOS EN BLANCO,64
BOYACA,TURMEQUE,VOTOS NULOS,44
BOYACA,TUTA,DE LA CALLE LOMBANA HUMBERTO,117
BOYACA,TUTA,DUQUE MARQUEZ IVAN,1579
BOYACA,TUTA,FAJARDO VALDERRAMA SERGIO,1477
BOYACA,TUTA,MORALES HOYOS VIVIANE ALEIDA,6
BOYACA,TUTA,PETRO URREGO GUSTAVO FRANCISCO,989
BOYACA,TUTA,PROMOTORES VOTO EN BLANCO,7
BOYACA,TUTA,TARJETAS NO MARCADAS,10
BOYACA,TUTA,TRUJILLO SARMIENTO JORGE ANTONIO,6
BOYACA,TUTA,VARGAS LLERAS GERMAN,155
BOYACA,TUTA,VOTOS EN BLANCO,72
BOYACA,TUTA,VOTOS NULOS,60
BOYACA,TUTAZA,DE LA CALLE LOMBANA HUMBERTO,28
BOYACA,TUTAZA,DUQUE MARQUEZ IVAN,458
BOYACA,TUTAZA,FAJARDO VALDERRAMA SERGIO,175
BOYACA,TUTAZA,MORALES HOYOS VIVIANE ALEIDA,9
BOYACA,TUTAZA,PETRO URREGO GUSTAVO FRANCISCO,314
BOYACA,TUTAZA,PROMOTORES VOTO EN BLANCO,2
BOYACA,TUTAZA,TARJETAS NO MARCADAS,3
BOYACA,TUTAZA,TRUJILLO SARMIENTO JORGE ANTONIO,4
BOYACA,TUTAZA,VARGAS LLERAS GERMAN,20
BOYACA,TUTAZA,VOTOS EN BLANCO,19
BOYACA,TUTAZA,VOTOS NULOS,23
BOYACA,UMBITA,DE LA CALLE LOMBANA HUMBERTO,31
BOYACA,UMBITA,DUQUE MARQUEZ IVAN,2142
BOYACA,UMBITA,FAJARDO VALDERRAMA SERGIO,427
BOYACA,UMBITA,MORALES HOYOS VIVIANE ALEIDA,4
BOYACA,UMBITA,PETRO URREGO GUSTAVO FRANCISCO,503
BOYACA,UMBITA,PROMOTORES VOTO EN BLANCO,3
BOYACA,UMBITA,TARJETAS NO MARCADAS,14
BOYACA,UMBITA,TRUJILLO SARMIENTO JORGE ANTONIO,7
BOYACA,UMBITA,VARGAS LLERAS GERMAN,76
BOYACA,UMBITA,VOTOS EN BLANCO,48
BOYACA,UMBITA,VOTOS NULOS,28
BOYACA,VENTAQUEMADA,DE LA CALLE LOMBANA HUMBERTO,102
BOYACA,VENTAQUEMADA,DUQUE MARQUEZ IVAN,1939
BOYACA,VENTAQUEMADA,FAJARDO VALDERRAMA SERGIO,1302
BOYACA,VENTAQUEMADA,MORALES HOYOS VIVIANE ALEIDA,12
BOYACA,VENTAQUEMADA,PETRO URREGO GUSTAVO FRANCISCO,1673
BOYACA,VENTAQUEMADA,PROMOTORES VOTO EN BLANCO,10
BOYACA,VENTAQUEMADA,TARJETAS NO MARCADAS,33
BOYACA,VENTAQUEMADA,TRUJILLO SARMIENTO JORGE ANTONIO,19
BOYACA,VENTAQUEMADA,VARGAS LLERAS GERMAN,262
BOYACA,VENTAQUEMADA,VOTOS EN BLANCO,106
BOYACA,VENTAQUEMADA,VOTOS NULOS,103
BOYACA,VILLA DE LEYVA,DE LA CALLE LOMBANA HUMBERTO,120
BOYACA,VILLA DE LEYVA,DUQUE MARQUEZ IVAN,3111
BOYACA,VILLA DE LEYVA,FAJARDO VALDERRAMA SERGIO,2585
BOYACA,VILLA DE LEYVA,MORALES HOYOS VIVIANE ALEIDA,15
BOYACA,VILLA DE LEYVA,PETRO URREGO GUSTAVO FRANCISCO,1280
BOYACA,VILLA DE LEYVA,PROMOTORES VOTO EN BLANCO,5
BOYACA,VILLA DE LEYVA,TARJETAS NO MARCADAS,21
BOYACA,VILLA DE LEYVA,TRUJILLO SARMIENTO JORGE ANTONIO,16
BOYACA,VILLA DE LEYVA,VARGAS LLERAS GERMAN,310
BOYACA,VILLA DE LEYVA,VOTOS EN BLANCO,126
BOYACA,VILLA DE LEYVA,VOTOS NULOS,55
BOYACA,VIRACACHA,DE LA CALLE LOMBANA HUMBERTO,17
BOYACA,VIRACACHA,DUQUE MARQUEZ IVAN,869
BOYACA,VIRACACHA,FAJARDO VALDERRAMA SERGIO,189
BOYACA,VIRACACHA,MORALES HOYOS VIVIANE ALEIDA,3
BOYACA,VIRACACHA,PETRO URREGO GUSTAVO FRANCISCO,159
BOYACA,VIRACACHA,PROMOTORES VOTO EN BLANCO,2
BOYACA,VIRACACHA,TARJETAS NO MARCADAS,2
BOYACA,VIRACACHA,TRUJILLO SARMIENTO JORGE ANTONIO,9
BOYACA,VIRACACHA,VARGAS LLERAS GERMAN,65
BOYACA,VIRACACHA,VOTOS EN BLANCO,29
BOYACA,VIRACACHA,VOTOS NULOS,21
BOYACA,ZETAQUIRA,DE LA CALLE LOMBANA HUMBERTO,27
BOYACA,ZETAQUIRA,DUQUE MARQUEZ IVAN,1171
BOYACA,ZETAQUIRA,FAJARDO VALDERRAMA SERGIO,265
BOYACA,ZETAQUIRA,MORALES HOYOS VIVIANE ALEIDA,6
BOYACA,ZETAQUIRA,PETRO URREGO GUSTAVO FRANCISCO,425
BOYACA,ZETAQUIRA,PROMOTORES VOTO EN BLANCO,7
BOYACA,ZETAQUIRA,TARJETAS NO MARCADAS,5
BOYACA,ZETAQUIRA,TRUJILLO SARMIENTO JORGE ANTONIO,6
BOYACA,ZETAQUIRA,VARGAS LLERAS GERMAN,90
BOYACA,ZETAQUIRA,VOTOS EN BLANCO,36
BOYACA,ZETAQUIRA,VOTOS NULOS,10
CALDAS,AGUADAS,DE LA CALLE LOMBANA HUMBERTO,256
CALDAS,AGUADAS,DUQUE MARQUEZ IVAN,6776
CALDAS,AGUADAS,FAJARDO VALDERRAMA SERGIO,2079
CALDAS,AGUADAS,MORALES HOYOS VIVIANE ALEIDA,20
CALDAS,AGUADAS,PETRO URREGO GUSTAVO FRANCISCO,243
CALDAS,AGUADAS,PROMOTORES VOTO EN BLANCO,14
CALDAS,AGUADAS,TARJETAS NO MARCADAS,76
CALDAS,AGUADAS,TRUJILLO SARMIENTO JORGE ANTONIO,22
CALDAS,AGUADAS,VARGAS LLERAS GERMAN,280
CALDAS,AGUADAS,VOTOS EN BLANCO,93
CALDAS,AGUADAS,VOTOS NULOS,180
CALDAS,ANSERMA,DE LA CALLE LOMBANA HUMBERTO,244
CALDAS,ANSERMA,DUQUE MARQUEZ IVAN,9399
CALDAS,ANSERMA,FAJARDO VALDERRAMA SERGIO,3285
CALDAS,ANSERMA,MORALES HOYOS VIVIANE ALEIDA,47
CALDAS,ANSERMA,PETRO URREGO GUSTAVO FRANCISCO,875
CALDAS,ANSERMA,PROMOTORES VOTO EN BLANCO,29
CALDAS,ANSERMA,TARJETAS NO MARCADAS,100
CALDAS,ANSERMA,TRUJILLO SARMIENTO JORGE ANTONIO,38
CALDAS,ANSERMA,VARGAS LLERAS GERMAN,790
CALDAS,ANSERMA,VOTOS EN BLANCO,253
CALDAS,ANSERMA,VOTOS NULOS,339
CALDAS,ARANZAZU,DE LA CALLE LOMBANA HUMBERTO,60
CALDAS,ARANZAZU,DUQUE MARQUEZ IVAN,3470
CALDAS,ARANZAZU,FAJARDO VALDERRAMA SERGIO,1109
CALDAS,ARANZAZU,MORALES HOYOS VIVIANE ALEIDA,11
CALDAS,ARANZAZU,PETRO URREGO GUSTAVO FRANCISCO,116
CALDAS,ARANZAZU,PROMOTORES VOTO EN BLANCO,6
CALDAS,ARANZAZU,TARJETAS NO MARCADAS,35
CALDAS,ARANZAZU,TRUJILLO SARMIENTO JORGE ANTONIO,16
CALDAS,ARANZAZU,VARGAS LLERAS GERMAN,818
CALDAS,ARANZAZU,VOTOS EN BLANCO,70
CALDAS,ARANZAZU,VOTOS NULOS,80
CALDAS,BELALCAZAR,DE LA CALLE LOMBANA HUMBERTO,62
CALDAS,BELALCAZAR,DUQUE MARQUEZ IVAN,3177
CALDAS,BELALCAZAR,FAJARDO VALDERRAMA SERGIO,768
CALDAS,BELALCAZAR,MORALES HOYOS VIVIANE ALEIDA,9
CALDAS,BELALCAZAR,PETRO URREGO GUSTAVO FRANCISCO,249
CALDAS,BELALCAZAR,PROMOTORES VOTO EN BLANCO,7
CALDAS,BELALCAZAR,TARJETAS NO MARCADAS,30
CALDAS,BELALCAZAR,TRUJILLO SARMIENTO JORGE ANTONIO,8
CALDAS,BELALCAZAR,VARGAS LLERAS GERMAN,1101
CALDAS,BELALCAZAR,VOTOS EN BLANCO,49
CALDAS,BELALCAZAR,VOTOS NULOS,96
CALDAS,CHINCHINA,DE LA CALLE LOMBANA HUMBERTO,564
CALDAS,CHINCHINA,DUQUE MARQUEZ IVAN,10315
CALDAS,CHINCHINA,FAJARDO VALDERRAMA SERGIO,9509
CALDAS,CHINCHINA,MORALES HOYOS VIVIANE ALEIDA,47
CALDAS,CHINCHINA,PETRO URREGO GUSTAVO FRANCISCO,1610
CALDAS,CHINCHINA,PROMOTORES VOTO EN BLANCO,26
CALDAS,CHINCHINA,TARJETAS NO MARCADAS,135
CALDAS,CHINCHINA,TRUJILLO SARMIENTO JORGE ANTONIO,59
CALDAS,CHINCHINA,VARGAS LLERAS GERMAN,1696
CALDAS,CHINCHINA,VOTOS EN BLANCO,528
CALDAS,CHINCHINA,VOTOS NULOS,563
CALDAS,FILADELFIA,DE LA CALLE LOMBANA HUMBERTO,60
CALDAS,FILADELFIA,DUQUE MARQUEZ IVAN,2681
CALDAS,FILADELFIA,FAJARDO VALDERRAMA SERGIO,957
CALDAS,FILADELFIA,MORALES HOYOS VIVIANE ALEIDA,21
CALDAS,FILADELFIA,PETRO URREGO GUSTAVO FRANCISCO,181
CALDAS,FILADELFIA,PROMOTORES VOTO EN BLANCO,6
CALDAS,FILADELFIA,TARJETAS NO MARCADAS,32
CALDAS,FILADELFIA,TRUJILLO SARMIENTO JORGE ANTONIO,10
CALDAS,FILADELFIA,VARGAS LLERAS GERMAN,573
CALDAS,FILADELFIA,VOTOS EN BLANCO,64
CALDAS,FILADELFIA,VOTOS NULOS,55
CALDAS,LA DORADA,DE LA CALLE LOMBANA HUMBERTO,599
CALDAS,LA DORADA,DUQUE MARQUEZ IVAN,13526
CALDAS,LA DORADA,FAJARDO VALDERRAMA SERGIO,5876
CALDAS,LA DORADA,MORALES HOYOS VIVIANE ALEIDA,67
CALDAS,LA DORADA,PETRO URREGO GUSTAVO FRANCISCO,3531
CALDAS,LA DORADA,PROMOTORES VOTO EN BLANCO,91
CALDAS,LA DORADA,TARJETAS NO MARCADAS,111
CALDAS,LA DORADA,TRUJILLO SARMIENTO JORGE ANTONIO,143
CALDAS,LA DORADA,VARGAS LLERAS GERMAN,3455
CALDAS,LA DORADA,VOTOS EN BLANCO,552
CALDAS,LA DORADA,VOTOS NULOS,940
CALDAS,LA MERCED,DE LA CALLE LOMBANA HUMBERTO,67
CALDAS,LA MERCED,DUQUE MARQUEZ IVAN,1523
CALDAS,LA MERCED,FAJARDO VALDERRAMA SERGIO,574
CALDAS,LA MERCED,MORALES HOYOS VIVIANE ALEIDA,2
CALDAS,LA MERCED,PETRO URREGO GUSTAVO FRANCISCO,108
CALDAS,LA MERCED,PROMOTORES VOTO EN BLANCO,3
CALDAS,LA MERCED,TARJETAS NO MARCADAS,25
CALDAS,LA MERCED,TRUJILLO SARMIENTO JORGE ANTONIO,3
CALDAS,LA MERCED,VARGAS LLERAS GERMAN,216
CALDAS,LA MERCED,VOTOS EN BLANCO,56
CALDAS,LA MERCED,VOTOS NULOS,42
CALDAS,MANIZALES,DE LA CALLE LOMBANA HUMBERTO,8926
CALDAS,MANIZALES,DUQUE MARQUEZ IVAN,61111
CALDAS,MANIZALES,FAJARDO VALDERRAMA SERGIO,102769
CALDAS,MANIZALES,MORALES HOYOS VIVIANE ALEIDA,346
CALDAS,MANIZALES,PETRO URREGO GUSTAVO FRANCISCO,17323
CALDAS,MANIZALES,PROMOTORES VOTO EN BLANCO,240
CALDAS,MANIZALES,TARJETAS NO MARCADAS,426
CALDAS,MANIZALES,TRUJILLO SARMIENTO JORGE ANTONIO,464
CALDAS,MANIZALES,VARGAS LLERAS GERMAN,10256
CALDAS,MANIZALES,VOTOS EN BLANCO,3691
CALDAS,MANIZALES,VOTOS NULOS,3253
CALDAS,MANZANARES,DE LA CALLE LOMBANA HUMBERTO,168
CALDAS,MANZANARES,DUQUE MARQUEZ IVAN,5347
CALDAS,MANZANARES,FAJARDO VALDERRAMA SERGIO,955
CALDAS,MANZANARES,MORALES HOYOS VIVIANE ALEIDA,10
CALDAS,MANZANARES,PETRO URREGO GUSTAVO FRANCISCO,294
CALDAS,MANZANARES,PROMOTORES VOTO EN BLANCO,13
CALDAS,MANZANARES,TARJETAS NO MARCADAS,41
CALDAS,MANZANARES,TRUJILLO SARMIENTO JORGE ANTONIO,23
CALDAS,MANZANARES,VARGAS LLERAS GERMAN,852
CALDAS,MANZANARES,VOTOS EN BLANCO,97
CALDAS,MANZANARES,VOTOS NULOS,108
CALDAS,MARMATO,DE LA CALLE LOMBANA HUMBERTO,39
CALDAS,MARMATO,DUQUE MARQUEZ IVAN,1364
CALDAS,MARMATO,FAJARDO VALDERRAMA SERGIO,712
CALDAS,MARMATO,MORALES HOYOS VIVIANE ALEIDA,10
CALDAS,MARMATO,PETRO URREGO GUSTAVO FRANCISCO,274
CALDAS,MARMATO,PROMOTORES VOTO EN BLANCO,7
CALDAS,MARMATO,TARJETAS NO MARCADAS,23
CALDAS,MARMATO,TRUJILLO SARMIENTO JORGE ANTONIO,16
CALDAS,MARMATO,VARGAS LLERAS GERMAN,196
CALDAS,MARMATO,VOTOS EN BLANCO,72
CALDAS,MARMATO,VOTOS NULOS,97
CALDAS,MARQUETALIA,DE LA CALLE LOMBANA HUMBERTO,55
CALDAS,MARQUETALIA,DUQUE MARQUEZ IVAN,4026
CALDAS,MARQUETALIA,FAJARDO VALDERRAMA SERGIO,845
CALDAS,MARQUETALIA,MORALES HOYOS VIVIANE ALEIDA,17
CALDAS,MARQUETALIA,PETRO URREGO GUSTAVO FRANCISCO,185
CALDAS,MARQUETALIA,PROMOTORES VOTO EN BLANCO,11
CALDAS,MARQUETALIA,TARJETAS NO MARCADAS,48
CALDAS,MARQUETALIA,TRUJILLO SARMIENTO JORGE ANTONIO,10
CALDAS,MARQUETALIA,VARGAS LLERAS GERMAN,730
CALDAS,MARQUETALIA,VOTOS EN BLANCO,64
CALDAS,MARQUETALIA,VOTOS NULOS,91
CALDAS,MARULANDA,DE LA CALLE LOMBANA HUMBERTO,16
CALDAS,MARULANDA,DUQUE MARQUEZ IVAN,758
CALDAS,MARULANDA,FAJARDO VALDERRAMA SERGIO,186
CALDAS,MARULANDA,MORALES HOYOS VIVIANE ALEIDA,3
CALDAS,MARULANDA,PETRO URREGO GUSTAVO FRANCISCO,27
CALDAS,MARULANDA,PROMOTORES VOTO EN BLANCO,1
CALDAS,MARULANDA,TARJETAS NO MARCADAS,8
CALDAS,MARULANDA,TRUJILLO SARMIENTO JORGE ANTONIO,1
CALDAS,MARULANDA,VARGAS LLERAS GERMAN,130
CALDAS,MARULANDA,VOTOS EN BLANCO,22
CALDAS,MARULANDA,VOTOS NULOS,17
CALDAS,NEIRA,DE LA CALLE LOMBANA HUMBERTO,470
CALDAS,NEIRA,DUQUE MARQUEZ IVAN,5611
CALDAS,NEIRA,FAJARDO VALDERRAMA SERGIO,3172
CALDAS,NEIRA,MORALES HOYOS VIVIANE ALEIDA,27
CALDAS,NEIRA,PETRO URREGO GUSTAVO FRANCISCO,479
CALDAS,NEIRA,PROMOTORES VOTO EN BLANCO,25
CALDAS,NEIRA,TARJETAS NO MARCADAS,63
CALDAS,NEIRA,TRUJILLO SARMIENTO JORGE ANTONIO,20
CALDAS,NEIRA,VARGAS LLERAS GERMAN,514
CALDAS,NEIRA,VOTOS EN BLANCO,176
CALDAS,NEIRA,VOTOS NULOS,228
CALDAS,NORCASIA,DE LA CALLE LOMBANA HUMBERTO,106
CALDAS,NORCASIA,DUQUE MARQUEZ IVAN,1403
CALDAS,NORCASIA,FAJARDO VALDERRAMA SERGIO,620
CALDAS,NORCASIA,MORALES HOYOS VIVIANE ALEIDA,10
CALDAS,NORCASIA,PETRO URREGO GUSTAVO FRANCISCO,238
CALDAS,NORCASIA,PROMOTORES VOTO EN BLANCO,8
CALDAS,NORCASIA,TARJETAS NO MARCADAS,31
CALDAS,NORCASIA,TRUJILLO SARMIENTO JORGE ANTONIO,22
CALDAS,NORCASIA,VARGAS LLERAS GERMAN,213
CALDAS,NORCASIA,VOTOS EN BLANCO,83
CALDAS,NORCASIA,VOTOS NULOS,64
CALDAS,PACORA,DE LA CALLE LOMBANA HUMBERTO,361
CALDAS,PACORA,DUQUE MARQUEZ IVAN,3825
CALDAS,PACORA,FAJARDO VALDERRAMA SERGIO,1110
CALDAS,PACORA,MORALES HOYOS VIVIANE ALEIDA,24
CALDAS,PACORA,PETRO URREGO GUSTAVO FRANCISCO,194
CALDAS,PACORA,PROMOTORES VOTO EN BLANCO,17
CALDAS,PACORA,TARJETAS NO MARCADAS,62
CALDAS,PACORA,TRUJILLO SARMIENTO JORGE ANTONIO,19
CALDAS,PACORA,VARGAS LLERAS GERMAN,553
CALDAS,PACORA,VOTOS EN BLANCO,86
CALDAS,PACORA,VOTOS NULOS,141
CALDAS,PALESTINA,DE LA CALLE LOMBANA HUMBERTO,153
CALDAS,PALESTINA,DUQUE MARQUEZ IVAN,3278
CALDAS,PALESTINA,FAJARDO VALDERRAMA SERGIO,1765
CALDAS,PALESTINA,MORALES HOYOS VIVIANE ALEIDA,18
CALDAS,PALESTINA,PETRO URREGO GUSTAVO FRANCISCO,413
CALDAS,PALESTINA,PROMOTORES VOTO EN BLANCO,7
CALDAS,PALESTINA,TARJETAS NO MARCADAS,33
CALDAS,PALESTINA,TRUJILLO SARMIENTO JORGE ANTONIO,21
CALDAS,PALESTINA,VARGAS LLERAS GERMAN,1178
CALDAS,PALESTINA,VOTOS EN BLANCO,105
CALDAS,PALESTINA,VOTOS NULOS,131
CALDAS,PENSILVANIA,DE LA CALLE LOMBANA HUMBERTO,75
CALDAS,PENSILVANIA,DUQUE MARQUEZ IVAN,6572
CALDAS,PENSILVANIA,FAJARDO VALDERRAMA SERGIO,1260
CALDAS,PENSILVANIA,MORALES HOYOS VIVIANE ALEIDA,15
CALDAS,PENSILVANIA,PETRO URREGO GUSTAVO FRANCISCO,318
CALDAS,PENSILVANIA,PROMOTORES VOTO EN BLANCO,21
CALDAS,PENSILVANIA,TARJETAS NO MARCADAS,72
CALDAS,PENSILVANIA,TRUJILLO SARMIENTO JORGE ANTONIO,10
CALDAS,PENSILVANIA,VARGAS LLERAS GERMAN,431
CALDAS,PENSILVANIA,VOTOS EN BLANCO,114
CALDAS,PENSILVANIA,VOTOS NULOS,141
CALDAS,RIOSUCIO,DE LA CALLE LOMBANA HUMBERTO,222
CALDAS,RIOSUCIO,DUQUE MARQUEZ IVAN,11277
CALDAS,RIOSUCIO,FAJARDO VALDERRAMA SERGIO,4051
CALDAS,RIOSUCIO,MORALES HOYOS VIVIANE ALEIDA,46
CALDAS,RIOSUCIO,PETRO URREGO GUSTAVO FRANCISCO,3373
CALDAS,RIOSUCIO,PROMOTORES VOTO EN BLANCO,37
CALDAS,RIOSUCIO,TARJETAS NO MARCADAS,149
CALDAS,RIOSUCIO,TRUJILLO SARMIENTO JORGE ANTONIO,68
CALDAS,RIOSUCIO,VARGAS LLERAS GERMAN,719
CALDAS,RIOSUCIO,VOTOS EN BLANCO,451
CALDAS,RIOSUCIO,VOTOS NULOS,462
CALDAS,RISARALDA,DE LA CALLE LOMBANA HUMBERTO,166
CALDAS,RISARALDA,DUQUE MARQUEZ IVAN,3102
CALDAS,RISARALDA,FAJARDO VALDERRAMA SERGIO,1023
CALDAS,RISARALDA,MORALES HOYOS VIVIANE ALEIDA,18
CALDAS,RISARALDA,PETRO URREGO GUSTAVO FRANCISCO,215
CALDAS,RISARALDA,PROMOTORES VOTO EN BLANCO,9
CALDAS,RISARALDA,TARJETAS NO MARCADAS,34
CALDAS,RISARALDA,TRUJILLO SARMIENTO JORGE ANTONIO,15
CALDAS,RISARALDA,VARGAS LLERAS GERMAN,378
CALDAS,RISARALDA,VOTOS EN BLANCO,63
CALDAS,RISARALDA,VOTOS NULOS,83
CALDAS,SALAMINA,DE LA CALLE LOMBANA HUMBERTO,319
CALDAS,SALAMINA,DUQUE MARQUEZ IVAN,3789
CALDAS,SALAMINA,FAJARDO VALDERRAMA SERGIO,1931
CALDAS,SALAMINA,MORALES HOYOS VIVIANE ALEIDA,19
CALDAS,SALAMINA,PETRO URREGO GUSTAVO FRANCISCO,354
CALDAS,SALAMINA,PROMOTORES VOTO EN BLANCO,17
CALDAS,SALAMINA,TARJETAS NO MARCADAS,47
CALDAS,SALAMINA,TRUJILLO SARMIENTO JORGE ANTONIO,15
CALDAS,SALAMINA,VARGAS LLERAS GERMAN,476
CALDAS,SALAMINA,VOTOS EN BLANCO,116
CALDAS,SALAMINA,VOTOS NULOS,148
CALDAS,SAMANA,DE LA CALLE LOMBANA HUMBERTO,102
CALDAS,SAMANA,DUQUE MARQUEZ IVAN,6070
CALDAS,SAMANA,FAJARDO VALDERRAMA SERGIO,990
CALDAS,SAMANA,MORALES HOYOS VIVIANE ALEIDA,44
CALDAS,SAMANA,PETRO URREGO GUSTAVO FRANCISCO,467
CALDAS,SAMANA,PROMOTORES VOTO EN BLANCO,12
CALDAS,SAMANA,TARJETAS NO MARCADAS,77
CALDAS,SAMANA,TRUJILLO SARMIENTO JORGE ANTONIO,17
CALDAS,SAMANA,VARGAS LLERAS GERMAN,731
CALDAS,SAMANA,VOTOS EN BLANCO,98
CALDAS,SAMANA,VOTOS NULOS,109
CALDAS,SAN JOSE,DE LA CALLE LOMBANA HUMBERTO,63
CALDAS,SAN JOSE,DUQUE MARQUEZ IVAN,1284
CALDAS,SAN JOSE,FAJARDO VALDERRAMA SERGIO,514
CALDAS,SAN JOSE,MORALES HOYOS VIVIANE ALEIDA,7
CALDAS,SAN JOSE,PETRO URREGO GUSTAVO FRANCISCO,115
CALDAS,SAN JOSE,PROMOTORES VOTO EN BLANCO,3
CALDAS,SAN JOSE,TARJETAS NO MARCADAS,20
CALDAS,SAN JOSE,TRUJILLO SARMIENTO JORGE ANTONIO,5
CALDAS,SAN JOSE,VARGAS LLERAS GERMAN,613
CALDAS,SAN JOSE,VOTOS EN BLANCO,37
CALDAS,SAN JOSE,VOTOS NULOS,28
CALDAS,SUPIA,DE LA CALLE LOMBANA HUMBERTO,274
CALDAS,SUPIA,DUQUE MARQUEZ IVAN,6551
CALDAS,SUPIA,FAJARDO VALDERRAMA SERGIO,2242
CALDAS,SUPIA,MORALES HOYOS VIVIANE ALEIDA,21
CALDAS,SUPIA,PETRO URREGO GUSTAVO FRANCISCO,1102
CALDAS,SUPIA,PROMOTORES VOTO EN BLANCO,22
CALDAS,SUPIA,TARJETAS NO MARCADAS,101
CALDAS,SUPIA,TRUJILLO SARMIENTO JORGE ANTONIO,34
CALDAS,SUPIA,VARGAS LLERAS GERMAN,496
CALDAS,SUPIA,VOTOS EN BLANCO,242
CALDAS,SUPIA,VOTOS NULOS,648
CALDAS,VICTORIA,DE LA CALLE LOMBANA HUMBERTO,95
CALDAS,VICTORIA,DUQUE MARQUEZ IVAN,2289
CALDAS,VICTORIA,FAJARDO VALDERRAMA SERGIO,609
CALDAS,VICTORIA,MORALES HOYOS VIVIANE ALEIDA,9
CALDAS,VICTORIA,PETRO URREGO GUSTAVO FRANCISCO,230
CALDAS,VICTORIA,PROMOTORES VOTO EN BLANCO,8
CALDAS,VICTORIA,TARJETAS NO MARCADAS,28
CALDAS,VICTORIA,TRUJILLO SARMIENTO JORGE ANTONIO,11
CALDAS,VICTORIA,VARGAS LLERAS GERMAN,994
CALDAS,VICTORIA,VOTOS EN BLANCO,80
CALDAS,VICTORIA,VOTOS NULOS,89
CALDAS,VILLAMARIA,DE LA CALLE LOMBANA HUMBERTO,807
CALDAS,VILLAMARIA,DUQUE MARQUEZ IVAN,8392
CALDAS,VILLAMARIA,FAJARDO VALDERRAMA SERGIO,12176
CALDAS,VILLAMARIA,MORALES HOYOS VIVIANE ALEIDA,58
CALDAS,VILLAMARIA,PETRO URREGO GUSTAVO FRANCISCO,1866
CALDAS,VILLAMARIA,PROMOTORES VOTO EN BLANCO,27
CALDAS,VILLAMARIA,TARJETAS NO MARCADAS,77
CALDAS,VILLAMARIA,TRUJILLO SARMIENTO JORGE ANTONIO,64
CALDAS,VILLAMARIA,VARGAS LLERAS GERMAN,1984
CALDAS,VILLAMARIA,VOTOS EN BLANCO,461
CALDAS,VILLAMARIA,VOTOS NULOS,445
CALDAS,VITERBO,DE LA CALLE LOMBANA HUMBERTO,59
CALDAS,VITERBO,DUQUE MARQUEZ IVAN,4994
CALDAS,VITERBO,FAJARDO VALDERRAMA SERGIO,1361
CALDAS,VITERBO,MORALES HOYOS VIVIANE ALEIDA,14
CALDAS,VITERBO,PETRO URREGO GUSTAVO FRANCISCO,408
CALDAS,VITERBO,PROMOTORES VOTO EN BLANCO,7
CALDAS,VITERBO,TARJETAS NO MARCADAS,33
CALDAS,VITERBO,TRUJILLO SARMIENTO JORGE ANTONIO,6
CALDAS,VITERBO,VARGAS LLERAS GERMAN,533
CALDAS,VITERBO,VOTOS EN BLANCO,107
CALDAS,VITERBO,VOTOS NULOS,76
CAQUETA,ALBANIA,DE LA CALLE LOMBANA HUMBERTO,48
CAQUETA,ALBANIA,DUQUE MARQUEZ IVAN,1347
CAQUETA,ALBANIA,FAJARDO VALDERRAMA SERGIO,169
CAQUETA,ALBANIA,MORALES HOYOS VIVIANE ALEIDA,2
CAQUETA,ALBANIA,PETRO URREGO GUSTAVO FRANCISCO,239
CAQUETA,ALBANIA,PROMOTORES VOTO EN BLANCO,2
CAQUETA,ALBANIA,TARJETAS NO MARCADAS,8
CAQUETA,ALBANIA,TRUJILLO SARMIENTO JORGE ANTONIO,11
CAQUETA,ALBANIA,VARGAS LLERAS GERMAN,47
CAQUETA,ALBANIA,VOTOS EN BLANCO,47
CAQUETA,ALBANIA,VOTOS NULOS,25
CAQUETA,BELEN DE LOS ANDAQUIES,DE LA CALLE LOMBANA HUMBERTO,62
CAQUETA,BELEN DE LOS ANDAQUIES,DUQUE MARQUEZ IVAN,2415
CAQUETA,BELEN DE LOS ANDAQUIES,FAJARDO VALDERRAMA SERGIO,378
CAQUETA,BELEN DE LOS ANDAQUIES,MORALES HOYOS VIVIANE ALEIDA,6
CAQUETA,BELEN DE LOS ANDAQUIES,PETRO URREGO GUSTAVO FRANCISCO,619
CAQUETA,BELEN DE LOS ANDAQUIES,PROMOTORES VOTO EN BLANCO,20
CAQUETA,BELEN DE LOS ANDAQUIES,TARJETAS NO MARCADAS,27
CAQUETA,BELEN DE LOS ANDAQUIES,TRUJILLO SARMIENTO JORGE ANTONIO,3
CAQUETA,BELEN DE LOS ANDAQUIES,VARGAS LLERAS GERMAN,90
CAQUETA,BELEN DE LOS ANDAQUIES,VOTOS EN BLANCO,90
CAQUETA,BELEN DE LOS ANDAQUIES,VOTOS NULOS,64
CAQUETA,CARTAGENA DEL CHAIRA,DE LA CALLE LOMBANA HUMBERTO,219
CAQUETA,CARTAGENA DEL CHAIRA,DUQUE MARQUEZ IVAN,2134
CAQUETA,CARTAGENA DEL CHAIRA,FAJARDO VALDERRAMA SERGIO,781
CAQUETA,CARTAGENA DEL CHAIRA,MORALES HOYOS VIVIANE ALEIDA,48
CAQUETA,CARTAGENA DEL CHAIRA,PETRO URREGO GUSTAVO FRANCISCO,2263
CAQUETA,CARTAGENA DEL CHAIRA,PROMOTORES VOTO EN BLANCO,31
CAQUETA,CARTAGENA DEL CHAIRA,TARJETAS NO MARCADAS,51
CAQUETA,CARTAGENA DEL CHAIRA,TRUJILLO SARMIENTO JORGE ANTONIO,37
CAQUETA,CARTAGENA DEL CHAIRA,VARGAS LLERAS GERMAN,162
CAQUETA,CARTAGENA DEL CHAIRA,VOTOS EN BLANCO,230
CAQUETA,CARTAGENA DEL CHAIRA,VOTOS NULOS,146
CAQUETA,CURILLO,DE LA CALLE LOMBANA HUMBERTO,46
CAQUETA,CURILLO,DUQUE MARQUEZ IVAN,1684
CAQUETA,CURILLO,FAJARDO VALDERRAMA SERGIO,210
CAQUETA,CURILLO,MORALES HOYOS VIVIANE ALEIDA,7
CAQUETA,CURILLO,PETRO URREGO GUSTAVO FRANCISCO,491
CAQUETA,CURILLO,PROMOTORES VOTO EN BLANCO,8
CAQUETA,CURILLO,TARJETAS NO MARCADAS,20
CAQUETA,CURILLO,TRUJILLO SARMIENTO JORGE ANTONIO,12
CAQUETA,CURILLO,VARGAS LLERAS GERMAN,61
CAQUETA,CURILLO,VOTOS EN BLANCO,64
CAQUETA,CURILLO,VOTOS NULOS,44
CAQUETA,EL DONCELLO,DE LA CALLE LOMBANA HUMBERTO,177
CAQUETA,EL DONCELLO,DUQUE MARQUEZ IVAN,3741
CAQUETA,EL DONCELLO,FAJARDO VALDERRAMA SERGIO,1031
CAQUETA,EL DONCELLO,MORALES HOYOS VIVIANE ALEIDA,23
CAQUETA,EL DONCELLO,PETRO URREGO GUSTAVO FRANCISCO,1253
CAQUETA,EL DONCELLO,PROMOTORES VOTO EN BLANCO,21
CAQUETA,EL DONCELLO,TARJETAS NO MARCADAS,41
CAQUETA,EL DONCELLO,TRUJILLO SARMIENTO JORGE ANTONIO,33
CAQUETA,EL DONCELLO,VARGAS LLERAS GERMAN,179
CAQUETA,EL DONCELLO,VOTOS EN BLANCO,248
CAQUETA,EL DONCELLO,VOTOS NULOS,137
CAQUETA,EL PAUJIL,DE LA CALLE LOMBANA HUMBERTO,108
CAQUETA,EL PAUJIL,DUQUE MARQUEZ IVAN,2049
CAQUETA,EL PAUJIL,FAJARDO VALDERRAMA SERGIO,415
CAQUETA,EL PAUJIL,MORALES HOYOS VIVIANE ALEIDA,17
CAQUETA,EL PAUJIL,PETRO URREGO GUSTAVO FRANCISCO,1418
CAQUETA,EL PAUJIL,PROMOTORES VOTO EN BLANCO,60
CAQUETA,EL PAUJIL,TARJETAS NO MARCADAS,32
CAQUETA,EL PAUJIL,TRUJILLO SARMIENTO JORGE ANTONIO,22
CAQUETA,EL PAUJIL,VARGAS LLERAS GERMAN,132
CAQUETA,EL PAUJIL,VOTOS EN BLANCO,149
CAQUETA,EL PAUJIL,VOTOS NULOS,78
CAQUETA,FLORENCIA,DE LA CALLE LOMBANA HUMBERTO,946
CAQUETA,FLORENCIA,DUQUE MARQUEZ IVAN,35461
CAQUETA,FLORENCIA,FAJARDO VALDERRAMA SERGIO,13929
CAQUETA,FLORENCIA,MORALES HOYOS VIVIANE ALEIDA,121
CAQUETA,FLORENCIA,PETRO URREGO GUSTAVO FRANCISCO,13313
CAQUETA,FLORENCIA,PROMOTORES VOTO EN BLANCO,97
CAQUETA,FLORENCIA,TARJETAS NO MARCADAS,174
CAQUETA,FLORENCIA,TRUJILLO SARMIENTO JORGE ANTONIO,187
CAQUETA,FLORENCIA,VARGAS LLERAS GERMAN,1610
CAQUETA,FLORENCIA,VOTOS EN BLANCO,1126
CAQUETA,FLORENCIA,VOTOS NULOS,754
CAQUETA,LA MONTANITA,DE LA CALLE LOMBANA HUMBERTO,95
CAQUETA,LA MONTANITA,DUQUE MARQUEZ IVAN,1356
CAQUETA,LA MONTANITA,FAJARDO VALDERRAMA SERGIO,327
CAQUETA,LA MONTANITA,MORALES HOYOS VIVIANE ALEIDA,15
CAQUETA,LA MONTANITA,PETRO URREGO GUSTAVO FRANCISCO,1833
CAQUETA,LA MONTANITA,PROMOTORES VOTO EN BLANCO,7
CAQUETA,LA MONTANITA,TARJETAS NO MARCADAS,30
CAQUETA,LA MONTANITA,TRUJILLO SARMIENTO JORGE ANTONIO,16
CAQUETA,LA MONTANITA,VARGAS LLERAS GERMAN,322
CAQUETA,LA MONTANITA,VOTOS EN BLANCO,74
CAQUETA,LA MONTANITA,VOTOS NULOS,47
CAQUETA,MILAN,DE LA CALLE LOMBANA HUMBERTO,37
CAQUETA,MILAN,DUQUE MARQUEZ IVAN,1034
CAQUETA,MILAN,FAJARDO VALDERRAMA SERGIO,157
CAQUETA,MILAN,MORALES HOYOS VIVIANE ALEIDA,6
CAQUETA,MILAN,PETRO URREGO GUSTAVO FRANCISCO,585
CAQUETA,MILAN,PROMOTORES VOTO EN BLANCO,6
CAQUETA,MILAN,TARJETAS NO MARCADAS,7
CAQUETA,MILAN,TRUJILLO SARMIENTO JORGE ANTONIO,6
CAQUETA,MILAN,VARGAS LLERAS GERMAN,36
CAQUETA,MILAN,VOTOS EN BLANCO,42
CAQUETA,MILAN,VOTOS NULOS,21
CAQUETA,MORELIA,DE LA CALLE LOMBANA HUMBERTO,14
CAQUETA,MORELIA,DUQUE MARQUEZ IVAN,1100
CAQUETA,MORELIA,FAJARDO VALDERRAMA SERGIO,205
CAQUETA,MORELIA,MORALES HOYOS VIVIANE ALEIDA,4
CAQUETA,MORELIA,PETRO URREGO GUSTAVO FRANCISCO,268
CAQUETA,MORELIA,PROMOTORES VOTO EN BLANCO,1
CAQUETA,MORELIA,TARJETAS NO MARCADAS,8
CAQUETA,MORELIA,TRUJILLO SARMIENTO JORGE ANTONIO,4
CAQUETA,MORELIA,VARGAS LLERAS GERMAN,58
CAQUETA,MORELIA,VOTOS EN BLANCO,34
CAQUETA,MORELIA,VOTOS NULOS,18
CAQUETA,PUERTO RICO,DE LA CALLE LOMBANA HUMBERTO,282
CAQUETA,PUERTO RICO,DUQUE MARQUEZ IVAN,4031
CAQUETA,PUERTO RICO,FAJARDO VALDERRAMA SERGIO,909
CAQUETA,PUERTO RICO,MORALES HOYOS VIVIANE ALEIDA,45
CAQUETA,PUERTO RICO,PETRO URREGO GUSTAVO FRANCISCO,1656
CAQUETA,PUERTO RICO,PROMOTORES VOTO EN BLANCO,25
CAQUETA,PUERTO RICO,TARJETAS NO MARCADAS,61
CAQUETA,PUERTO RICO,TRUJILLO SARMIENTO JORGE ANTONIO,35
CAQUETA,PUERTO RICO,VARGAS LLERAS GERMAN,156
CAQUETA,PUERTO RICO,VOTOS EN BLANCO,334
CAQUETA,PUERTO RICO,VOTOS NULOS,163
CAQUETA,SAN JOSE DEL FRAGUA,DE LA CALLE LOMBANA HUMBERTO,70
CAQUETA,SAN JOSE DEL FRAGUA,DUQUE MARQUEZ IVAN,2307
CAQUETA,SAN JOSE DEL FRAGUA,FAJARDO VALDERRAMA SERGIO,466
CAQUETA,SAN JOSE DEL FRAGUA,MORALES HOYOS VIVIANE ALEIDA,38
CAQUETA,SAN JOSE DEL FRAGUA,PETRO URREGO GUSTAVO FRANCISCO,1129
CAQUETA,SAN JOSE DEL FRAGUA,PROMOTORES VOTO EN BLANCO,12
CAQUETA,SAN JOSE DEL FRAGUA,TARJETAS NO MARCADAS,30
CAQUETA,SAN JOSE DEL FRAGUA,TRUJILLO SARMIENTO JORGE ANTONIO,11
CAQUETA,SAN JOSE DEL FRAGUA,VARGAS LLERAS GERMAN,82
CAQUETA,SAN JOSE DEL FRAGUA,VOTOS EN BLANCO,117
CAQUETA,SAN JOSE DEL FRAGUA,VOTOS NULOS,77
CAQUETA,SAN VICENTE DEL CAGUAN,DE LA CALLE LOMBANA HUMBERTO,364
CAQUETA,SAN VICENTE DEL CAGUAN,DUQUE MARQUEZ IVAN,6870
CAQUETA,SAN VICENTE DEL CAGUAN,FAJARDO VALDERRAMA SERGIO,1517
CAQUETA,SAN VICENTE DEL CAGUAN,MORALES HOYOS VIVIANE ALEIDA,49
CAQUETA,SAN VICENTE DEL CAGUAN,PETRO URREGO GUSTAVO FRANCISCO,3523
CAQUETA,SAN VICENTE DEL CAGUAN,PROMOTORES VOTO EN BLANCO,36
CAQUETA,SAN VICENTE DEL CAGUAN,TARJETAS NO MARCADAS,67
CAQUETA,SAN VICENTE DEL CAGUAN,TRUJILLO SARMIENTO JORGE ANTONIO,47
CAQUETA,SAN VICENTE DEL CAGUAN,VARGAS LLERAS GERMAN,312
CAQUETA,SAN VICENTE DEL CAGUAN,VOTOS EN BLANCO,364
CAQUETA,SAN VICENTE DEL CAGUAN,VOTOS NULOS,172
CAQUETA,SOLANO,DE LA CALLE LOMBANA HUMBERTO,43
CAQUETA,SOLANO,DUQUE MARQUEZ IVAN,549
CAQUETA,SOLANO,FAJARDO VALDERRAMA SERGIO,221
CAQUETA,SOLANO,MORALES HOYOS VIVIANE ALEIDA,10
CAQUETA,SOLANO,PETRO URREGO GUSTAVO FRANCISCO,763
CAQUETA,SOLANO,PROMOTORES VOTO EN BLANCO,8
CAQUETA,SOLANO,TARJETAS NO MARCADAS,9
CAQUETA,SOLANO,TRUJILLO SARMIENTO JORGE ANTONIO,8
CAQUETA,SOLANO,VARGAS LLERAS GERMAN,116
CAQUETA,SOLANO,VOTOS EN BLANCO,72
CAQUETA,SOLANO,VOTOS NULOS,38
CAQUETA,SOLITA,DE LA CALLE LOMBANA HUMBERTO,52
CAQUETA,SOLITA,DUQUE MARQUEZ IVAN,979
CAQUETA,SOLITA,FAJARDO VALDERRAMA SERGIO,172
CAQUETA,SOLITA,MORALES HOYOS VIVIANE ALEIDA,14
CAQUETA,SOLITA,PETRO URREGO GUSTAVO FRANCISCO,302
CAQUETA,SOLITA,PROMOTORES VOTO EN BLANCO,9
CAQUETA,SOLITA,TARJETAS NO MARCADAS,27
CAQUETA,SOLITA,TRUJILLO SARMIENTO JORGE ANTONIO,7
CAQUETA,SOLITA,VARGAS LLERAS GERMAN,62
CAQUETA,SOLITA,VOTOS EN BLANCO,93
CAQUETA,SOLITA,VOTOS NULOS,72
CAQUETA,VALPARAISO,DE LA CALLE LOMBANA HUMBERTO,103
CAQUETA,VALPARAISO,DUQUE MARQUEZ IVAN,1193
CAQUETA,VALPARAISO,FAJARDO VALDERRAMA SERGIO,324
CAQUETA,VALPARAISO,MORALES HOYOS VIVIANE ALEIDA,3
CAQUETA,VALPARAISO,PETRO URREGO GUSTAVO FRANCISCO,348
CAQUETA,VALPARAISO,PROMOTORES VOTO EN BLANCO,7
CAQUETA,VALPARAISO,TARJETAS NO MARCADAS,8
CAQUETA,VALPARAISO,TRUJILLO SARMIENTO JORGE ANTONIO,4
CAQUETA,VALPARAISO,VARGAS LLERAS GERMAN,80
CAQUETA,VALPARAISO,VOTOS EN BLANCO,42
CAQUETA,VALPARAISO,VOTOS NULOS,34
CASANARE,AGUAZUL,DE LA CALLE LOMBANA HUMBERTO,141
CASANARE,AGUAZUL,DUQUE MARQUEZ IVAN,10744
CASANARE,AGUAZUL,FAJARDO VALDERRAMA SERGIO,4377
CASANARE,AGUAZUL,MORALES HOYOS VIVIANE ALEIDA,41
CASANARE,AGUAZUL,PETRO URREGO GUSTAVO FRANCISCO,2872
CASANARE,AGUAZUL,PROMOTORES VOTO EN BLANCO,28
CASANARE,AGUAZUL,TARJETAS NO MARCADAS,74
CASANARE,AGUAZUL,TRUJILLO SARMIENTO JORGE ANTONIO,42
CASANARE,AGUAZUL,VARGAS LLERAS GERMAN,313
CASANARE,AGUAZUL,VOTOS EN BLANCO,362
CASANARE,AGUAZUL,VOTOS NULOS,488
CASANARE,CHAMEZA,DE LA CALLE LOMBANA HUMBERTO,24
CASANARE,CHAMEZA,DUQUE MARQUEZ IVAN,742
CASANARE,CHAMEZA,FAJARDO VALDERRAMA SERGIO,132
CASANARE,CHAMEZA,MORALES HOYOS VIVIANE ALEIDA,2
CASANARE,CHAMEZA,PETRO URREGO GUSTAVO FRANCISCO,174
CASANARE,CHAMEZA,PROMOTORES VOTO EN BLANCO,1
CASANARE,CHAMEZA,TARJETAS NO MARCADAS,4
CASANARE,CHAMEZA,TRUJILLO SARMIENTO JORGE ANTONIO,2
CASANARE,CHAMEZA,VARGAS LLERAS GERMAN,27
CASANARE,CHAMEZA,VOTOS EN BLANCO,12
CASANARE,CHAMEZA,VOTOS NULOS,7
CASANARE,HATO COROZAL,DE LA CALLE LOMBANA HUMBERTO,28
CASANARE,HATO COROZAL,DUQUE MARQUEZ IVAN,3284
CASANARE,HATO COROZAL,FAJARDO VALDERRAMA SERGIO,260
CASANARE,HATO COROZAL,MORALES HOYOS VIVIANE ALEIDA,19
CASANARE,HATO COROZAL,PETRO URREGO GUSTAVO FRANCISCO,539
CASANARE,HATO COROZAL,PROMOTORES VOTO EN BLANCO,7
CASANARE,HATO COROZAL,TARJETAS NO MARCADAS,22
CASANARE,HATO COROZAL,TRUJILLO SARMIENTO JORGE ANTONIO,15
CASANARE,HATO COROZAL,VARGAS LLERAS GERMAN,62
CASANARE,HATO COROZAL,VOTOS EN BLANCO,33
CASANARE,HATO COROZAL,VOTOS NULOS,31
CASANARE,LA SALINA,DE LA CALLE LOMBANA HUMBERTO,129
CASANARE,LA SALINA,DUQUE MARQUEZ IVAN,66
CASANARE,LA SALINA,FAJARDO VALDERRAMA SERGIO,16
CASANARE,LA SALINA,MORALES HOYOS VIVIANE ALEIDA,5
CASANARE,LA SALINA,PETRO URREGO GUSTAVO FRANCISCO,215
CASANARE,LA SALINA,PROMOTORES VOTO EN BLANCO,2
CASANARE,LA SALINA,TARJETAS NO MARCADAS,4
CASANARE,LA SALINA,TRUJILLO SARMIENTO JORGE ANTONIO,16
CASANARE,LA SALINA,VARGAS LLERAS GERMAN,9
CASANARE,LA SALINA,VOTOS EN BLANCO,5
CASANARE,LA SALINA,VOTOS NULOS,1
CASANARE,MANI,DE LA CALLE LOMBANA HUMBERTO,57
CASANARE,MANI,DUQUE MARQUEZ IVAN,4270
CASANARE,MANI,FAJARDO VALDERRAMA SERGIO,956
CASANARE,MANI,MORALES HOYOS VIVIANE ALEIDA,21
CASANARE,MANI,PETRO URREGO GUSTAVO FRANCISCO,823
CASANARE,MANI,PROMOTORES VOTO EN BLANCO,15
CASANARE,MANI,TARJETAS NO MARCADAS,37
CASANARE,MANI,TRUJILLO SARMIENTO JORGE ANTONIO,25
CASANARE,MANI,VARGAS LLERAS GERMAN,198
CASANARE,MANI,VOTOS EN BLANCO,122
CASANARE,MANI,VOTOS NULOS,112
CASANARE,MONTERREY,DE LA CALLE LOMBANA HUMBERTO,38
CASANARE,MONTERREY,DUQUE MARQUEZ IVAN,4394
CASANARE,MONTERREY,FAJARDO VALDERRAMA SERGIO,1675
CASANARE,MONTERREY,MORALES HOYOS VIVIANE ALEIDA,15
CASANARE,MONTERREY,PETRO URREGO GUSTAVO FRANCISCO,958
CASANARE,MONTERREY,PROMOTORES VOTO EN BLANCO,9
CASANARE,MONTERREY,TARJETAS NO MARCADAS,22
CASANARE,MONTERREY,TRUJILLO SARMIENTO JORGE ANTONIO,30
CASANARE,MONTERREY,VARGAS LLERAS GERMAN,103
CASANARE,MONTERREY,VOTOS EN BLANCO,159
CASANARE,MONTERREY,VOTOS NULOS,133
CASANARE,NUNCHIA,DE LA CALLE LOMBANA HUMBERTO,33
CASANARE,NUNCHIA,DUQUE MARQUEZ IVAN,3032
CASANARE,NUNCHIA,FAJARDO VALDERRAMA SERGIO,456
CASANARE,NUNCHIA,MORALES HOYOS VIVIANE ALEIDA,9
CASANARE,NUNCHIA,PETRO URREGO GUSTAVO FRANCISCO,233
CASANARE,NUNCHIA,PROMOTORES VOTO EN BLANCO,5
CASANARE,NUNCHIA,TARJETAS NO MARCADAS,35
CASANARE,NUNCHIA,TRUJILLO SARMIENTO JORGE ANTONIO,6
CASANARE,NUNCHIA,VARGAS LLERAS GERMAN,106
CASANARE,NUNCHIA,VOTOS EN BLANCO,50
CASANARE,NUNCHIA,VOTOS NULOS,28
CASANARE,OROCUE,DE LA CALLE LOMBANA HUMBERTO,22
CASANARE,OROCUE,DUQUE MARQUEZ IVAN,2895
CASANARE,OROCUE,FAJARDO VALDERRAMA SERGIO,445
CASANARE,OROCUE,MORALES HOYOS VIVIANE ALEIDA,9
CASANARE,OROCUE,PETRO URREGO GUSTAVO FRANCISCO,616
CASANARE,OROCUE,PROMOTORES VOTO EN BLANCO,7
CASANARE,OROCUE,TARJETAS NO MARCADAS,26
CASANARE,OROCUE,TRUJILLO SARMIENTO JORGE ANTONIO,9
CASANARE,OROCUE,VARGAS LLERAS GERMAN,38
CASANARE,OROCUE,VOTOS EN BLANCO,72
CASANARE,OROCUE,VOTOS NULOS,47
CASANARE,PAZ DE ARIPORO,DE LA CALLE LOMBANA HUMBERTO,79
CASANARE,PAZ DE ARIPORO,DUQUE MARQUEZ IVAN,11428
CASANARE,PAZ DE ARIPORO,FAJARDO VALDERRAMA SERGIO,1615
CASANARE,PAZ DE ARIPORO,MORALES HOYOS VIVIANE ALEIDA,19
CASANARE,PAZ DE ARIPORO,PETRO URREGO GUSTAVO FRANCISCO,1449
CASANARE,PAZ DE ARIPORO,PROMOTORES VOTO EN BLANCO,16
CASANARE,PAZ DE ARIPORO,TARJETAS NO MARCADAS,70
CASANARE,PAZ DE ARIPORO,TRUJILLO SARMIENTO JORGE ANTONIO,15
CASANARE,PAZ DE ARIPORO,VARGAS LLERAS GERMAN,226
CASANARE,PAZ DE ARIPORO,VOTOS EN BLANCO,204
CASANARE,PAZ DE ARIPORO,VOTOS NULOS,119
CASANARE,PORE,DE LA CALLE LOMBANA HUMBERTO,26
CASANARE,PORE,DUQUE MARQUEZ IVAN,3540
CASANARE,PORE,FAJARDO VALDERRAMA SERGIO,428
CASANARE,PORE,MORALES HOYOS VIVIANE ALEIDA,6
CASANARE,PORE,PETRO URREGO GUSTAVO FRANCISCO,386
CASANARE,PORE,PROMOTORES VOTO EN BLANCO,7
CASANARE,PORE,TARJETAS NO MARCADAS,20
CASANARE,PORE,TRUJILLO SARMIENTO JORGE ANTONIO,12
CASANARE,PORE,VARGAS LLERAS GERMAN,52
CASANARE,PORE,VOTOS EN BLANCO,34
CASANARE,PORE,VOTOS NULOS,33
CASANARE,RECETOR,DE LA CALLE LOMBANA HUMBERTO,3
CASANARE,RECETOR,DUQUE MARQUEZ IVAN,449
CASANARE,RECETOR,FAJARDO VALDERRAMA SERGIO,119
CASANARE,RECETOR,MORALES HOYOS VIVIANE ALEIDA,1
CASANARE,RECETOR,PETRO URREGO GUSTAVO FRANCISCO,141
CASANARE,RECETOR,PROMOTORES VOTO EN BLANCO,1
CASANARE,RECETOR,TARJETAS NO MARCADAS,3
CASANARE,RECETOR,TRUJILLO SARMIENTO JORGE ANTONIO,4
CASANARE,RECETOR,VARGAS LLERAS GERMAN,12
CASANARE,RECETOR,VOTOS EN BLANCO,17
CASANARE,RECETOR,VOTOS NULOS,9
CASANARE,SABANALARGA,DE LA CALLE LOMBANA HUMBERTO,13
CASANARE,SABANALARGA,DUQUE MARQUEZ IVAN,1011
CASANARE,SABANALARGA,FAJARDO VALDERRAMA SERGIO,330
CASANARE,SABANALARGA,MORALES HOYOS VIVIANE ALEIDA,1
CASANARE,SABANALARGA,PETRO URREGO GUSTAVO FRANCISCO,210
CASANARE,SABANALARGA,PROMOTORES VOTO EN BLANCO,2
CASANARE,SABANALARGA,TARJETAS NO MARCADAS,4
CASANARE,SABANALARGA,TRUJILLO SARMIENTO JORGE ANTONIO,3
CASANARE,SABANALARGA,VARGAS LLERAS GERMAN,69
CASANARE,SABANALARGA,VOTOS EN BLANCO,26
CASANARE,SABANALARGA,VOTOS NULOS,12
CASANARE,SACAMA,DE LA CALLE LOMBANA HUMBERTO,16
CASANARE,SACAMA,DUQUE MARQUEZ IVAN,206
CASANARE,SACAMA,FAJARDO VALDERRAMA SERGIO,59
CASANARE,SACAMA,MORALES HOYOS VIVIANE ALEIDA,2
CASANARE,SACAMA,PETRO URREGO GUSTAVO FRANCISCO,344
CASANARE,SACAMA,TARJETAS NO MARCADAS,7
CASANARE,SACAMA,TRUJILLO SARMIENTO JORGE ANTONIO,5
CASANARE,SACAMA,VARGAS LLERAS GERMAN,21
CASANARE,SACAMA,VOTOS EN BLANCO,20
CASANARE,SACAMA,VOTOS NULOS,2
CASANARE,SAN LUIS DE PALENQUE,DE LA CALLE LOMBANA HUMBERTO,23
CASANARE,SAN LUIS DE PALENQUE,DUQUE MARQUEZ IVAN,2737
CASANARE,SAN LUIS DE PALENQUE,FAJARDO VALDERRAMA SERGIO,447
CASANARE,SAN LUIS DE PALENQUE,MORALES HOYOS VIVIANE ALEIDA,8
CASANARE,SAN LUIS DE PALENQUE,PETRO URREGO GUSTAVO FRANCISCO,251
CASANARE,SAN LUIS DE PALENQUE,PROMOTORES VOTO EN BLANCO,4
CASANARE,SAN LUIS DE PALENQUE,TARJETAS NO MARCADAS,21
CASANARE,SAN LUIS DE PALENQUE,TRUJILLO SARMIENTO JORGE ANTONIO,7
CASANARE,SAN LUIS DE PALENQUE,VARGAS LLERAS GERMAN,45
CASANARE,SAN LUIS DE PALENQUE,VOTOS EN BLANCO,29
CASANARE,SAN LUIS DE PALENQUE,VOTOS NULOS,37
CASANARE,TAMARA,DE LA CALLE LOMBANA HUMBERTO,22
CASANARE,TAMARA,DUQUE MARQUEZ IVAN,1849
CASANARE,TAMARA,FAJARDO VALDERRAMA SERGIO,266
CASANARE,TAMARA,MORALES HOYOS VIVIANE ALEIDA,8
CASANARE,TAMARA,PETRO URREGO GUSTAVO FRANCISCO,246
CASANARE,TAMARA,PROMOTORES VOTO EN BLANCO,5
CASANARE,TAMARA,TARJETAS NO MARCADAS,23
CASANARE,TAMARA,TRUJILLO SARMIENTO JORGE ANTONIO,4
CASANARE,TAMARA,VARGAS LLERAS GERMAN,50
CASANARE,TAMARA,VOTOS EN BLANCO,31
CASANARE,TAMARA,VOTOS NULOS,33
CASANARE,TAURAMENA,DE LA CALLE LOMBANA HUMBERTO,63
CASANARE,TAURAMENA,DUQUE MARQUEZ IVAN,7029
CASANARE,TAURAMENA,FAJARDO VALDERRAMA SERGIO,2221
CASANARE,TAURAMENA,MORALES HOYOS VIVIANE ALEIDA,36
CASANARE,TAURAMENA,PETRO URREGO GUSTAVO FRANCISCO,1366
CASANARE,TAURAMENA,PROMOTORES VOTO EN BLANCO,23
CASANARE,TAURAMENA,TARJETAS NO MARCADAS,43
CASANARE,TAURAMENA,TRUJILLO SARMIENTO JORGE ANTONIO,45
CASANARE,TAURAMENA,VARGAS LLERAS GERMAN,174
CASANARE,TAURAMENA,VOTOS EN BLANCO,241
CASANARE,TAURAMENA,VOTOS NULOS,192
CASANARE,TRINIDAD,DE LA CALLE LOMBANA HUMBERTO,25
CASANARE,TRINIDAD,DUQUE MARQUEZ IVAN,4070
CASANARE,TRINIDAD,FAJARDO VALDERRAMA SERGIO,606
CASANARE,TRINIDAD,MORALES HOYOS VIVIANE ALEIDA,8
CASANARE,TRINIDAD,PETRO URREGO GUSTAVO FRANCISCO,485
CASANARE,TRINIDAD,PROMOTORES VOTO EN BLANCO,13
CASANARE,TRINIDAD,TARJETAS NO MARCADAS,28
CASANARE,TRINIDAD,TRUJILLO SARMIENTO JORGE ANTONIO,10
CASANARE,TRINIDAD,VARGAS LLERAS GERMAN,63
CASANARE,TRINIDAD,VOTOS EN BLANCO,55
CASANARE,TRINIDAD,VOTOS NULOS,66
CASANARE,VILLANUEVA,DE LA CALLE LOMBANA HUMBERTO,128
CASANARE,VILLANUEVA,DUQUE MARQUEZ IVAN,8289
CASANARE,VILLANUEVA,FAJARDO VALDERRAMA SERGIO,2603
CASANARE,VILLANUEVA,MORALES HOYOS VIVIANE ALEIDA,34
CASANARE,VILLANUEVA,PETRO URREGO GUSTAVO FRANCISCO,2032
CASANARE,VILLANUEVA,PROMOTORES VOTO EN BLANCO,35
CASANARE,VILLANUEVA,TARJETAS NO MARCADAS,51
CASANARE,VILLANUEVA,TRUJILLO SARMIENTO JORGE ANTONIO,33
CASANARE,VILLANUEVA,VARGAS LLERAS GERMAN,293
CASANARE,VILLANUEVA,VOTOS EN BLANCO,367
CASANARE,VILLANUEVA,VOTOS NULOS,369
CASANARE,YOPAL,DE LA CALLE LOMBANA HUMBERTO,610
CASANARE,YOPAL,DUQUE MARQUEZ IVAN,38235
CASANARE,YOPAL,FAJARDO VALDERRAMA SERGIO,21211
CASANARE,YOPAL,MORALES HOYOS VIVIANE ALEIDA,115
CASANARE,YOPAL,PETRO URREGO GUSTAVO FRANCISCO,9790
CASANARE,YOPAL,PROMOTORES VOTO EN BLANCO,81
CASANARE,YOPAL,TARJETAS NO MARCADAS,124
CASANARE,YOPAL,TRUJILLO SARMIENTO JORGE ANTONIO,166
CASANARE,YOPAL,VARGAS LLERAS GERMAN,1601
CASANARE,YOPAL,VOTOS EN BLANCO,1073
CASANARE,YOPAL,VOTOS NULOS,812
CAUCA,ALMAGUER,DE LA CALLE LOMBANA HUMBERTO,47
CAUCA,ALMAGUER,DUQUE MARQUEZ IVAN,398
CAUCA,ALMAGUER,FAJARDO VALDERRAMA SERGIO,55
CAUCA,ALMAGUER,MORALES HOYOS VIVIANE ALEIDA,9
CAUCA,ALMAGUER,PETRO URREGO GUSTAVO FRANCISCO,3806
CAUCA,ALMAGUER,PROMOTORES VOTO EN BLANCO,9
CAUCA,ALMAGUER,TARJETAS NO MARCADAS,54
CAUCA,ALMAGUER,TRUJILLO SARMIENTO JORGE ANTONIO,5
CAUCA,ALMAGUER,VARGAS LLERAS GERMAN,523
CAUCA,ALMAGUER,VOTOS EN BLANCO,34
CAUCA,ALMAGUER,VOTOS NULOS,46
CAUCA,ARGELIA,DE LA CALLE LOMBANA HUMBERTO,113
CAUCA,ARGELIA,DUQUE MARQUEZ IVAN,504
CAUCA,ARGELIA,FAJARDO VALDERRAMA SERGIO,349
CAUCA,ARGELIA,MORALES HOYOS VIVIANE ALEIDA,10
CAUCA,ARGELIA,PETRO URREGO GUSTAVO FRANCISCO,6810
CAUCA,ARGELIA,PROMOTORES VOTO EN BLANCO,18
CAUCA,ARGELIA,TARJETAS NO MARCADAS,23
CAUCA,ARGELIA,TRUJILLO SARMIENTO JORGE ANTONIO,10
CAUCA,ARGELIA,VARGAS LLERAS GERMAN,316
CAUCA,ARGELIA,VOTOS EN BLANCO,107
CAUCA,ARGELIA,VOTOS NULOS,88
CAUCA,BALBOA,DE LA CALLE LOMBANA HUMBERTO,99
CAUCA,BALBOA,DUQUE MARQUEZ IVAN,564
CAUCA,BALBOA,FAJARDO VALDERRAMA SERGIO,196
CAUCA,BALBOA,MORALES HOYOS VIVIANE ALEIDA,13
CAUCA,BALBOA,PETRO URREGO GUSTAVO FRANCISCO,4951
CAUCA,BALBOA,PROMOTORES VOTO EN BLANCO,9
CAUCA,BALBOA,TARJETAS NO MARCADAS,40
CAUCA,BALBOA,TRUJILLO SARMIENTO JORGE ANTONIO,11
CAUCA,BALBOA,VARGAS LLERAS GERMAN,344
CAUCA,BALBOA,VOTOS EN BLANCO,75
CAUCA,BALBOA,VOTOS NULOS,58
CAUCA,BOLIVAR,DE LA CALLE LOMBANA HUMBERTO,211
CAUCA,BOLIVAR,DUQUE MARQUEZ IVAN,1598
CAUCA,BOLIVAR,FAJARDO VALDERRAMA SERGIO,365
CAUCA,BOLIVAR,MORALES HOYOS VIVIANE ALEIDA,18
CAUCA,BOLIVAR,PETRO URREGO GUSTAVO FRANCISCO,7842
CAUCA,BOLIVAR,PROMOTORES VOTO EN BLANCO,27
CAUCA,BOLIVAR,TARJETAS NO MARCADAS,59
CAUCA,BOLIVAR,TRUJILLO SARMIENTO JORGE ANTONIO,19
CAUCA,BOLIVAR,VARGAS LLERAS GERMAN,1328
CAUCA,BOLIVAR,VOTOS EN BLANCO,150
CAUCA,BOLIVAR,VOTOS NULOS,163
CAUCA,BUENOS AIRES,DE LA CALLE LOMBANA HUMBERTO,210
CAUCA,BUENOS AIRES,DUQUE MARQUEZ IVAN,1817
CAUCA,BUENOS AIRES,FAJARDO VALDERRAMA SERGIO,333
CAUCA,BUENOS AIRES,MORALES HOYOS VIVIANE ALEIDA,26
CAUCA,BUENOS AIRES,PETRO URREGO GUSTAVO FRANCISCO,2219
CAUCA,BUENOS AIRES,PROMOTORES VOTO EN BLANCO,31
CAUCA,BUENOS AIRES,TARJETAS NO MARCADAS,135
CAUCA,BUENOS AIRES,TRUJILLO SARMIENTO JORGE ANTONIO,62
CAUCA,BUENOS AIRES,VARGAS LLERAS GERMAN,2517
CAUCA,BUENOS AIRES,VOTOS EN BLANCO,230
CAUCA,BUENOS AIRES,VOTOS NULOS,315
CAUCA,CAJIBIO,DE LA CALLE LOMBANA HUMBERTO,287
CAUCA,CAJIBIO,DUQUE MARQUEZ IVAN,2586
CAUCA,CAJIBIO,FAJARDO VALDERRAMA SERGIO,708
CAUCA,CAJIBIO,MORALES HOYOS VIVIANE ALEIDA,44
CAUCA,CAJIBIO,PETRO URREGO GUSTAVO FRANCISCO,3675
CAUCA,CAJIBIO,PROMOTORES VOTO EN BLANCO,25
CAUCA,CAJIBIO,TARJETAS NO MARCADAS,116
CAUCA,CAJIBIO,TRUJILLO SARMIENTO JORGE ANTONIO,43
CAUCA,CAJIBIO,VARGAS LLERAS GERMAN,1330
CAUCA,CAJIBIO,VOTOS EN BLANCO,237
CAUCA,CAJIBIO,VOTOS NULOS,248
CAUCA,CALDONO,DE LA CALLE LOMBANA HUMBERTO,172
CAUCA,CALDONO,DUQUE MARQUEZ IVAN,1757
CAUCA,CALDONO,FAJARDO VALDERRAMA SERGIO,522
CAUCA,CALDONO,MORALES HOYOS VIVIANE ALEIDA,49
CAUCA,CALDONO,PETRO URREGO GUSTAVO FRANCISCO,7201
CAUCA,CALDONO,PROMOTORES VOTO EN BLANCO,16
CAUCA,CALDONO,TARJETAS NO MARCADAS,89
CAUCA,CALDONO,TRUJILLO SARMIENTO JORGE ANTONIO,65
CAUCA,CALDONO,VARGAS LLERAS GERMAN,958
CAUCA,CALDONO,VOTOS EN BLANCO,146
CAUCA,CALDONO,VOTOS NULOS,182
CAUCA,CALOTO,DE LA CALLE LOMBANA HUMBERTO,850
CAUCA,CALOTO,DUQUE MARQUEZ IVAN,2058
CAUCA,CALOTO,FAJARDO VALDERRAMA SERGIO,822
CAUCA,CALOTO,MORALES HOYOS VIVIANE ALEIDA,26
CAUCA,CALOTO,PETRO URREGO GUSTAVO FRANCISCO,5870
CAUCA,CALOTO,PROMOTORES VOTO EN BLANCO,17
CAUCA,CALOTO,TARJETAS NO MARCADAS,41
CAUCA,CALOTO,TRUJILLO SARMIENTO JORGE ANTONIO,51
CAUCA,CALOTO,VARGAS LLERAS GERMAN,921
CAUCA,CALOTO,VOTOS EN BLANCO,230
CAUCA,CALOTO,VOTOS NULOS,285
CAUCA,CORINTO,DE LA CALLE LOMBANA HUMBERTO,508
CAUCA,CORINTO,DUQUE MARQUEZ IVAN,2004
CAUCA,CORINTO,FAJARDO VALDERRAMA SERGIO,922
CAUCA,CORINTO,MORALES HOYOS VIVIANE ALEIDA,42
CAUCA,CORINTO,PETRO URREGO GUSTAVO FRANCISCO,5480
CAUCA,CORINTO,PROMOTORES VOTO EN BLANCO,24
CAUCA,CORINTO,TARJETAS NO MARCADAS,49
CAUCA,CORINTO,TRUJILLO SARMIENTO JORGE ANTONIO,51
CAUCA,CORINTO,VARGAS LLERAS GERMAN,935
CAUCA,CORINTO,VOTOS EN BLANCO,267
CAUCA,CORINTO,VOTOS NULOS,255
CAUCA,EL TAMBO,DE LA CALLE LOMBANA HUMBERTO,710
CAUCA,EL TAMBO,DUQUE MARQUEZ IVAN,4919
CAUCA,EL TAMBO,FAJARDO VALDERRAMA SERGIO,1054
CAUCA,EL TAMBO,MORALES HOYOS VIVIANE ALEIDA,72
CAUCA,EL TAMBO,PETRO URREGO GUSTAVO FRANCISCO,4217
CAUCA,EL TAMBO,PROMOTORES VOTO EN BLANCO,52
CAUCA,EL TAMBO,TARJETAS NO MARCADAS,210
CAUCA,EL TAMBO,TRUJILLO SARMIENTO JORGE ANTONIO,94
CAUCA,EL TAMBO,VARGAS LLERAS GERMAN,1603
CAUCA,EL TAMBO,VOTOS EN BLANCO,366
CAUCA,EL TAMBO,VOTOS NULOS,424
CAUCA,FLORENCIA,DE LA CALLE LOMBANA HUMBERTO,35
CAUCA,FLORENCIA,DUQUE MARQUEZ IVAN,532
CAUCA,FLORENCIA,FAJARDO VALDERRAMA SERGIO,86
CAUCA,FLORENCIA,MORALES HOYOS VIVIANE ALEIDA,6
CAUCA,FLORENCIA,PETRO URREGO GUSTAVO FRANCISCO,1196
CAUCA,FLORENCIA,PROMOTORES VOTO EN BLANCO,7
CAUCA,FLORENCIA,TARJETAS NO MARCADAS,33
CAUCA,FLORENCIA,TRUJILLO SARMIENTO JORGE ANTONIO,11
CAUCA,FLORENCIA,VARGAS LLERAS GERMAN,262
CAUCA,FLORENCIA,VOTOS EN BLANCO,35
CAUCA,FLORENCIA,VOTOS NULOS,27
CAUCA,GUACHENE,DE LA CALLE LOMBANA HUMBERTO,246
CAUCA,GUACHENE,DUQUE MARQUEZ IVAN,1032
CAUCA,GUACHENE,FAJARDO VALDERRAMA SERGIO,282
CAUCA,GUACHENE,MORALES HOYOS VIVIANE ALEIDA,36
CAUCA,GUACHENE,PETRO URREGO GUSTAVO FRANCISCO,3851
CAUCA,GUACHENE,PROMOTORES VOTO EN BLANCO,17
CAUCA,GUACHENE,TARJETAS NO MARCADAS,66
CAUCA,GUACHENE,TRUJILLO SARMIENTO JORGE ANTONIO,75
CAUCA,GUACHENE,VARGAS LLERAS GERMAN,2331
CAUCA,GUACHENE,VOTOS EN BLANCO,228
CAUCA,GUACHENE,VOTOS NULOS,431
CAUCA,GUAPI,DE LA CALLE LOMBANA HUMBERTO,108
CAUCA,GUAPI,DUQUE MARQUEZ IVAN,973
CAUCA,GUAPI,FAJARDO VALDERRAMA SERGIO,134
CAUCA,GUAPI,MORALES HOYOS VIVIANE ALEIDA,15
CAUCA,GUAPI,PETRO URREGO GUSTAVO FRANCISCO,4350
CAUCA,GUAPI,PROMOTORES VOTO EN BLANCO,7
CAUCA,GUAPI,TARJETAS NO MARCADAS,34
CAUCA,GUAPI,TRUJILLO SARMIENTO JORGE ANTONIO,11
CAUCA,GUAPI,VARGAS LLERAS GERMAN,824
CAUCA,GUAPI,VOTOS EN BLANCO,75
CAUCA,GUAPI,VOTOS NULOS,103
CAUCA,INZA,DE LA CALLE LOMBANA HUMBERTO,162
CAUCA,INZA,DUQUE MARQUEZ IVAN,2064
CAUCA,INZA,FAJARDO VALDERRAMA SERGIO,311
CAUCA,INZA,MORALES HOYOS VIVIANE ALEIDA,13
CAUCA,INZA,PETRO URREGO GUSTAVO FRANCISCO,5382
CAUCA,INZA,PROMOTORES VOTO EN BLANCO,17
CAUCA,INZA,TARJETAS NO MARCADAS,68
CAUCA,INZA,TRUJILLO SARMIENTO JORGE ANTONIO,30
CAUCA,INZA,VARGAS LLERAS GERMAN,174
CAUCA,INZA,VOTOS EN BLANCO,127
CAUCA,INZA,VOTOS NULOS,115
CAUCA,JAMBALO,DE LA CALLE LOMBANA HUMBERTO,81
CAUCA,JAMBALO,DUQUE MARQUEZ IVAN,300
CAUCA,JAMBALO,FAJARDO VALDERRAMA SERGIO,75
CAUCA,JAMBALO,MORALES HOYOS VIVIANE ALEIDA,36
CAUCA,JAMBALO,PETRO URREGO GUSTAVO FRANCISCO,4331
CAUCA,JAMBALO,PROMOTORES VOTO EN BLANCO,11
CAUCA,JAMBALO,TARJETAS NO MARCADAS,65
CAUCA,JAMBALO,TRUJILLO SARMIENTO JORGE ANTONIO,29
CAUCA,JAMBALO,VARGAS LLERAS GERMAN,93
CAUCA,JAMBALO,VOTOS EN BLANCO,48
CAUCA,JAMBALO,VOTOS NULOS,63
CAUCA,LA SIERRA,DE LA CALLE LOMBANA HUMBERTO,99
CAUCA,LA SIERRA,DUQUE MARQUEZ IVAN,1431
CAUCA,LA SIERRA,FAJARDO VALDERRAMA SERGIO,248
CAUCA,LA SIERRA,MORALES HOYOS VIVIANE ALEIDA,13
CAUCA,LA SIERRA,PETRO URREGO GUSTAVO FRANCISCO,1950
CAUCA,LA SIERRA,PROMOTORES VOTO EN BLANCO,8
CAUCA,LA SIERRA,TARJETAS NO MARCADAS,40
CAUCA,LA SIERRA,TRUJILLO SARMIENTO JORGE ANTONIO,18
CAUCA,LA SIERRA,VARGAS LLERAS GERMAN,184
CAUCA,LA SIERRA,VOTOS EN BLANCO,98
CAUCA,LA SIERRA,VOTOS NULOS,88
CAUCA,LA VEGA,DE LA CALLE LOMBANA HUMBERTO,211
CAUCA,LA VEGA,DUQUE MARQUEZ IVAN,1144
CAUCA,LA VEGA,FAJARDO VALDERRAMA SERGIO,122
CAUCA,LA VEGA,MORALES HOYOS VIVIANE ALEIDA,17
CAUCA,LA VEGA,PETRO URREGO GUSTAVO FRANCISCO,3365
CAUCA,LA VEGA,PROMOTORES VOTO EN BLANCO,12
CAUCA,LA VEGA,TARJETAS NO MARCADAS,58
CAUCA,LA VEGA,TRUJILLO SARMIENTO JORGE ANTONIO,24
CAUCA,LA VEGA,VARGAS LLERAS GERMAN,543
CAUCA,LA VEGA,VOTOS EN BLANCO,102
CAUCA,LA VEGA,VOTOS NULOS,59
CAUCA,LOPEZ DE MICAY,DE LA CALLE LOMBANA HUMBERTO,107
CAUCA,LOPEZ DE MICAY,DUQUE MARQUEZ IVAN,771
CAUCA,LOPEZ DE MICAY,FAJARDO VALDERRAMA SERGIO,78
CAUCA,LOPEZ DE MICAY,MORALES HOYOS VIVIANE ALEIDA,11
CAUCA,LOPEZ DE MICAY,PETRO URREGO GUSTAVO FRANCISCO,1652
CAUCA,LOPEZ DE MICAY,PROMOTORES VOTO EN BLANCO,4
CAUCA,LOPEZ DE MICAY,TARJETAS NO MARCADAS,39
CAUCA,LOPEZ DE MICAY,TRUJILLO SARMIENTO JORGE ANTONIO,12
CAUCA,LOPEZ DE MICAY,VARGAS LLERAS GERMAN,1222
CAUCA,LOPEZ DE MICAY,VOTOS EN BLANCO,36
CAUCA,LOPEZ DE MICAY,VOTOS NULOS,24
CAUCA,MERCADERES,DE LA CALLE LOMBANA HUMBERTO,57
CAUCA,MERCADERES,DUQUE MARQUEZ IVAN,861
CAUCA,MERCADERES,FAJARDO VALDERRAMA SERGIO,198
CAUCA,MERCADERES,MORALES HOYOS VIVIANE ALEIDA,11
CAUCA,MERCADERES,PETRO URREGO GUSTAVO FRANCISCO,3499
CAUCA,MERCADERES,PROMOTORES VOTO EN BLANCO,9
CAUCA,MERCADERES,TARJETAS NO MARCADAS,36
CAUCA,MERCADERES,TRUJILLO SARMIENTO JORGE ANTONIO,12
CAUCA,MERCADERES,VARGAS LLERAS GERMAN,462
CAUCA,MERCADERES,VOTOS EN BLANCO,57
CAUCA,MERCADERES,VOTOS NULOS,40
CAUCA,MIRANDA,DE LA CALLE LOMBANA HUMBERTO,420
CAUCA,MIRANDA,DUQUE MARQUEZ IVAN,2162
CAUCA,MIRANDA,FAJARDO VALDERRAMA SERGIO,1526
CAUCA,MIRANDA,MORALES HOYOS VIVIANE ALEIDA,36
CAUCA,MIRANDA,PETRO URREGO GUSTAVO FRANCISCO,6546
CAUCA,MIRANDA,PROMOTORES VOTO EN BLANCO,23
CAUCA,MIRANDA,TARJETAS NO MARCADAS,31
CAUCA,MIRANDA,TRUJILLO SARMIENTO JORGE ANTONIO,65
CAUCA,MIRANDA,VARGAS LLERAS GERMAN,917
CAUCA,MIRANDA,VOTOS EN BLANCO,278
CAUCA,MIRANDA,VOTOS NULOS,322
CAUCA,MORALES,DE LA CALLE LOMBANA HUMBERTO,185
CAUCA,MORALES,DUQUE MARQUEZ IVAN,2422
CAUCA,MORALES,FAJARDO VALDERRAMA SERGIO,613
CAUCA,MORALES,MORALES HOYOS VIVIANE ALEIDA,36
CAUCA,MORALES,PETRO URREGO GUSTAVO FRANCISCO,3000
CAUCA,MORALES,PROMOTORES VOTO EN BLANCO,16
CAUCA,MORALES,TARJETAS NO MARCADAS,70
CAUCA,MORALES,TRUJILLO SARMIENTO JORGE ANTONIO,60
CAUCA,MORALES,VARGAS LLERAS GERMAN,1434
CAUCA,MORALES,VOTOS EN BLANCO,164
CAUCA,MORALES,VOTOS NULOS,100
CAUCA,PADILLA,DE LA CALLE LOMBANA HUMBERTO,121
CAUCA,PADILLA,DUQUE MARQUEZ IVAN,374
CAUCA,PADILLA,FAJARDO VALDERRAMA SERGIO,214
CAUCA,PADILLA,MORALES HOYOS VIVIANE ALEIDA,10
CAUCA,PADILLA,PETRO URREGO GUSTAVO FRANCISCO,1815
CAUCA,PADILLA,PROMOTORES VOTO EN BLANCO,10
CAUCA,PADILLA,TARJETAS NO MARCADAS,24
CAUCA,PADILLA,TRUJILLO SARMIENTO JORGE ANTONIO,33
CAUCA,PADILLA,VARGAS LLERAS GERMAN,754
CAUCA,PADILLA,VOTOS EN BLANCO,113
CAUCA,PADILLA,VOTOS NULOS,238
CAUCA,PAEZ,DE LA CALLE LOMBANA HUMBERTO,151
CAUCA,PAEZ,DUQUE MARQUEZ IVAN,1917
CAUCA,PAEZ,FAJARDO VALDERRAMA SERGIO,301
CAUCA,PAEZ,MORALES HOYOS VIVIANE ALEIDA,34
CAUCA,PAEZ,PETRO URREGO GUSTAVO FRANCISCO,5729
CAUCA,PAEZ,PROMOTORES VOTO EN BLANCO,24
CAUCA,PAEZ,TARJETAS NO MARCADAS,117
CAUCA,PAEZ,TRUJILLO SARMIENTO JORGE ANTONIO,34
CAUCA,PAEZ,VARGAS LLERAS GERMAN,676
CAUCA,PAEZ,VOTOS EN BLANCO,146
CAUCA,PAEZ,VOTOS NULOS,192
CAUCA,PATIA,DE LA CALLE LOMBANA HUMBERTO,103
CAUCA,PATIA,DUQUE MARQUEZ IVAN,2317
CAUCA,PATIA,FAJARDO VALDERRAMA SERGIO,582
CAUCA,PATIA,MORALES HOYOS VIVIANE ALEIDA,17
CAUCA,PATIA,PETRO URREGO GUSTAVO FRANCISCO,5586
CAUCA,PATIA,PROMOTORES VOTO EN BLANCO,23
CAUCA,PATIA,TARJETAS NO MARCADAS,44
CAUCA,PATIA,TRUJILLO SARMIENTO JORGE ANTONIO,29
CAUCA,PATIA,VARGAS LLERAS GERMAN,888
CAUCA,PATIA,VOTOS EN BLANCO,181
CAUCA,PATIA,VOTOS NULOS,165
CAUCA,PIAMONTE,DE LA CALLE LOMBANA HUMBERTO,48
CAUCA,PIAMONTE,DUQUE MARQUEZ IVAN,796
CAUCA,PIAMONTE,FAJARDO VALDERRAMA SERGIO,117
CAUCA,PIAMONTE,MORALES HOYOS VIVIANE ALEIDA,11
CAUCA,PIAMONTE,PETRO URREGO GUSTAVO FRANCISCO,1148
CAUCA,PIAMONTE,PROMOTORES VOTO EN BLANCO,16
CAUCA,PIAMONTE,TARJETAS NO MARCADAS,11
CAUCA,PIAMONTE,TRUJILLO SARMIENTO JORGE ANTONIO,8
CAUCA,PIAMONTE,VARGAS LLERAS GERMAN,45
CAUCA,PIAMONTE,VOTOS EN BLANCO,67
CAUCA,PIAMONTE,VOTOS NULOS,34
CAUCA,PIENDAMO  TUNIA,DE LA CALLE LOMBANA HUMBERTO,307
CAUCA,PIENDAMO  TUNIA,DUQUE MARQUEZ IVAN,5460
CAUCA,PIENDAMO  TUNIA,FAJARDO VALDERRAMA SERGIO,2347
CAUCA,PIENDAMO  TUNIA,MORALES HOYOS VIVIANE ALEIDA,35
CAUCA,PIENDAMO  TUNIA,PETRO URREGO GUSTAVO FRANCISCO,3647
CAUCA,PIENDAMO  TUNIA,PROMOTORES VOTO EN BLANCO,38
CAUCA,PIENDAMO  TUNIA,TARJETAS NO MARCADAS,77
CAUCA,PIENDAMO  TUNIA,TRUJILLO SARMIENTO JORGE ANTONIO,71
CAUCA,PIENDAMO  TUNIA,VARGAS LLERAS GERMAN,929
CAUCA,PIENDAMO  TUNIA,VOTOS EN BLANCO,345
CAUCA,PIENDAMO  TUNIA,VOTOS NULOS,236
CAUCA,POPAYAN,DE LA CALLE LOMBANA HUMBERTO,3221
CAUCA,POPAYAN,DUQUE MARQUEZ IVAN,35342
CAUCA,POPAYAN,FAJARDO VALDERRAMA SERGIO,34387
CAUCA,POPAYAN,MORALES HOYOS VIVIANE ALEIDA,181
CAUCA,POPAYAN,PETRO URREGO GUSTAVO FRANCISCO,52099
CAUCA,POPAYAN,PROMOTORES VOTO EN BLANCO,170
CAUCA,POPAYAN,TARJETAS NO MARCADAS,311
CAUCA,POPAYAN,TRUJILLO SARMIENTO JORGE ANTONIO,351
CAUCA,POPAYAN,VARGAS LLERAS GERMAN,6617
CAUCA,POPAYAN,VOTOS EN BLANCO,2764
CAUCA,POPAYAN,VOTOS NULOS,1740
CAUCA,PUERTO TEJADA,DE LA CALLE LOMBANA HUMBERTO,639
CAUCA,PUERTO TEJADA,DUQUE MARQUEZ IVAN,1991
CAUCA,PUERTO TEJADA,FAJARDO VALDERRAMA SERGIO,2266
CAUCA,PUERTO TEJADA,MORALES HOYOS VIVIANE ALEIDA,41
CAUCA,PUERTO TEJADA,PETRO URREGO GUSTAVO FRANCISCO,10604
CAUCA,PUERTO TEJADA,PROMOTORES VOTO EN BLANCO,48
CAUCA,PUERTO TEJADA,TARJETAS NO MARCADAS,78
CAUCA,PUERTO TEJADA,TRUJILLO SARMIENTO JORGE ANTONIO,119
CAUCA,PUERTO TEJADA,VARGAS LLERAS GERMAN,1279
CAUCA,PUERTO TEJADA,VOTOS EN BLANCO,504
CAUCA,PUERTO TEJADA,VOTOS NULOS,699
CAUCA,PURACE,DE LA CALLE LOMBANA HUMBERTO,60
CAUCA,PURACE,DUQUE MARQUEZ IVAN,934
CAUCA,PURACE,FAJARDO VALDERRAMA SERGIO,230
CAUCA,PURACE,MORALES HOYOS VIVIANE ALEIDA,2
CAUCA,PURACE,PETRO URREGO GUSTAVO FRANCISCO,1753
CAUCA,PURACE,PROMOTORES VOTO EN BLANCO,7
CAUCA,PURACE,TARJETAS NO MARCADAS,29
CAUCA,PURACE,TRUJILLO SARMIENTO JORGE ANTONIO,14
CAUCA,PURACE,VARGAS LLERAS GERMAN,738
CAUCA,PURACE,VOTOS EN BLANCO,93
CAUCA,PURACE,VOTOS NULOS,96
CAUCA,ROSAS,DE LA CALLE LOMBANA HUMBERTO,72
CAUCA,ROSAS,DUQUE MARQUEZ IVAN,1602
CAUCA,ROSAS,FAJARDO VALDERRAMA SERGIO,275
CAUCA,ROSAS,MORALES HOYOS VIVIANE ALEIDA,5
CAUCA,ROSAS,PETRO URREGO GUSTAVO FRANCISCO,1379
CAUCA,ROSAS,PROMOTORES VOTO EN BLANCO,2
CAUCA,ROSAS,TARJETAS NO MARCADAS,41
CAUCA,ROSAS,TRUJILLO SARMIENTO JORGE ANTONIO,5
CAUCA,ROSAS,VARGAS LLERAS GERMAN,461
CAUCA,ROSAS,VOTOS EN BLANCO,85
CAUCA,ROSAS,VOTOS NULOS,84
CAUCA,SAN SEBASTIAN,DE LA CALLE LOMBANA HUMBERTO,207
CAUCA,SAN SEBASTIAN,DUQUE MARQUEZ IVAN,460
CAUCA,SAN SEBASTIAN,FAJARDO VALDERRAMA SERGIO,46
CAUCA,SAN SEBASTIAN,MORALES HOYOS VIVIANE ALEIDA,1
CAUCA,SAN SEBASTIAN,PETRO URREGO GUSTAVO FRANCISCO,992
CAUCA,SAN SEBASTIAN,PROMOTORES VOTO EN BLANCO,2
CAUCA,SAN SEBASTIAN,TARJETAS NO MARCADAS,30
CAUCA,SAN SEBASTIAN,TRUJILLO SARMIENTO JORGE ANTONIO,4
CAUCA,SAN SEBASTIAN,VARGAS LLERAS GERMAN,1059
CAUCA,SAN SEBASTIAN,VOTOS EN BLANCO,32
CAUCA,SAN SEBASTIAN,VOTOS NULOS,23
CAUCA,SANTA ROSA,DE LA CALLE LOMBANA HUMBERTO,22
CAUCA,SANTA ROSA,DUQUE MARQUEZ IVAN,507
CAUCA,SANTA ROSA,FAJARDO VALDERRAMA SERGIO,63
CAUCA,SANTA ROSA,MORALES HOYOS VIVIANE ALEIDA,6
CAUCA,SANTA ROSA,PETRO URREGO GUSTAVO FRANCISCO,852
CAUCA,SANTA ROSA,PROMOTORES VOTO EN BLANCO,3
CAUCA,SANTA ROSA,TARJETAS NO MARCADAS,8
CAUCA,SANTA ROSA,TRUJILLO SARMIENTO JORGE ANTONIO,6
CAUCA,SANTA ROSA,VARGAS LLERAS GERMAN,222
CAUCA,SANTA ROSA,VOTOS EN BLANCO,22
CAUCA,SANTA ROSA,VOTOS NULOS,16
CAUCA,SANTANDER DE QUILICHAO,DE LA CALLE LOMBANA HUMBERTO,1390
CAUCA,SANTANDER DE QUILICHAO,DUQUE MARQUEZ IVAN,11113
CAUCA,SANTANDER DE QUILICHAO,FAJARDO VALDERRAMA SERGIO,6630
CAUCA,SANTANDER DE QUILICHAO,MORALES HOYOS VIVIANE ALEIDA,124
CAUCA,SANTANDER DE QUILICHAO,PETRO URREGO GUSTAVO FRANCISCO,16766
CAUCA,SANTANDER DE QUILICHAO,PROMOTORES VOTO EN BLANCO,91
CAUCA,SANTANDER DE QUILICHAO,TARJETAS NO MARCADAS,183
CAUCA,SANTANDER DE QUILICHAO,TRUJILLO SARMIENTO JORGE ANTONIO,722
CAUCA,SANTANDER DE QUILICHAO,VARGAS LLERAS GERMAN,2477
CAUCA,SANTANDER DE QUILICHAO,VOTOS EN BLANCO,1106
CAUCA,SANTANDER DE QUILICHAO,VOTOS NULOS,1225
CAUCA,SILVIA,DE LA CALLE LOMBANA HUMBERTO,241
CAUCA,SILVIA,DUQUE MARQUEZ IVAN,1646
CAUCA,SILVIA,FAJARDO VALDERRAMA SERGIO,806
CAUCA,SILVIA,MORALES HOYOS VIVIANE ALEIDA,53
CAUCA,SILVIA,PETRO URREGO GUSTAVO FRANCISCO,7778
CAUCA,SILVIA,PROMOTORES VOTO EN BLANCO,24
CAUCA,SILVIA,TARJETAS NO MARCADAS,105
CAUCA,SILVIA,TRUJILLO SARMIENTO JORGE ANTONIO,76
CAUCA,SILVIA,VARGAS LLERAS GERMAN,471
CAUCA,SILVIA,VOTOS EN BLANCO,236
CAUCA,SILVIA,VOTOS NULOS,253
CAUCA,SOTARA PAISPAMBA,DE LA CALLE LOMBANA HUMBERTO,65
CAUCA,SOTARA PAISPAMBA,DUQUE MARQUEZ IVAN,950
CAUCA,SOTARA PAISPAMBA,FAJARDO VALDERRAMA SERGIO,213
CAUCA,SOTARA PAISPAMBA,MORALES HOYOS VIVIANE ALEIDA,12
CAUCA,SOTARA PAISPAMBA,PETRO URREGO GUSTAVO FRANCISCO,1552
CAUCA,SOTARA PAISPAMBA,PROMOTORES VOTO EN BLANCO,5
CAUCA,SOTARA PAISPAMBA,TARJETAS NO MARCADAS,55
CAUCA,SOTARA PAISPAMBA,TRUJILLO SARMIENTO JORGE ANTONIO,14
CAUCA,SOTARA PAISPAMBA,VARGAS LLERAS GERMAN,423
CAUCA,SOTARA PAISPAMBA,VOTOS EN BLANCO,89
CAUCA,SOTARA PAISPAMBA,VOTOS NULOS,84
CAUCA,SUAREZ,DE LA CALLE LOMBANA HUMBERTO,178
CAUCA,SUAREZ,DUQUE MARQUEZ IVAN,1936
CAUCA,SUAREZ,FAJARDO VALDERRAMA SERGIO,440
CAUCA,SUAREZ,MORALES HOYOS VIVIANE ALEIDA,21
CAUCA,SUAREZ,PETRO URREGO GUSTAVO FRANCISCO,2422
CAUCA,SUAREZ,PROMOTORES VOTO EN BLANCO,19
CAUCA,SUAREZ,TARJETAS NO MARCADAS,70
CAUCA,SUAREZ,TRUJILLO SARMIENTO JORGE ANTONIO,50
CAUCA,SUAREZ,VARGAS LLERAS GERMAN,877
CAUCA,SUAREZ,VOTOS EN BLANCO,209
CAUCA,SUAREZ,VOTOS NULOS,227
CAUCA,SUCRE,DE LA CALLE LOMBANA HUMBERTO,23
CAUCA,SUCRE,DUQUE MARQUEZ IVAN,164
CAUCA,SUCRE,FAJARDO VALDERRAMA SERGIO,64
CAUCA,SUCRE,PETRO URREGO GUSTAVO FRANCISCO,1977
CAUCA,SUCRE,PROMOTORES VOTO EN BLANCO,3
CAUCA,SUCRE,TARJETAS NO MARCADAS,22
CAUCA,SUCRE,TRUJILLO SARMIENTO JORGE ANTONIO,8
CAUCA,SUCRE,VARGAS LLERAS GERMAN,266
CAUCA,SUCRE,VOTOS EN BLANCO,23
CAUCA,SUCRE,VOTOS NULOS,17
CAUCA,TIMBIO,DE LA CALLE LOMBANA HUMBERTO,264
CAUCA,TIMBIO,DUQUE MARQUEZ IVAN,4902
CAUCA,TIMBIO,FAJARDO VALDERRAMA SERGIO,1761
CAUCA,TIMBIO,MORALES HOYOS VIVIANE ALEIDA,23
CAUCA,TIMBIO,PETRO URREGO GUSTAVO FRANCISCO,4351
CAUCA,TIMBIO,PROMOTORES VOTO EN BLANCO,30
CAUCA,TIMBIO,TARJETAS NO MARCADAS,69
CAUCA,TIMBIO,TRUJILLO SARMIENTO JORGE ANTONIO,53
CAUCA,TIMBIO,VARGAS LLERAS GERMAN,912
CAUCA,TIMBIO,VOTOS EN BLANCO,292
CAUCA,TIMBIO,VOTOS NULOS,244
CAUCA,TIMBIQUI,DE LA CALLE LOMBANA HUMBERTO,113
CAUCA,TIMBIQUI,DUQUE MARQUEZ IVAN,709
CAUCA,TIMBIQUI,FAJARDO VALDERRAMA SERGIO,99
CAUCA,TIMBIQUI,MORALES HOYOS VIVIANE ALEIDA,9
CAUCA,TIMBIQUI,PETRO URREGO GUSTAVO FRANCISCO,2999
CAUCA,TIMBIQUI,PROMOTORES VOTO EN BLANCO,11
CAUCA,TIMBIQUI,TARJETAS NO MARCADAS,13
CAUCA,TIMBIQUI,TRUJILLO SARMIENTO JORGE ANTONIO,18
CAUCA,TIMBIQUI,VARGAS LLERAS GERMAN,2338
CAUCA,TIMBIQUI,VOTOS EN BLANCO,33
CAUCA,TIMBIQUI,VOTOS NULOS,66
CAUCA,TORIBIO,DE LA CALLE LOMBANA HUMBERTO,553
CAUCA,TORIBIO,DUQUE MARQUEZ IVAN,602
CAUCA,TORIBIO,FAJARDO VALDERRAMA SERGIO,196
CAUCA,TORIBIO,MORALES HOYOS VIVIANE ALEIDA,47
CAUCA,TORIBIO,PETRO URREGO GUSTAVO FRANCISCO,8745
CAUCA,TORIBIO,PROMOTORES VOTO EN BLANCO,17
CAUCA,TORIBIO,TARJETAS NO MARCADAS,74
CAUCA,TORIBIO,TRUJILLO SARMIENTO JORGE ANTONIO,53
CAUCA,TORIBIO,VARGAS LLERAS GERMAN,244
CAUCA,TORIBIO,VOTOS EN BLANCO,112
CAUCA,TORIBIO,VOTOS NULOS,163
CAUCA,TOTORO,DE LA CALLE LOMBANA HUMBERTO,119
CAUCA,TOTORO,DUQUE MARQUEZ IVAN,888
CAUCA,TOTORO,FAJARDO VALDERRAMA SERGIO,250
CAUCA,TOTORO,MORALES HOYOS VIVIANE ALEIDA,22
CAUCA,TOTORO,PETRO URREGO GUSTAVO FRANCISCO,3552
CAUCA,TOTORO,PROMOTORES VOTO EN BLANCO,17
CAUCA,TOTORO,TARJETAS NO MARCADAS,62
CAUCA,TOTORO,TRUJILLO SARMIENTO JORGE ANTONIO,22
CAUCA,TOTORO,VARGAS LLERAS GERMAN,209
CAUCA,TOTORO,VOTOS EN BLANCO,67
CAUCA,TOTORO,VOTOS NULOS,80
CAUCA,VILLA RICA,DE LA CALLE LOMBANA HUMBERTO,338
CAUCA,VILLA RICA,DUQUE MARQUEZ IVAN,860
CAUCA,VILLA RICA,FAJARDO VALDERRAMA SERGIO,607
CAUCA,VILLA RICA,MORALES HOYOS VIVIANE ALEIDA,12
CAUCA,VILLA RICA,PETRO URREGO GUSTAVO FRANCISCO,4531
CAUCA,VILLA RICA,PROMOTORES VOTO EN BLANCO,21
CAUCA,VILLA RICA,TARJETAS NO MARCADAS,49
CAUCA,VILLA RICA,TRUJILLO SARMIENTO JORGE ANTONIO,56
CAUCA,VILLA RICA,VARGAS LLERAS GERMAN,1058
CAUCA,VILLA RICA,VOTOS EN BLANCO,198
CAUCA,VILLA RICA,VOTOS NULOS,351
CESAR,AGUACHICA,DE LA CALLE LOMBANA HUMBERTO,206
CESAR,AGUACHICA,DUQUE MARQUEZ IVAN,23840
CESAR,AGUACHICA,FAJARDO VALDERRAMA SERGIO,5716
CESAR,AGUACHICA,MORALES HOYOS VIVIANE ALEIDA,85
CESAR,AGUACHICA,PETRO URREGO GUSTAVO FRANCISCO,7312
CESAR,AGUACHICA,PROMOTORES VOTO EN BLANCO,52
CESAR,AGUACHICA,TARJETAS NO MARCADAS,79
CESAR,AGUACHICA,TRUJILLO SARMIENTO JORGE ANTONIO,107
CESAR,AGUACHICA,VARGAS LLERAS GERMAN,1604
CESAR,AGUACHICA,VOTOS EN BLANCO,409
CESAR,AGUACHICA,VOTOS NULOS,724
CESAR,AGUSTIN CODAZZI,DE LA CALLE LOMBANA HUMBERTO,139
CESAR,AGUSTIN CODAZZI,DUQUE MARQUEZ IVAN,9840
CESAR,AGUSTIN CODAZZI,FAJARDO VALDERRAMA SERGIO,1278
CESAR,AGUSTIN CODAZZI,MORALES HOYOS VIVIANE ALEIDA,49
CESAR,AGUSTIN CODAZZI,PETRO URREGO GUSTAVO FRANCISCO,7195
CESAR,AGUSTIN CODAZZI,PROMOTORES VOTO EN BLANCO,53
CESAR,AGUSTIN CODAZZI,TARJETAS NO MARCADAS,65
CESAR,AGUSTIN CODAZZI,TRUJILLO SARMIENTO JORGE ANTONIO,94
CESAR,AGUSTIN CODAZZI,VARGAS LLERAS GERMAN,2640
CESAR,AGUSTIN CODAZZI,VOTOS EN BLANCO,300
CESAR,AGUSTIN CODAZZI,VOTOS NULOS,313
CESAR,ASTREA,DE LA CALLE LOMBANA HUMBERTO,47
CESAR,ASTREA,DUQUE MARQUEZ IVAN,3898
CESAR,ASTREA,FAJARDO VALDERRAMA SERGIO,99
CESAR,ASTREA,MORALES HOYOS VIVIANE ALEIDA,14
CESAR,ASTREA,PETRO URREGO GUSTAVO FRANCISCO,2495
CESAR,ASTREA,PROMOTORES VOTO EN BLANCO,5
CESAR,ASTREA,TARJETAS NO MARCADAS,33
CESAR,ASTREA,TRUJILLO SARMIENTO JORGE ANTONIO,15
CESAR,ASTREA,VARGAS LLERAS GERMAN,524
CESAR,ASTREA,VOTOS EN BLANCO,61
CESAR,ASTREA,VOTOS NULOS,53
CESAR,BECERRIL,DE LA CALLE LOMBANA HUMBERTO,55
CESAR,BECERRIL,DUQUE MARQUEZ IVAN,1961
CESAR,BECERRIL,FAJARDO VALDERRAMA SERGIO,334
CESAR,BECERRIL,MORALES HOYOS VIVIANE ALEIDA,8
CESAR,BECERRIL,PETRO URREGO GUSTAVO FRANCISCO,3971
CESAR,BECERRIL,PROMOTORES VOTO EN BLANCO,11
CESAR,BECERRIL,TARJETAS NO MARCADAS,15
CESAR,BECERRIL,TRUJILLO SARMIENTO JORGE ANTONIO,32
CESAR,BECERRIL,VARGAS LLERAS GERMAN,817
CESAR,BECERRIL,VOTOS EN BLANCO,116
CESAR,BECERRIL,VOTOS NULOS,97
CESAR,BOSCONIA,DE LA CALLE LOMBANA HUMBERTO,82
CESAR,BOSCONIA,DUQUE MARQUEZ IVAN,6255
CESAR,BOSCONIA,FAJARDO VALDERRAMA SERGIO,398
CESAR,BOSCONIA,MORALES HOYOS VIVIANE ALEIDA,40
CESAR,BOSCONIA,PETRO URREGO GUSTAVO FRANCISCO,5425
CESAR,BOSCONIA,PROMOTORES VOTO EN BLANCO,16
CESAR,BOSCONIA,TARJETAS NO MARCADAS,45
CESAR,BOSCONIA,TRUJILLO SARMIENTO JORGE ANTONIO,39
CESAR,BOSCONIA,VARGAS LLERAS GERMAN,1307
CESAR,BOSCONIA,VOTOS EN BLANCO,140
CESAR,BOSCONIA,VOTOS NULOS,165
CESAR,CHIMICHAGUA,DE LA CALLE LOMBANA HUMBERTO,51
CESAR,CHIMICHAGUA,DUQUE MARQUEZ IVAN,5251
CESAR,CHIMICHAGUA,FAJARDO VALDERRAMA SERGIO,186
CESAR,CHIMICHAGUA,MORALES HOYOS VIVIANE ALEIDA,24
CESAR,CHIMICHAGUA,PETRO URREGO GUSTAVO FRANCISCO,3045
CESAR,CHIMICHAGUA,PROMOTORES VOTO EN BLANCO,10
CESAR,CHIMICHAGUA,TARJETAS NO MARCADAS,24
CESAR,CHIMICHAGUA,TRUJILLO SARMIENTO JORGE ANTONIO,44
CESAR,CHIMICHAGUA,VARGAS LLERAS GERMAN,1513
CESAR,CHIMICHAGUA,VOTOS EN BLANCO,85
CESAR,CHIMICHAGUA,VOTOS NULOS,78
CESAR,CHIRIGUANA,DE LA CALLE LOMBANA HUMBERTO,44
CESAR,CHIRIGUANA,DUQUE MARQUEZ IVAN,4186
CESAR,CHIRIGUANA,FAJARDO VALDERRAMA SERGIO,272
CESAR,CHIRIGUANA,MORALES HOYOS VIVIANE ALEIDA,22
CESAR,CHIRIGUANA,PETRO URREGO GUSTAVO FRANCISCO,4544
CESAR,CHIRIGUANA,PROMOTORES VOTO EN BLANCO,13
CESAR,CHIRIGUANA,TARJETAS NO MARCADAS,24
CESAR,CHIRIGUANA,TRUJILLO SARMIENTO JORGE ANTONIO,26
CESAR,CHIRIGUANA,VARGAS LLERAS GERMAN,960
CESAR,CHIRIGUANA,VOTOS EN BLANCO,89
CESAR,CHIRIGUANA,VOTOS NULOS,92
CESAR,CURUMANI,DE LA CALLE LOMBANA HUMBERTO,102
CESAR,CURUMANI,DUQUE MARQUEZ IVAN,5332
CESAR,CURUMANI,FAJARDO VALDERRAMA SERGIO,528
CESAR,CURUMANI,MORALES HOYOS VIVIANE ALEIDA,21
CESAR,CURUMANI,PETRO URREGO GUSTAVO FRANCISCO,4844
CESAR,CURUMANI,PROMOTORES VOTO EN BLANCO,24
CESAR,CURUMANI,TARJETAS NO MARCADAS,45
CESAR,CURUMANI,TRUJILLO SARMIENTO JORGE ANTONIO,65
CESAR,CURUMANI,VARGAS LLERAS GERMAN,1681
CESAR,CURUMANI,VOTOS EN BLANCO,190
CESAR,CURUMANI,VOTOS NULOS,203
CESAR,EL COPEY,DE LA CALLE LOMBANA HUMBERTO,59
CESAR,EL COPEY,DUQUE MARQUEZ IVAN,3845
CESAR,EL COPEY,FAJARDO VALDERRAMA SERGIO,229
CESAR,EL COPEY,MORALES HOYOS VIVIANE ALEIDA,21
CESAR,EL COPEY,PETRO URREGO GUSTAVO FRANCISCO,5168
CESAR,EL COPEY,PROMOTORES VOTO EN BLANCO,8
CESAR,EL COPEY,TARJETAS NO MARCADAS,30
CESAR,EL COPEY,TRUJILLO SARMIENTO JORGE ANTONIO,24
CESAR,EL COPEY,VARGAS LLERAS GERMAN,1395
CESAR,EL COPEY,VOTOS EN BLANCO,121
CESAR,EL COPEY,VOTOS NULOS,86
CESAR,EL PASO,DE LA CALLE LOMBANA HUMBERTO,72
CESAR,EL PASO,DUQUE MARQUEZ IVAN,2902
CESAR,EL PASO,FAJARDO VALDERRAMA SERGIO,232
CESAR,EL PASO,MORALES HOYOS VIVIANE ALEIDA,29
CESAR,EL PASO,PETRO URREGO GUSTAVO FRANCISCO,6987
CESAR,EL PASO,PROMOTORES VOTO EN BLANCO,16
CESAR,EL PASO,TARJETAS NO MARCADAS,27
CESAR,EL PASO,TRUJILLO SARMIENTO JORGE ANTONIO,36
CESAR,EL PASO,VARGAS LLERAS GERMAN,988
CESAR,EL PASO,VOTOS EN BLANCO,167
CESAR,EL PASO,VOTOS NULOS,171
CESAR,GAMARRA,DE LA CALLE LOMBANA HUMBERTO,57
CESAR,GAMARRA,DUQUE MARQUEZ IVAN,2607
CESAR,GAMARRA,FAJARDO VALDERRAMA SERGIO,384
CESAR,GAMARRA,MORALES HOYOS VIVIANE ALEIDA,10
CESAR,GAMARRA,PETRO URREGO GUSTAVO FRANCISCO,1003
CESAR,GAMARRA,PROMOTORES VOTO EN BLANCO,8
CESAR,GAMARRA,TARJETAS NO MARCADAS,11
CESAR,GAMARRA,TRUJILLO SARMIENTO JORGE ANTONIO,25
CESAR,GAMARRA,VARGAS LLERAS GERMAN,843
CESAR,GAMARRA,VOTOS EN BLANCO,41
CESAR,GAMARRA,VOTOS NULOS,39
CESAR,GONZALEZ,DE LA CALLE LOMBANA HUMBERTO,16
CESAR,GONZALEZ,DUQUE MARQUEZ IVAN,902
CESAR,GONZALEZ,FAJARDO VALDERRAMA SERGIO,184
CESAR,GONZALEZ,MORALES HOYOS VIVIANE ALEIDA,2
CESAR,GONZALEZ,PETRO URREGO GUSTAVO FRANCISCO,267
CESAR,GONZALEZ,PROMOTORES VOTO EN BLANCO,2
CESAR,GONZALEZ,TARJETAS NO MARCADAS,13
CESAR,GONZALEZ,TRUJILLO SARMIENTO JORGE ANTONIO,4
CESAR,GONZALEZ,VARGAS LLERAS GERMAN,167
CESAR,GONZALEZ,VOTOS EN BLANCO,43
CESAR,GONZALEZ,VOTOS NULOS,30
CESAR,LA GLORIA,DE LA CALLE LOMBANA HUMBERTO,56
CESAR,LA GLORIA,DUQUE MARQUEZ IVAN,2959
CESAR,LA GLORIA,FAJARDO VALDERRAMA SERGIO,313
CESAR,LA GLORIA,MORALES HOYOS VIVIANE ALEIDA,10
CESAR,LA GLORIA,PETRO URREGO GUSTAVO FRANCISCO,1634
CESAR,LA GLORIA,PROMOTORES VOTO EN BLANCO,5
CESAR,LA GLORIA,TARJETAS NO MARCADAS,9
CESAR,LA GLORIA,TRUJILLO SARMIENTO JORGE ANTONIO,11
CESAR,LA GLORIA,VARGAS LLERAS GERMAN,683
CESAR,LA GLORIA,VOTOS EN BLANCO,62
CESAR,LA GLORIA,VOTOS NULOS,62
CESAR,LA JAGUA DE IBIRICO,DE LA CALLE LOMBANA HUMBERTO,103
CESAR,LA JAGUA DE IBIRICO,DUQUE MARQUEZ IVAN,2931
CESAR,LA JAGUA DE IBIRICO,FAJARDO VALDERRAMA SERGIO,630
CESAR,LA JAGUA DE IBIRICO,MORALES HOYOS VIVIANE ALEIDA,29
CESAR,LA JAGUA DE IBIRICO,PETRO URREGO GUSTAVO FRANCISCO,8193
CESAR,LA JAGUA DE IBIRICO,PROMOTORES VOTO EN BLANCO,19
CESAR,LA JAGUA DE IBIRICO,TARJETAS NO MARCADAS,31
CESAR,LA JAGUA DE IBIRICO,TRUJILLO SARMIENTO JORGE ANTONIO,123
CESAR,LA JAGUA DE IBIRICO,VARGAS LLERAS GERMAN,2470
CESAR,LA JAGUA DE IBIRICO,VOTOS EN BLANCO,216
CESAR,LA JAGUA DE IBIRICO,VOTOS NULOS,258
CESAR,LA PAZ,DE LA CALLE LOMBANA HUMBERTO,78
CESAR,LA PAZ,DUQUE MARQUEZ IVAN,5130
CESAR,LA PAZ,FAJARDO VALDERRAMA SERGIO,389
CESAR,LA PAZ,MORALES HOYOS VIVIANE ALEIDA,20
CESAR,LA PAZ,PETRO URREGO GUSTAVO FRANCISCO,2493
CESAR,LA PAZ,PROMOTORES VOTO EN BLANCO,9
CESAR,LA PAZ,TARJETAS NO MARCADAS,15
CESAR,LA PAZ,TRUJILLO SARMIENTO JORGE ANTONIO,24
CESAR,LA PAZ,VARGAS LLERAS GERMAN,1301
CESAR,LA PAZ,VOTOS EN BLANCO,101
CESAR,LA PAZ,VOTOS NULOS,86
CESAR,MANAURE BALCON DEL CESAR,DE LA CALLE LOMBANA HUMBERTO,25
CESAR,MANAURE BALCON DEL CESAR,DUQUE MARQUEZ IVAN,1759
CESAR,MANAURE BALCON DEL CESAR,FAJARDO VALDERRAMA SERGIO,225
CESAR,MANAURE BALCON DEL CESAR,MORALES HOYOS VIVIANE ALEIDA,5
CESAR,MANAURE BALCON DEL CESAR,PETRO URREGO GUSTAVO FRANCISCO,1426
CESAR,MANAURE BALCON DEL CESAR,PROMOTORES VOTO EN BLANCO,7
CESAR,MANAURE BALCON DEL CESAR,TARJETAS NO MARCADAS,5
CESAR,MANAURE BALCON DEL CESAR,TRUJILLO SARMIENTO JORGE ANTONIO,15
CESAR,MANAURE BALCON DEL CESAR,VARGAS LLERAS GERMAN,546
CESAR,MANAURE BALCON DEL CESAR,VOTOS EN BLANCO,33
CESAR,MANAURE BALCON DEL CESAR,VOTOS NULOS,31
CESAR,PAILITAS,DE LA CALLE LOMBANA HUMBERTO,82
CESAR,PAILITAS,DUQUE MARQUEZ IVAN,2899
CESAR,PAILITAS,FAJARDO VALDERRAMA SERGIO,384
CESAR,PAILITAS,MORALES HOYOS VIVIANE ALEIDA,11
CESAR,PAILITAS,PETRO URREGO GUSTAVO FRANCISCO,2032
CESAR,PAILITAS,PROMOTORES VOTO EN BLANCO,94
CESAR,PAILITAS,TARJETAS NO MARCADAS,26
CESAR,PAILITAS,TRUJILLO SARMIENTO JORGE ANTONIO,69
CESAR,PAILITAS,VARGAS LLERAS GERMAN,1224
CESAR,PAILITAS,VOTOS EN BLANCO,75
CESAR,PAILITAS,VOTOS NULOS,112
CESAR,PELAYA,DE LA CALLE LOMBANA HUMBERTO,47
CESAR,PELAYA,DUQUE MARQUEZ IVAN,4098
CESAR,PELAYA,FAJARDO VALDERRAMA SERGIO,329
CESAR,PELAYA,MORALES HOYOS VIVIANE ALEIDA,17
CESAR,PELAYA,PETRO URREGO GUSTAVO FRANCISCO,1548
CESAR,PELAYA,PROMOTORES VOTO EN BLANCO,7
CESAR,PELAYA,TARJETAS NO MARCADAS,21
CESAR,PELAYA,TRUJILLO SARMIENTO JORGE ANTONIO,22
CESAR,PELAYA,VARGAS LLERAS GERMAN,719
CESAR,PELAYA,VOTOS EN BLANCO,64
CESAR,PELAYA,VOTOS NULOS,96
CESAR,PUEBLO BELLO,DE LA CALLE LOMBANA HUMBERTO,51
CESAR,PUEBLO BELLO,DUQUE MARQUEZ IVAN,2054
CESAR,PUEBLO BELLO,FAJARDO VALDERRAMA SERGIO,249
CESAR,PUEBLO BELLO,MORALES HOYOS VIVIANE ALEIDA,22
CESAR,PUEBLO BELLO,PETRO URREGO GUSTAVO FRANCISCO,2473
CESAR,PUEBLO BELLO,PROMOTORES VOTO EN BLANCO,10
CESAR,PUEBLO BELLO,TARJETAS NO MARCADAS,44
CESAR,PUEBLO BELLO,TRUJILLO SARMIENTO JORGE ANTONIO,41
CESAR,PUEBLO BELLO,VARGAS LLERAS GERMAN,815
CESAR,PUEBLO BELLO,VOTOS EN BLANCO,74
CESAR,PUEBLO BELLO,VOTOS NULOS,80
CESAR,RIO DE ORO,DE LA CALLE LOMBANA HUMBERTO,51
CESAR,RIO DE ORO,DUQUE MARQUEZ IVAN,4900
CESAR,RIO DE ORO,FAJARDO VALDERRAMA SERGIO,1017
CESAR,RIO DE ORO,MORALES HOYOS VIVIANE ALEIDA,16
CESAR,RIO DE ORO,PETRO URREGO GUSTAVO FRANCISCO,1287
CESAR,RIO DE ORO,PROMOTORES VOTO EN BLANCO,10
CESAR,RIO DE ORO,TARJETAS NO MARCADAS,24
CESAR,RIO DE ORO,TRUJILLO SARMIENTO JORGE ANTONIO,11
CESAR,RIO DE ORO,VARGAS LLERAS GERMAN,732
CESAR,RIO DE ORO,VOTOS EN BLANCO,71
CESAR,RIO DE ORO,VOTOS NULOS,72
CESAR,SAN ALBERTO,DE LA CALLE LOMBANA HUMBERTO,86
CESAR,SAN ALBERTO,DUQUE MARQUEZ IVAN,4693
CESAR,SAN ALBERTO,FAJARDO VALDERRAMA SERGIO,1210
CESAR,SAN ALBERTO,MORALES HOYOS VIVIANE ALEIDA,17
CESAR,SAN ALBERTO,PETRO URREGO GUSTAVO FRANCISCO,3026
CESAR,SAN ALBERTO,PROMOTORES VOTO EN BLANCO,14
CESAR,SAN ALBERTO,TARJETAS NO MARCADAS,45
CESAR,SAN ALBERTO,TRUJILLO SARMIENTO JORGE ANTONIO,29
CESAR,SAN ALBERTO,VARGAS LLERAS GERMAN,670
CESAR,SAN ALBERTO,VOTOS EN BLANCO,182
CESAR,SAN ALBERTO,VOTOS NULOS,177
CESAR,SAN DIEGO,DE LA CALLE LOMBANA HUMBERTO,66
CESAR,SAN DIEGO,DUQUE MARQUEZ IVAN,3354
CESAR,SAN DIEGO,FAJARDO VALDERRAMA SERGIO,296
CESAR,SAN DIEGO,MORALES HOYOS VIVIANE ALEIDA,38
CESAR,SAN DIEGO,PETRO URREGO GUSTAVO FRANCISCO,2037
CESAR,SAN DIEGO,PROMOTORES VOTO EN BLANCO,3
CESAR,SAN DIEGO,TARJETAS NO MARCADAS,17
CESAR,SAN DIEGO,TRUJILLO SARMIENTO JORGE ANTONIO,28
CESAR,SAN DIEGO,VARGAS LLERAS GERMAN,1400
CESAR,SAN DIEGO,VOTOS EN BLANCO,89
CESAR,SAN DIEGO,VOTOS NULOS,80
CESAR,SAN MARTIN,DE LA CALLE LOMBANA HUMBERTO,56
CESAR,SAN MARTIN,DUQUE MARQUEZ IVAN,5066
CESAR,SAN MARTIN,FAJARDO VALDERRAMA SERGIO,1178
CESAR,SAN MARTIN,MORALES HOYOS VIVIANE ALEIDA,20
CESAR,SAN MARTIN,PETRO URREGO GUSTAVO FRANCISCO,2450
CESAR,SAN MARTIN,PROMOTORES VOTO EN BLANCO,9
CESAR,SAN MARTIN,TARJETAS NO MARCADAS,44
CESAR,SAN MARTIN,TRUJILLO SARMIENTO JORGE ANTONIO,30
CESAR,SAN MARTIN,VARGAS LLERAS GERMAN,554
CESAR,SAN MARTIN,VOTOS EN BLANCO,126
CESAR,SAN MARTIN,VOTOS NULOS,201
CESAR,TAMALAMEQUE,DE LA CALLE LOMBANA HUMBERTO,47
CESAR,TAMALAMEQUE,DUQUE MARQUEZ IVAN,1744
CESAR,TAMALAMEQUE,FAJARDO VALDERRAMA SERGIO,117
CESAR,TAMALAMEQUE,MORALES HOYOS VIVIANE ALEIDA,13
CESAR,TAMALAMEQUE,PETRO URREGO GUSTAVO FRANCISCO,1840
CESAR,TAMALAMEQUE,PROMOTORES VOTO EN BLANCO,1
CESAR,TAMALAMEQUE,TARJETAS NO MARCADAS,3
CESAR,TAMALAMEQUE,TRUJILLO SARMIENTO JORGE ANTONIO,5
CESAR,TAMALAMEQUE,VARGAS LLERAS GERMAN,788
CESAR,TAMALAMEQUE,VOTOS EN BLANCO,40
CESAR,TAMALAMEQUE,VOTOS NULOS,39
CESAR,VALLEDUPAR,DE LA CALLE LOMBANA HUMBERTO,1384
CESAR,VALLEDUPAR,DUQUE MARQUEZ IVAN,60454
CESAR,VALLEDUPAR,FAJARDO VALDERRAMA SERGIO,12864
CESAR,VALLEDUPAR,MORALES HOYOS VIVIANE ALEIDA,184
CESAR,VALLEDUPAR,PETRO URREGO GUSTAVO FRANCISCO,58372
CESAR,VALLEDUPAR,PROMOTORES VOTO EN BLANCO,186
CESAR,VALLEDUPAR,TARJETAS NO MARCADAS,210
CESAR,VALLEDUPAR,TRUJILLO SARMIENTO JORGE ANTONIO,904
CESAR,VALLEDUPAR,VARGAS LLERAS GERMAN,13296
CESAR,VALLEDUPAR,VOTOS EN BLANCO,2457
CESAR,VALLEDUPAR,VOTOS NULOS,1807
CHOCO,ACANDI,DE LA CALLE LOMBANA HUMBERTO,75
CHOCO,ACANDI,DUQUE MARQUEZ IVAN,1601
CHOCO,ACANDI,FAJARDO VALDERRAMA SERGIO,100
CHOCO,ACANDI,MORALES HOYOS VIVIANE ALEIDA,10
CHOCO,ACANDI,PETRO URREGO GUSTAVO FRANCISCO,872
CHOCO,ACANDI,PROMOTORES VOTO EN BLANCO,1
CHOCO,ACANDI,TARJETAS NO MARCADAS,21
CHOCO,ACANDI,TRUJILLO SARMIENTO JORGE ANTONIO,10
CHOCO,ACANDI,VARGAS LLERAS GERMAN,516
CHOCO,ACANDI,VOTOS EN BLANCO,76
CHOCO,ACANDI,VOTOS NULOS,37
CHOCO,ALTO BAUDO,DE LA CALLE LOMBANA HUMBERTO,26
CHOCO,ALTO BAUDO,DUQUE MARQUEZ IVAN,156
CHOCO,ALTO BAUDO,FAJARDO VALDERRAMA SERGIO,47
CHOCO,ALTO BAUDO,MORALES HOYOS VIVIANE ALEIDA,2
CHOCO,ALTO BAUDO,PETRO URREGO GUSTAVO FRANCISCO,2350
CHOCO,ALTO BAUDO,PROMOTORES VOTO EN BLANCO,1
CHOCO,ALTO BAUDO,TARJETAS NO MARCADAS,9
CHOCO,ALTO BAUDO,TRUJILLO SARMIENTO JORGE ANTONIO,3
CHOCO,ALTO BAUDO,VARGAS LLERAS GERMAN,1961
CHOCO,ALTO BAUDO,VOTOS EN BLANCO,9
CHOCO,ALTO BAUDO,VOTOS NULOS,18
CHOCO,ATRATO,DE LA CALLE LOMBANA HUMBERTO,97
CHOCO,ATRATO,DUQUE MARQUEZ IVAN,770
CHOCO,ATRATO,FAJARDO VALDERRAMA SERGIO,67
CHOCO,ATRATO,MORALES HOYOS VIVIANE ALEIDA,8
CHOCO,ATRATO,PETRO URREGO GUSTAVO FRANCISCO,1543
CHOCO,ATRATO,PROMOTORES VOTO EN BLANCO,15
CHOCO,ATRATO,TARJETAS NO MARCADAS,16
CHOCO,ATRATO,TRUJILLO SARMIENTO JORGE ANTONIO,12
CHOCO,ATRATO,VARGAS LLERAS GERMAN,582
CHOCO,ATRATO,VOTOS EN BLANCO,43
CHOCO,ATRATO,VOTOS NULOS,105
CHOCO,BAGADO,DE LA CALLE LOMBANA HUMBERTO,151
CHOCO,BAGADO,DUQUE MARQUEZ IVAN,355
CHOCO,BAGADO,FAJARDO VALDERRAMA SERGIO,19
CHOCO,BAGADO,MORALES HOYOS VIVIANE ALEIDA,65
CHOCO,BAGADO,PETRO URREGO GUSTAVO FRANCISCO,818
CHOCO,BAGADO,PROMOTORES VOTO EN BLANCO,2
CHOCO,BAGADO,TARJETAS NO MARCADAS,7
CHOCO,BAGADO,TRUJILLO SARMIENTO JORGE ANTONIO,3
CHOCO,BAGADO,VARGAS LLERAS GERMAN,961
CHOCO,BAGADO,VOTOS EN BLANCO,11
CHOCO,BAGADO,VOTOS NULOS,35
CHOCO,BAHIA SOLANO,DE LA CALLE LOMBANA HUMBERTO,60
CHOCO,BAHIA SOLANO,DUQUE MARQUEZ IVAN,763
CHOCO,BAHIA SOLANO,FAJARDO VALDERRAMA SERGIO,140
CHOCO,BAHIA SOLANO,MORALES HOYOS VIVIANE ALEIDA,4
CHOCO,BAHIA SOLANO,PETRO URREGO GUSTAVO FRANCISCO,788
CHOCO,BAHIA SOLANO,PROMOTORES VOTO EN BLANCO,7
CHOCO,BAHIA SOLANO,TARJETAS NO MARCADAS,14
CHOCO,BAHIA SOLANO,TRUJILLO SARMIENTO JORGE ANTONIO,8
CHOCO,BAHIA SOLANO,VARGAS LLERAS GERMAN,1126
CHOCO,BAHIA SOLANO,VOTOS EN BLANCO,59
CHOCO,BAHIA SOLANO,VOTOS NULOS,45
CHOCO,BAJO BAUDO,DE LA CALLE LOMBANA HUMBERTO,108
CHOCO,BAJO BAUDO,DUQUE MARQUEZ IVAN,704
CHOCO,BAJO BAUDO,FAJARDO VALDERRAMA SERGIO,41
CHOCO,BAJO BAUDO,MORALES HOYOS VIVIANE ALEIDA,11
CHOCO,BAJO BAUDO,PETRO URREGO GUSTAVO FRANCISCO,872
CHOCO,BAJO BAUDO,PROMOTORES VOTO EN BLANCO,1
CHOCO,BAJO BAUDO,TARJETAS NO MARCADAS,21
CHOCO,BAJO BAUDO,TRUJILLO SARMIENTO JORGE ANTONIO,16
CHOCO,BAJO BAUDO,VARGAS LLERAS GERMAN,1410
CHOCO,BAJO BAUDO,VOTOS EN BLANCO,34
CHOCO,BAJO BAUDO,VOTOS NULOS,36
CHOCO,BOJAYA,DE LA CALLE LOMBANA HUMBERTO,42
CHOCO,BOJAYA,DUQUE MARQUEZ IVAN,242
CHOCO,BOJAYA,FAJARDO VALDERRAMA SERGIO,39
CHOCO,BOJAYA,MORALES HOYOS VIVIANE ALEIDA,10
CHOCO,BOJAYA,PETRO URREGO GUSTAVO FRANCISCO,847
CHOCO,BOJAYA,PROMOTORES VOTO EN BLANCO,1
CHOCO,BOJAYA,TARJETAS NO MARCADAS,8
CHOCO,BOJAYA,TRUJILLO SARMIENTO JORGE ANTONIO,1
CHOCO,BOJAYA,VARGAS LLERAS GERMAN,482
CHOCO,BOJAYA,VOTOS EN BLANCO,12
CHOCO,BOJAYA,VOTOS NULOS,6
CHOCO,CARMEN DEL DARIEN,DE LA CALLE LOMBANA HUMBERTO,40
CHOCO,CARMEN DEL DARIEN,DUQUE MARQUEZ IVAN,289
CHOCO,CARMEN DEL DARIEN,FAJARDO VALDERRAMA SERGIO,47
CHOCO,CARMEN DEL DARIEN,MORALES HOYOS VIVIANE ALEIDA,13
CHOCO,CARMEN DEL DARIEN,PETRO URREGO GUSTAVO FRANCISCO,1369
CHOCO,CARMEN DEL DARIEN,PROMOTORES VOTO EN BLANCO,2
CHOCO,CARMEN DEL DARIEN,TARJETAS NO MARCADAS,12
CHOCO,CARMEN DEL DARIEN,TRUJILLO SARMIENTO JORGE ANTONIO,12
CHOCO,CARMEN DEL DARIEN,VARGAS LLERAS GERMAN,249
CHOCO,CARMEN DEL DARIEN,VOTOS EN BLANCO,15
CHOCO,CARMEN DEL DARIEN,VOTOS NULOS,19
CHOCO,CERTEGUI,DE LA CALLE LOMBANA HUMBERTO,51
CHOCO,CERTEGUI,DUQUE MARQUEZ IVAN,643
CHOCO,CERTEGUI,FAJARDO VALDERRAMA SERGIO,36
CHOCO,CERTEGUI,MORALES HOYOS VIVIANE ALEIDA,9
CHOCO,CERTEGUI,PETRO URREGO GUSTAVO FRANCISCO,644
CHOCO,CERTEGUI,PROMOTORES VOTO EN BLANCO,1
CHOCO,CERTEGUI,TARJETAS NO MARCADAS,10
CHOCO,CERTEGUI,TRUJILLO SARMIENTO JORGE ANTONIO,8
CHOCO,CERTEGUI,VARGAS LLERAS GERMAN,541
CHOCO,CERTEGUI,VOTOS EN BLANCO,15
CHOCO,CERTEGUI,VOTOS NULOS,53
CHOCO,CONDOTO,DE LA CALLE LOMBANA HUMBERTO,98
CHOCO,CONDOTO,DUQUE MARQUEZ IVAN,1149
CHOCO,CONDOTO,FAJARDO VALDERRAMA SERGIO,74
CHOCO,CONDOTO,MORALES HOYOS VIVIANE ALEIDA,8
CHOCO,CONDOTO,PETRO URREGO GUSTAVO FRANCISCO,1887
CHOCO,CONDOTO,PROMOTORES VOTO EN BLANCO,11
CHOCO,CONDOTO,TARJETAS NO MARCADAS,33
CHOCO,CONDOTO,TRUJILLO SARMIENTO JORGE ANTONIO,15
CHOCO,CONDOTO,VARGAS LLERAS GERMAN,367
CHOCO,CONDOTO,VOTOS EN BLANCO,78
CHOCO,CONDOTO,VOTOS NULOS,156
CHOCO,EL CANTON DEL SAN PABLO,DE LA CALLE LOMBANA HUMBERTO,36
CHOCO,EL CANTON DEL SAN PABLO,DUQUE MARQUEZ IVAN,492
CHOCO,EL CANTON DEL SAN PABLO,FAJARDO VALDERRAMA SERGIO,47
CHOCO,EL CANTON DEL SAN PABLO,MORALES HOYOS VIVIANE ALEIDA,6
CHOCO,EL CANTON DEL SAN PABLO,PETRO URREGO GUSTAVO FRANCISCO,578
CHOCO,EL CANTON DEL SAN PABLO,PROMOTORES VOTO EN BLANCO,7
CHOCO,EL CANTON DEL SAN PABLO,TARJETAS NO MARCADAS,13
CHOCO,EL CANTON DEL SAN PABLO,TRUJILLO SARMIENTO JORGE ANTONIO,13
CHOCO,EL CANTON DEL SAN PABLO,VARGAS LLERAS GERMAN,705
CHOCO,EL CANTON DEL SAN PABLO,VOTOS EN BLANCO,36
CHOCO,EL CANTON DEL SAN PABLO,VOTOS NULOS,68
CHOCO,EL CARMEN DE ATRATO,DE LA CALLE LOMBANA HUMBERTO,64
CHOCO,EL CARMEN DE ATRATO,DUQUE MARQUEZ IVAN,1604
CHOCO,EL CARMEN DE ATRATO,FAJARDO VALDERRAMA SERGIO,461
CHOCO,EL CARMEN DE ATRATO,MORALES HOYOS VIVIANE ALEIDA,5
CHOCO,EL CARMEN DE ATRATO,PETRO URREGO GUSTAVO FRANCISCO,369
CHOCO,EL CARMEN DE ATRATO,PROMOTORES VOTO EN BLANCO,8
CHOCO,EL CARMEN DE ATRATO,TARJETAS NO MARCADAS,14
CHOCO,EL CARMEN DE ATRATO,TRUJILLO SARMIENTO JORGE ANTONIO,9
CHOCO,EL CARMEN DE ATRATO,VARGAS LLERAS GERMAN,124
CHOCO,EL CARMEN DE ATRATO,VOTOS EN BLANCO,70
CHOCO,EL CARMEN DE ATRATO,VOTOS NULOS,42
CHOCO,EL LITORAL DEL SAN JUAN,DE LA CALLE LOMBANA HUMBERTO,56
CHOCO,EL LITORAL DEL SAN JUAN,DUQUE MARQUEZ IVAN,131
CHOCO,EL LITORAL DEL SAN JUAN,FAJARDO VALDERRAMA SERGIO,37
CHOCO,EL LITORAL DEL SAN JUAN,MORALES HOYOS VIVIANE ALEIDA,5
CHOCO,EL LITORAL DEL SAN JUAN,PETRO URREGO GUSTAVO FRANCISCO,2052
CHOCO,EL LITORAL DEL SAN JUAN,PROMOTORES VOTO EN BLANCO,2
CHOCO,EL LITORAL DEL SAN JUAN,TARJETAS NO MARCADAS,8
CHOCO,EL LITORAL DEL SAN JUAN,TRUJILLO SARMIENTO JORGE ANTONIO,12
CHOCO,EL LITORAL DEL SAN JUAN,VARGAS LLERAS GERMAN,239
CHOCO,EL LITORAL DEL SAN JUAN,VOTOS EN BLANCO,13
CHOCO,EL LITORAL DEL SAN JUAN,VOTOS NULOS,15
CHOCO,ISTMINA,DE LA CALLE LOMBANA HUMBERTO,200
CHOCO,ISTMINA,DUQUE MARQUEZ IVAN,2262
CHOCO,ISTMINA,FAJARDO VALDERRAMA SERGIO,293
CHOCO,ISTMINA,MORALES HOYOS VIVIANE ALEIDA,23
CHOCO,ISTMINA,PETRO URREGO GUSTAVO FRANCISCO,4024
CHOCO,ISTMINA,PROMOTORES VOTO EN BLANCO,17
CHOCO,ISTMINA,TARJETAS NO MARCADAS,73
CHOCO,ISTMINA,TRUJILLO SARMIENTO JORGE ANTONIO,79
CHOCO,ISTMINA,VARGAS LLERAS GERMAN,842
CHOCO,ISTMINA,VOTOS EN BLANCO,236
CHOCO,ISTMINA,VOTOS NULOS,248
CHOCO,JURADO,DE LA CALLE LOMBANA HUMBERTO,12
CHOCO,JURADO,DUQUE MARQUEZ IVAN,210
CHOCO,JURADO,FAJARDO VALDERRAMA SERGIO,16
CHOCO,JURADO,MORALES HOYOS VIVIANE ALEIDA,3
CHOCO,JURADO,PETRO URREGO GUSTAVO FRANCISCO,257
CHOCO,JURADO,PROMOTORES VOTO EN BLANCO,2
CHOCO,JURADO,TARJETAS NO MARCADAS,4
CHOCO,JURADO,TRUJILLO SARMIENTO JORGE ANTONIO,2
CHOCO,JURADO,VARGAS LLERAS GERMAN,213
CHOCO,JURADO,VOTOS EN BLANCO,9
CHOCO,JURADO,VOTOS NULOS,4
CHOCO,LLORO,DE LA CALLE LOMBANA HUMBERTO,111
CHOCO,LLORO,DUQUE MARQUEZ IVAN,1147
CHOCO,LLORO,FAJARDO VALDERRAMA SERGIO,57
CHOCO,LLORO,MORALES HOYOS VIVIANE ALEIDA,11
CHOCO,LLORO,PETRO URREGO GUSTAVO FRANCISCO,801
CHOCO,LLORO,PROMOTORES VOTO EN BLANCO,2
CHOCO,LLORO,TARJETAS NO MARCADAS,59
CHOCO,LLORO,TRUJILLO SARMIENTO JORGE ANTONIO,14
CHOCO,LLORO,VARGAS LLERAS GERMAN,914
CHOCO,LLORO,VOTOS EN BLANCO,30
CHOCO,LLORO,VOTOS NULOS,107
CHOCO,MEDIO ATRATO,DE LA CALLE LOMBANA HUMBERTO,222
CHOCO,MEDIO ATRATO,DUQUE MARQUEZ IVAN,262
CHOCO,MEDIO ATRATO,FAJARDO VALDERRAMA SERGIO,19
CHOCO,MEDIO ATRATO,MORALES HOYOS VIVIANE ALEIDA,6
CHOCO,MEDIO ATRATO,PETRO URREGO GUSTAVO FRANCISCO,819
CHOCO,MEDIO ATRATO,PROMOTORES VOTO EN BLANCO,2
CHOCO,MEDIO ATRATO,TARJETAS NO MARCADAS,7
CHOCO,MEDIO ATRATO,TRUJILLO SARMIENTO JORGE ANTONIO,7
CHOCO,MEDIO ATRATO,VARGAS LLERAS GERMAN,697
CHOCO,MEDIO ATRATO,VOTOS EN BLANCO,17
CHOCO,MEDIO ATRATO,VOTOS NULOS,38
CHOCO,MEDIO BAUDO,DE LA CALLE LOMBANA HUMBERTO,38
CHOCO,MEDIO BAUDO,DUQUE MARQUEZ IVAN,430
CHOCO,MEDIO BAUDO,FAJARDO VALDERRAMA SERGIO,24
CHOCO,MEDIO BAUDO,MORALES HOYOS VIVIANE ALEIDA,4
CHOCO,MEDIO BAUDO,PETRO URREGO GUSTAVO FRANCISCO,705
CHOCO,MEDIO BAUDO,PROMOTORES VOTO EN BLANCO,7
CHOCO,MEDIO BAUDO,TARJETAS NO MARCADAS,8
CHOCO,MEDIO BAUDO,TRUJILLO SARMIENTO JORGE ANTONIO,4
CHOCO,MEDIO BAUDO,VARGAS LLERAS GERMAN,2121
CHOCO,MEDIO BAUDO,VOTOS EN BLANCO,13
CHOCO,MEDIO BAUDO,VOTOS NULOS,24
CHOCO,MEDIO SAN JUAN,DE LA CALLE LOMBANA HUMBERTO,54
CHOCO,MEDIO SAN JUAN,DUQUE MARQUEZ IVAN,362
CHOCO,MEDIO SAN JUAN,FAJARDO VALDERRAMA SERGIO,46
CHOCO,MEDIO SAN JUAN,MORALES HOYOS VIVIANE ALEIDA,9
CHOCO,MEDIO SAN JUAN,PETRO URREGO GUSTAVO FRANCISCO,1846
CHOCO,MEDIO SAN JUAN,PROMOTORES VOTO EN BLANCO,7
CHOCO,MEDIO SAN JUAN,TARJETAS NO MARCADAS,43
CHOCO,MEDIO SAN JUAN,TRUJILLO SARMIENTO JORGE ANTONIO,25
CHOCO,MEDIO SAN JUAN,VARGAS LLERAS GERMAN,540
CHOCO,MEDIO SAN JUAN,VOTOS EN BLANCO,45
CHOCO,MEDIO SAN JUAN,VOTOS NULOS,63
CHOCO,NOVITA,DE LA CALLE LOMBANA HUMBERTO,56
CHOCO,NOVITA,DUQUE MARQUEZ IVAN,869
CHOCO,NOVITA,FAJARDO VALDERRAMA SERGIO,28
CHOCO,NOVITA,MORALES HOYOS VIVIANE ALEIDA,7
CHOCO,NOVITA,PETRO URREGO GUSTAVO FRANCISCO,478
CHOCO,NOVITA,PROMOTORES VOTO EN BLANCO,5
CHOCO,NOVITA,TARJETAS NO MARCADAS,30
CHOCO,NOVITA,TRUJILLO SARMIENTO JORGE ANTONIO,14
CHOCO,NOVITA,VARGAS LLERAS GERMAN,339
CHOCO,NOVITA,VOTOS EN BLANCO,42
CHOCO,NOVITA,VOTOS NULOS,97
CHOCO,NUQUI,DE LA CALLE LOMBANA HUMBERTO,68
CHOCO,NUQUI,DUQUE MARQUEZ IVAN,279
CHOCO,NUQUI,FAJARDO VALDERRAMA SERGIO,62
CHOCO,NUQUI,MORALES HOYOS VIVIANE ALEIDA,6
CHOCO,NUQUI,PETRO URREGO GUSTAVO FRANCISCO,755
CHOCO,NUQUI,TARJETAS NO MARCADAS,26
CHOCO,NUQUI,TRUJILLO SARMIENTO JORGE ANTONIO,13
CHOCO,NUQUI,VARGAS LLERAS GERMAN,274
CHOCO,NUQUI,VOTOS EN BLANCO,41
CHOCO,NUQUI,VOTOS NULOS,17
CHOCO,QUIBDO,DE LA CALLE LOMBANA HUMBERTO,1506
CHOCO,QUIBDO,DUQUE MARQUEZ IVAN,8406
CHOCO,QUIBDO,FAJARDO VALDERRAMA SERGIO,1344
CHOCO,QUIBDO,MORALES HOYOS VIVIANE ALEIDA,87
CHOCO,QUIBDO,PETRO URREGO GUSTAVO FRANCISCO,16239
CHOCO,QUIBDO,PROMOTORES VOTO EN BLANCO,77
CHOCO,QUIBDO,TARJETAS NO MARCADAS,153
CHOCO,QUIBDO,TRUJILLO SARMIENTO JORGE ANTONIO,152
CHOCO,QUIBDO,VARGAS LLERAS GERMAN,5516
CHOCO,QUIBDO,VOTOS EN BLANCO,806
CHOCO,QUIBDO,VOTOS NULOS,1213
CHOCO,RIO IRO,DE LA CALLE LOMBANA HUMBERTO,27
CHOCO,RIO IRO,DUQUE MARQUEZ IVAN,540
CHOCO,RIO IRO,FAJARDO VALDERRAMA SERGIO,12
CHOCO,RIO IRO,MORALES HOYOS VIVIANE ALEIDA,4
CHOCO,RIO IRO,PETRO URREGO GUSTAVO FRANCISCO,461
CHOCO,RIO IRO,PROMOTORES VOTO EN BLANCO,2
CHOCO,RIO IRO,TARJETAS NO MARCADAS,11
CHOCO,RIO IRO,TRUJILLO SARMIENTO JORGE ANTONIO,5
CHOCO,RIO IRO,VARGAS LLERAS GERMAN,518
CHOCO,RIO IRO,VOTOS EN BLANCO,17
CHOCO,RIO IRO,VOTOS NULOS,36
CHOCO,RIO QUITO,DE LA CALLE LOMBANA HUMBERTO,80
CHOCO,RIO QUITO,DUQUE MARQUEZ IVAN,893
CHOCO,RIO QUITO,FAJARDO VALDERRAMA SERGIO,72
CHOCO,RIO QUITO,MORALES HOYOS VIVIANE ALEIDA,9
CHOCO,RIO QUITO,PETRO URREGO GUSTAVO FRANCISCO,1270
CHOCO,RIO QUITO,PROMOTORES VOTO EN BLANCO,8
CHOCO,RIO QUITO,TARJETAS NO MARCADAS,19
CHOCO,RIO QUITO,TRUJILLO SARMIENTO JORGE ANTONIO,11
CHOCO,RIO QUITO,VARGAS LLERAS GERMAN,790
CHOCO,RIO QUITO,VOTOS EN BLANCO,28
CHOCO,RIO QUITO,VOTOS NULOS,90
CHOCO,RIOSUCIO,DE LA CALLE LOMBANA HUMBERTO,183
CHOCO,RIOSUCIO,DUQUE MARQUEZ IVAN,1381
CHOCO,RIOSUCIO,FAJARDO VALDERRAMA SERGIO,158
CHOCO,RIOSUCIO,MORALES HOYOS VIVIANE ALEIDA,19
CHOCO,RIOSUCIO,PETRO URREGO GUSTAVO FRANCISCO,3139
CHOCO,RIOSUCIO,PROMOTORES VOTO EN BLANCO,17
CHOCO,RIOSUCIO,TARJETAS NO MARCADAS,46
CHOCO,RIOSUCIO,TRUJILLO SARMIENTO JORGE ANTONIO,26
CHOCO,RIOSUCIO,VARGAS LLERAS GERMAN,785
CHOCO,RIOSUCIO,VOTOS EN BLANCO,94
CHOCO,RIOSUCIO,VOTOS NULOS,95
CHOCO,SAN JOSE DEL PALMAR,DE LA CALLE LOMBANA HUMBERTO,21
CHOCO,SAN JOSE DEL PALMAR,DUQUE MARQUEZ IVAN,312
CHOCO,SAN JOSE DEL PALMAR,FAJARDO VALDERRAMA SERGIO,148
CHOCO,SAN JOSE DEL PALMAR,MORALES HOYOS VIVIANE ALEIDA,5
CHOCO,SAN JOSE DEL PALMAR,PETRO URREGO GUSTAVO FRANCISCO,330
CHOCO,SAN JOSE DEL PALMAR,PROMOTORES VOTO EN BLANCO,3
CHOCO,SAN JOSE DEL PALMAR,TARJETAS NO MARCADAS,15
CHOCO,SAN JOSE DEL PALMAR,TRUJILLO SARMIENTO JORGE ANTONIO,9
CHOCO,SAN JOSE DEL PALMAR,VARGAS LLERAS GERMAN,290
CHOCO,SAN JOSE DEL PALMAR,VOTOS EN BLANCO,36
CHOCO,SAN JOSE DEL PALMAR,VOTOS NULOS,22
CHOCO,SIPI,DE LA CALLE LOMBANA HUMBERTO,7
CHOCO,SIPI,DUQUE MARQUEZ IVAN,78
CHOCO,SIPI,FAJARDO VALDERRAMA SERGIO,3
CHOCO,SIPI,MORALES HOYOS VIVIANE ALEIDA,3
CHOCO,SIPI,PETRO URREGO GUSTAVO FRANCISCO,591
CHOCO,SIPI,PROMOTORES VOTO EN BLANCO,1
CHOCO,SIPI,TARJETAS NO MARCADAS,9
CHOCO,SIPI,TRUJILLO SARMIENTO JORGE ANTONIO,8
CHOCO,SIPI,VARGAS LLERAS GERMAN,95
CHOCO,SIPI,VOTOS EN BLANCO,15
CHOCO,SIPI,VOTOS NULOS,11
CHOCO,TADO,DE LA CALLE LOMBANA HUMBERTO,154
CHOCO,TADO,DUQUE MARQUEZ IVAN,1800
CHOCO,TADO,FAJARDO VALDERRAMA SERGIO,81
CHOCO,TADO,MORALES HOYOS VIVIANE ALEIDA,23
CHOCO,TADO,PETRO URREGO GUSTAVO FRANCISCO,1635
CHOCO,TADO,PROMOTORES VOTO EN BLANCO,13
CHOCO,TADO,TARJETAS NO MARCADAS,59
CHOCO,TADO,TRUJILLO SARMIENTO JORGE ANTONIO,21
CHOCO,TADO,VARGAS LLERAS GERMAN,1099
CHOCO,TADO,VOTOS EN BLANCO,81
CHOCO,TADO,VOTOS NULOS,243
CHOCO,UNGUIA,DE LA CALLE LOMBANA HUMBERTO,80
CHOCO,UNGUIA,DUQUE MARQUEZ IVAN,1152
CHOCO,UNGUIA,FAJARDO VALDERRAMA SERGIO,166
CHOCO,UNGUIA,MORALES HOYOS VIVIANE ALEIDA,10
CHOCO,UNGUIA,PETRO URREGO GUSTAVO FRANCISCO,940
CHOCO,UNGUIA,PROMOTORES VOTO EN BLANCO,7
CHOCO,UNGUIA,TARJETAS NO MARCADAS,13
CHOCO,UNGUIA,TRUJILLO SARMIENTO JORGE ANTONIO,12
CHOCO,UNGUIA,VARGAS LLERAS GERMAN,303
CHOCO,UNGUIA,VOTOS EN BLANCO,36
CHOCO,UNGUIA,VOTOS NULOS,33
CHOCO,UNION PANAMERICANA,DE LA CALLE LOMBANA HUMBERTO,83
CHOCO,UNION PANAMERICANA,DUQUE MARQUEZ IVAN,837
CHOCO,UNION PANAMERICANA,FAJARDO VALDERRAMA SERGIO,58
CHOCO,UNION PANAMERICANA,MORALES HOYOS VIVIANE ALEIDA,8
CHOCO,UNION PANAMERICANA,PETRO URREGO GUSTAVO FRANCISCO,687
CHOCO,UNION PANAMERICANA,PROMOTORES VOTO EN BLANCO,7
CHOCO,UNION PANAMERICANA,TARJETAS NO MARCADAS,27
CHOCO,UNION PANAMERICANA,TRUJILLO SARMIENTO JORGE ANTONIO,16
CHOCO,UNION PANAMERICANA,VARGAS LLERAS GERMAN,282
CHOCO,UNION PANAMERICANA,VOTOS EN BLANCO,58
CHOCO,UNION PANAMERICANA,VOTOS NULOS,71
CONSULADOS,ALEMANIA,DE LA CALLE LOMBANA HUMBERTO,143
CONSULADOS,ALEMANIA,DUQUE MARQUEZ IVAN,416
CONSULADOS,ALEMANIA,FAJARDO VALDERRAMA SERGIO,1838
CONSULADOS,ALEMANIA,MORALES HOYOS VIVIANE ALEIDA,3
CONSULADOS,ALEMANIA,PETRO URREGO GUSTAVO FRANCISCO,697
CONSULADOS,ALEMANIA,PROMOTORES VOTO EN BLANCO,2
CONSULADOS,ALEMANIA,TRUJILLO SARMIENTO JORGE ANTONIO,1
CONSULADOS,ALEMANIA,VARGAS LLERAS GERMAN,26
CONSULADOS,ALEMANIA,VOTOS EN BLANCO,30
CONSULADOS,ALEMANIA,VOTOS NULOS,1
CONSULADOS,ARGELIA,DUQUE MARQUEZ IVAN,2
CONSULADOS,ARGELIA,FAJARDO VALDERRAMA SERGIO,5
CONSULADOS,ARGELIA,PETRO URREGO GUSTAVO FRANCISCO,1
CONSULADOS,ARGENTINA,DE LA CALLE LOMBANA HUMBERTO,152
CONSULADOS,ARGENTINA,DUQUE MARQUEZ IVAN,1381
CONSULADOS,ARGENTINA,FAJARDO VALDERRAMA SERGIO,3447
CONSULADOS,ARGENTINA,MORALES HOYOS VIVIANE ALEIDA,14
CONSULADOS,ARGENTINA,PETRO URREGO GUSTAVO FRANCISCO,3394
CONSULADOS,ARGENTINA,PROMOTORES VOTO EN BLANCO,5
CONSULADOS,ARGENTINA,TRUJILLO SARMIENTO JORGE ANTONIO,15
CONSULADOS,ARGENTINA,VARGAS LLERAS GERMAN,91
CONSULADOS,ARGENTINA,VOTOS EN BLANCO,83
CONSULADOS,ARGENTINA,VOTOS NULOS,29
CONSULADOS,ARUBA,DE LA CALLE LOMBANA HUMBERTO,20
CONSULADOS,ARUBA,DUQUE MARQUEZ IVAN,1651
CONSULADOS,ARUBA,FAJARDO VALDERRAMA SERGIO,390
CONSULADOS,ARUBA,MORALES HOYOS VIVIANE ALEIDA,3
CONSULADOS,ARUBA,PETRO URREGO GUSTAVO FRANCISCO,224
CONSULADOS,ARUBA,PROMOTORES VOTO EN BLANCO,1
CONSULADOS,ARUBA,TARJETAS NO MARCADAS,1
CONSULADOS,ARUBA,TRUJILLO SARMIENTO JORGE ANTONIO,2
CONSULADOS,ARUBA,VARGAS LLERAS GERMAN,59
CONSULADOS,ARUBA,VOTOS EN BLANCO,14
CONSULADOS,ARUBA,VOTOS NULOS,1
CONSULADOS,AUSTRALIA,DE LA CALLE LOMBANA HUMBERTO,104
CONSULADOS,AUSTRALIA,DUQUE MARQUEZ IVAN,1432
CONSULADOS,AUSTRALIA,FAJARDO VALDERRAMA SERGIO,4934
CONSULADOS,AUSTRALIA,MORALES HOYOS VIVIANE ALEIDA,8
CONSULADOS,AUSTRALIA,PETRO URREGO GUSTAVO FRANCISCO,1266
CONSULADOS,AUSTRALIA,PROMOTORES VOTO EN BLANCO,4
CONSULADOS,AUSTRALIA,TRUJILLO SARMIENTO JORGE ANTONIO,2
CONSULADOS,AUSTRALIA,VARGAS LLERAS GERMAN,66
CONSULADOS,AUSTRALIA,VOTOS EN BLANCO,73
CONSULADOS,AUSTRALIA,VOTOS NULOS,2
CONSULADOS,AUSTRIA,DE LA CALLE LOMBANA HUMBERTO,12
CONSULADOS,AUSTRIA,DUQUE MARQUEZ IVAN,107
CONSULADOS,AUSTRIA,FAJARDO VALDERRAMA SERGIO,285
CONSULADOS,AUSTRIA,MORALES HOYOS VIVIANE ALEIDA,1
CONSULADOS,AUSTRIA,PETRO URREGO GUSTAVO FRANCISCO,138
CONSULADOS,AUSTRIA,TRUJILLO SARMIENTO JORGE ANTONIO,1
CONSULADOS,AUSTRIA,VARGAS LLERAS GERMAN,12
CONSULADOS,AUSTRIA,VOTOS EN BLANCO,4
CONSULADOS,AZERBAIYAN,DUQUE MARQUEZ IVAN,6
CONSULADOS,AZERBAIYAN,FAJARDO VALDERRAMA SERGIO,10
CONSULADOS,AZERBAIYAN,PETRO URREGO GUSTAVO FRANCISCO,2
CONSULADOS,BELGICA,DE LA CALLE LOMBANA HUMBERTO,35
CONSULADOS,BELGICA,DUQUE MARQUEZ IVAN,310
CONSULADOS,BELGICA,FAJARDO VALDERRAMA SERGIO,563
CONSULADOS,BELGICA,PETRO URREGO GUSTAVO FRANCISCO,276
CONSULADOS,BELGICA,PROMOTORES VOTO EN BLANCO,1
CONSULADOS,BELGICA,VARGAS LLERAS GERMAN,13
CONSULADOS,BELGICA,VOTOS EN BLANCO,9
CONSULADOS,BELGICA,VOTOS NULOS,3
CONSULADOS,BELICE,DE LA CALLE LOMBANA HUMBERTO,2
CONSULADOS,BELICE,DUQUE MARQUEZ IVAN,9
CONSULADOS,BELICE,FAJARDO VALDERRAMA SERGIO,16
CONSULADOS,BELICE,PETRO URREGO GUSTAVO FRANCISCO,1
CONSULADOS,BELICE,VARGAS LLERAS GERMAN,1
CONSULADOS,BOLIVIA,DE LA CALLE LOMBANA HUMBERTO,5
CONSULADOS,BOLIVIA,DUQUE MARQUEZ IVAN,236
CONSULADOS,BOLIVIA,FAJARDO VALDERRAMA SERGIO,123
CONSULADOS,BOLIVIA,PETRO URREGO GUSTAVO FRANCISCO,75
CONSULADOS,BOLIVIA,VARGAS LLERAS GERMAN,14
CONSULADOS,BOLIVIA,VOTOS EN BLANCO,2
CONSULADOS,BOLIVIA,VOTOS NULOS,1
CONSULADOS,BRASIL,DE LA CALLE LOMBANA HUMBERTO,68
CONSULADOS,BRASIL,DUQUE MARQUEZ IVAN,517
CONSULADOS,BRASIL,FAJARDO VALDERRAMA SERGIO,974
CONSULADOS,BRASIL,MORALES HOYOS VIVIANE ALEIDA,3
CONSULADOS,BRASIL,PETRO URREGO GUSTAVO FRANCISCO,609
CONSULADOS,BRASIL,PROMOTORES VOTO EN BLANCO,3
CONSULADOS,BRASIL,TRUJILLO SARMIENTO JORGE ANTONIO,1
CONSULADOS,BRASIL,VARGAS LLERAS GERMAN,27
CONSULADOS,BRASIL,VOTOS EN BLANCO,18
CONSULADOS,BRASIL,VOTOS NULOS,5
CONSULADOS,CANADA,DE LA CALLE LOMBANA HUMBERTO,258
CONSULADOS,CANADA,DUQUE MARQUEZ IVAN,6508
CONSULADOS,CANADA,FAJARDO VALDERRAMA SERGIO,6227
CONSULADOS,CANADA,MORALES HOYOS VIVIANE ALEIDA,27
CONSULADOS,CANADA,PETRO URREGO GUSTAVO FRANCISCO,2495
CONSULADOS,CANADA,PROMOTORES VOTO EN BLANCO,67
CONSULADOS,CANADA,TARJETAS NO MARCADAS,5
CONSULADOS,CANADA,TRUJILLO SARMIENTO JORGE ANTONIO,17
CONSULADOS,CANADA,VARGAS LLERAS GERMAN,250
CONSULADOS,CANADA,VOTOS EN BLANCO,132
CONSULADOS,CANADA,VOTOS NULOS,6
CONSULADOS,CHILE,DE LA CALLE LOMBANA HUMBERTO,117
CONSULADOS,CHILE,DUQUE MARQUEZ IVAN,2644
CONSULADOS,CHILE,FAJARDO VALDERRAMA SERGIO,3213
CONSULADOS,CHILE,MORALES HOYOS VIVIANE ALEIDA,15
CONSULADOS,CHILE,PETRO URREGO GUSTAVO FRANCISCO,1804
CONSULADOS,CHILE,PROMOTORES VOTO EN BLANCO,6
CONSULADOS,CHILE,TARJETAS NO MARCADAS,3
CONSULADOS,CHILE,TRUJILLO SARMIENTO JORGE ANTONIO,13
CONSULADOS,CHILE,VARGAS LLERAS GERMAN,162
CONSULADOS,CHILE,VOTOS EN BLANCO,144
CONSULADOS,CHILE,VOTOS NULOS,28
CONSULADOS,CHINA REPUBLICA POPULAR,DE LA CALLE LOMBANA HUMBERTO,13
CONSULADOS,CHINA REPUBLICA POPULAR,DUQUE MARQUEZ IVAN,169
CONSULADOS,CHINA REPUBLICA POPULAR,FAJARDO VALDERRAMA SERGIO,224
CONSULADOS,CHINA REPUBLICA POPULAR,PETRO URREGO GUSTAVO FRANCISCO,57
CONSULADOS,CHINA REPUBLICA POPULAR,TRUJILLO SARMIENTO JORGE ANTONIO,1
CONSULADOS,CHINA REPUBLICA POPULAR,VARGAS LLERAS GERMAN,6
CONSULADOS,CHINA REPUBLICA POPULAR,VOTOS EN BLANCO,2
CONSULADOS,CHINA REPUBLICA POPULAR,VOTOS NULOS,1
CONSULADOS,CHIPRE,DE LA CALLE LOMBANA HUMBERTO,1
CONSULADOS,CHIPRE,DUQUE MARQUEZ IVAN,9
CONSULADOS,CHIPRE,FAJARDO VALDERRAMA SERGIO,8
CONSULADOS,CHIPRE,PETRO URREGO GUSTAVO FRANCISCO,3
CONSULADOS,CHIPRE,VOTOS EN BLANCO,4
CONSULADOS,COREA DEL SUR,DUQUE MARQUEZ IVAN,18
CONSULADOS,COREA DEL SUR,FAJARDO VALDERRAMA SERGIO,61
CONSULADOS,COREA DEL SUR,PETRO URREGO GUSTAVO FRANCISCO,12
CONSULADOS,COREA DEL SUR,VARGAS LLERAS GERMAN,1
CONSULADOS,COREA DEL SUR,VOTOS EN BLANCO,3
CONSULADOS,COSTA RICA,DE LA CALLE LOMBANA HUMBERTO,60
CONSULADOS,COSTA RICA,DUQUE MARQUEZ IVAN,2173
CONSULADOS,COSTA RICA,FAJARDO VALDERRAMA SERGIO,985
CONSULADOS,COSTA RICA,MORALES HOYOS VIVIANE ALEIDA,4
CONSULADOS,COSTA RICA,PETRO URREGO GUSTAVO FRANCISCO,363
CONSULADOS,COSTA RICA,PROMOTORES VOTO EN BLANCO,4
CONSULADOS,COSTA RICA,TARJETAS NO MARCADAS,2
CONSULADOS,COSTA RICA,TRUJILLO SARMIENTO JORGE ANTONIO,4
CONSULADOS,COSTA RICA,VARGAS LLERAS GERMAN,65
CONSULADOS,COSTA RICA,VOTOS EN BLANCO,41
CONSULADOS,COSTA RICA,VOTOS NULOS,7
CONSULADOS,CUBA,DE LA CALLE LOMBANA HUMBERTO,4
CONSULADOS,CUBA,DUQUE MARQUEZ IVAN,44
CONSULADOS,CUBA,FAJARDO VALDERRAMA SERGIO,57
CONSULADOS,CUBA,PETRO URREGO GUSTAVO FRANCISCO,110
CONSULADOS,CUBA,PROMOTORES VOTO EN BLANCO,3
CONSULADOS,CUBA,VARGAS LLERAS GERMAN,6
CONSULADOS,CUBA,VOTOS EN BLANCO,4
CONSULADOS,CUBA,VOTOS NULOS,1
CONSULADOS,CURAZAO,DE LA CALLE LOMBANA HUMBERTO,13
CONSULADOS,CURAZAO,DUQUE MARQUEZ IVAN,495
CONSULADOS,CURAZAO,FAJARDO VALDERRAMA SERGIO,127
CONSULADOS,CURAZAO,PETRO URREGO GUSTAVO FRANCISCO,91
CONSULADOS,CURAZAO,PROMOTORES VOTO EN BLANCO,1
CONSULADOS,CURAZAO,TRUJILLO SARMIENTO JORGE ANTONIO,1
CONSULADOS,CURAZAO,VARGAS LLERAS GERMAN,13
CONSULADOS,CURAZAO,VOTOS EN BLANCO,10
CONSULADOS,CURAZAO,VOTOS NULOS,2
CONSULADOS,DINAMARCA,DE LA CALLE LOMBANA HUMBERTO,2
CONSULADOS,DINAMARCA,DUQUE MARQUEZ IVAN,13
CONSULADOS,DINAMARCA,FAJARDO VALDERRAMA SERGIO,45
CONSULADOS,DINAMARCA,PETRO URREGO GUSTAVO FRANCISCO,25
CONSULADOS,DINAMARCA,VARGAS LLERAS GERMAN,1
CONSULADOS,DINAMARCA,VOTOS EN BLANCO,2
CONSULADOS,ECUADOR,DE LA CALLE LOMBANA HUMBERTO,211
CONSULADOS,ECUADOR,DUQUE MARQUEZ IVAN,4233
CONSULADOS,ECUADOR,FAJARDO VALDERRAMA SERGIO,1543
CONSULADOS,ECUADOR,MORALES HOYOS VIVIANE ALEIDA,35
CONSULADOS,ECUADOR,PETRO URREGO GUSTAVO FRANCISCO,1447
CONSULADOS,ECUADOR,PROMOTORES VOTO EN BLANCO,30
CONSULADOS,ECUADOR,TARJETAS NO MARCADAS,57
CONSULADOS,ECUADOR,TRUJILLO SARMIENTO JORGE ANTONIO,59
CONSULADOS,ECUADOR,VARGAS LLERAS GERMAN,213
CONSULADOS,ECUADOR,VOTOS EN BLANCO,153
CONSULADOS,ECUADOR,VOTOS NULOS,196
CONSULADOS,EGIPTO,DE LA CALLE LOMBANA HUMBERTO,4
CONSULADOS,EGIPTO,DUQUE MARQUEZ IVAN,12
CONSULADOS,EGIPTO,FAJARDO VALDERRAMA SERGIO,18
CONSULADOS,EGIPTO,PETRO URREGO GUSTAVO FRANCISCO,4
CONSULADOS,EGIPTO,VARGAS LLERAS GERMAN,1
CONSULADOS,EL SALVADOR,DE LA CALLE LOMBANA HUMBERTO,3
CONSULADOS,EL SALVADOR,DUQUE MARQUEZ IVAN,130
CONSULADOS,EL SALVADOR,FAJARDO VALDERRAMA SERGIO,74
CONSULADOS,EL SALVADOR,MORALES HOYOS VIVIANE ALEIDA,1
CONSULADOS,EL SALVADOR,PETRO URREGO GUSTAVO FRANCISCO,21
CONSULADOS,EL SALVADOR,VARGAS LLERAS GERMAN,9
CONSULADOS,EL SALVADOR,VOTOS EN BLANCO,2
CONSULADOS,EMIRATOS ARABES UNIDOS,DE LA CALLE LOMBANA HUMBERTO,9
CONSULADOS,EMIRATOS ARABES UNIDOS,DUQUE MARQUEZ IVAN,873
CONSULADOS,EMIRATOS ARABES UNIDOS,FAJARDO VALDERRAMA SERGIO,209
CONSULADOS,EMIRATOS ARABES UNIDOS,MORALES HOYOS VIVIANE ALEIDA,3
CONSULADOS,EMIRATOS ARABES UNIDOS,PETRO URREGO GUSTAVO FRANCISCO,89
CONSULADOS,EMIRATOS ARABES UNIDOS,TRUJILLO SARMIENTO JORGE ANTONIO,2
CONSULADOS,EMIRATOS ARABES UNIDOS,VARGAS LLERAS GERMAN,9
CONSULADOS,EMIRATOS ARABES UNIDOS,VOTOS EN BLANCO,17
CONSULADOS,EMIRATOS ARABES UNIDOS,VOTOS NULOS,3
CONSULADOS,ESPANA,DE LA CALLE LOMBANA HUMBERTO,530
CONSULADOS,ESPANA,DUQUE MARQUEZ IVAN,11158
CONSULADOS,ESPANA,FAJARDO VALDERRAMA SERGIO,9472
CONSULADOS,ESPANA,MORALES HOYOS VIVIANE ALEIDA,58
CONSULADOS,ESPANA,PETRO URREGO GUSTAVO FRANCISCO,4642
CONSULADOS,ESPANA,PROMOTORES VOTO EN BLANCO,43
CONSULADOS,ESPANA,TARJETAS NO MARCADAS,16
CONSULADOS,ESPANA,TRUJILLO SARMIENTO JORGE ANTONIO,48
CONSULADOS,ESPANA,VARGAS LLERAS GERMAN,466
CONSULADOS,ESPANA,VOTOS EN BLANCO,432
CONSULADOS,ESPANA,VOTOS NULOS,81
CONSULADOS,ESTADOS UNIDOS,DE LA CALLE LOMBANA HUMBERTO,1188
CONSULADOS,ESTADOS UNIDOS,DUQUE MARQUEZ IVAN,80147
CONSULADOS,ESTADOS UNIDOS,FAJARDO VALDERRAMA SERGIO,22113
CONSULADOS,ESTADOS UNIDOS,MORALES HOYOS VIVIANE ALEIDA,62
CONSULADOS,ESTADOS UNIDOS,PETRO URREGO GUSTAVO FRANCISCO,5922
CONSULADOS,ESTADOS UNIDOS,PROMOTORES VOTO EN BLANCO,632
CONSULADOS,ESTADOS UNIDOS,TARJETAS NO MARCADAS,39
CONSULADOS,ESTADOS UNIDOS,TRUJILLO SARMIENTO JORGE ANTONIO,61
CONSULADOS,ESTADOS UNIDOS,VARGAS LLERAS GERMAN,2116
CONSULADOS,ESTADOS UNIDOS,VOTOS EN BLANCO,433
CONSULADOS,ESTADOS UNIDOS,VOTOS NULOS,102
CONSULADOS,FINLANDIA,DE LA CALLE LOMBANA HUMBERTO,13
CONSULADOS,FINLANDIA,DUQUE MARQUEZ IVAN,22
CONSULADOS,FINLANDIA,FAJARDO VALDERRAMA SERGIO,88
CONSULADOS,FINLANDIA,PETRO URREGO GUSTAVO FRANCISCO,21
CONSULADOS,FINLANDIA,VARGAS LLERAS GERMAN,2
CONSULADOS,FRANCIA,DE LA CALLE LOMBANA HUMBERTO,154
CONSULADOS,FRANCIA,DUQUE MARQUEZ IVAN,1135
CONSULADOS,FRANCIA,FAJARDO VALDERRAMA SERGIO,2855
CONSULADOS,FRANCIA,MORALES HOYOS VIVIANE ALEIDA,2
CONSULADOS,FRANCIA,PETRO URREGO GUSTAVO FRANCISCO,1360
CONSULADOS,FRANCIA,PROMOTORES VOTO EN BLANCO,2
CONSULADOS,FRANCIA,TARJETAS NO MARCADAS,1
CONSULADOS,FRANCIA,TRUJILLO SARMIENTO JORGE ANTONIO,3
CONSULADOS,FRANCIA,VARGAS LLERAS GERMAN,64
CONSULADOS,FRANCIA,VOTOS EN BLANCO,45
CONSULADOS,FRANCIA,VOTOS NULOS,8
CONSULADOS,GHANA,DE LA CALLE LOMBANA HUMBERTO,2
CONSULADOS,GHANA,DUQUE MARQUEZ IVAN,4
CONSULADOS,GHANA,FAJARDO VALDERRAMA SERGIO,4
CONSULADOS,GHANA,PETRO URREGO GUSTAVO FRANCISCO,3
CONSULADOS,GHANA,VARGAS LLERAS GERMAN,3
CONSULADOS,GRECIA,DE LA CALLE LOMBANA HUMBERTO,1
CONSULADOS,GRECIA,DUQUE MARQUEZ IVAN,25
CONSULADOS,GRECIA,FAJARDO VALDERRAMA SERGIO,13
CONSULADOS,GRECIA,PETRO URREGO GUSTAVO FRANCISCO,7
CONSULADOS,GRECIA,VARGAS LLERAS GERMAN,1
CONSULADOS,GUATEMALA,DE LA CALLE LOMBANA HUMBERTO,7
CONSULADOS,GUATEMALA,DUQUE MARQUEZ IVAN,397
CONSULADOS,GUATEMALA,FAJARDO VALDERRAMA SERGIO,215
CONSULADOS,GUATEMALA,PETRO URREGO GUSTAVO FRANCISCO,35
CONSULADOS,GUATEMALA,PROMOTORES VOTO EN BLANCO,1
CONSULADOS,GUATEMALA,TARJETAS NO MARCADAS,1
CONSULADOS,GUATEMALA,VARGAS LLERAS GERMAN,25
CONSULADOS,GUATEMALA,VOTOS EN BLANCO,2
CONSULADOS,GUATEMALA,VOTOS NULOS,1
CONSULADOS,HONDURAS,DE LA CALLE LOMBANA HUMBERTO,9
CONSULADOS,HONDURAS,DUQUE MARQUEZ IVAN,123
CONSULADOS,HONDURAS,FAJARDO VALDERRAMA SERGIO,67
CONSULADOS,HONDURAS,PETRO URREGO GUSTAVO FRANCISCO,14
CONSULADOS,HONDURAS,VARGAS LLERAS GERMAN,5
CONSULADOS,HONDURAS,VOTOS EN BLANCO,4
CONSULADOS,INDIA,DE LA CALLE LOMBANA HUMBERTO,2
CONSULADOS,INDIA,DUQUE MARQUEZ IVAN,5
CONSULADOS,INDIA,FAJARDO VALDERRAMA SERGIO,8
CONSULADOS,INDIA,PETRO URREGO GUSTAVO FRANCISCO,3
CONSULADOS,INDIA,VARGAS LLERAS GERMAN,2
CONSULADOS,INDONESIA,DE LA CALLE LOMBANA HUMBERTO,1
CONSULADOS,INDONESIA,DUQUE MARQUEZ IVAN,12
CONSULADOS,INDONESIA,FAJARDO VALDERRAMA SERGIO,19
CONSULADOS,INDONESIA,PETRO URREGO GUSTAVO FRANCISCO,5
CONSULADOS,INDONESIA,VARGAS LLERAS GERMAN,2
CONSULADOS,INDONESIA,VOTOS EN BLANCO,2
CONSULADOS,INGLATERRA,DE LA CALLE LOMBANA HUMBERTO,126
CONSULADOS,INGLATERRA,DUQUE MARQUEZ IVAN,2329
CONSULADOS,INGLATERRA,FAJARDO VALDERRAMA SERGIO,2275
CONSULADOS,INGLATERRA,MORALES HOYOS VIVIANE ALEIDA,13
CONSULADOS,INGLATERRA,PETRO URREGO GUSTAVO FRANCISCO,932
CONSULADOS,INGLATERRA,PROMOTORES VOTO EN BLANCO,5
CONSULADOS,INGLATERRA,TARJETAS NO MARCADAS,4
CONSULADOS,INGLATERRA,TRUJILLO SARMIENTO JORGE ANTONIO,12
CONSULADOS,INGLATERRA,VARGAS LLERAS GERMAN,96
CONSULADOS,INGLATERRA,VOTOS EN BLANCO,79
CONSULADOS,INGLATERRA,VOTOS NULOS,12
CONSULADOS,IRLANDA,DE LA CALLE LOMBANA HUMBERTO,3
CONSULADOS,IRLANDA,DUQUE MARQUEZ IVAN,30
CONSULADOS,IRLANDA,FAJARDO VALDERRAMA SERGIO,74
CONSULADOS,IRLANDA,PETRO URREGO GUSTAVO FRANCISCO,18
CONSULADOS,IRLANDA,VARGAS LLERAS GERMAN,4
CONSULADOS,IRLANDA,VOTOS EN BLANCO,1
CONSULADOS,ISRAEL,DE LA CALLE LOMBANA HUMBERTO,5
CONSULADOS,ISRAEL,DUQUE MARQUEZ IVAN,209
CONSULADOS,ISRAEL,FAJARDO VALDERRAMA SERGIO,93
CONSULADOS,ISRAEL,PETRO URREGO GUSTAVO FRANCISCO,26
CONSULADOS,ISRAEL,TARJETAS NO MARCADAS,1
CONSULADOS,ISRAEL,VARGAS LLERAS GERMAN,3
CONSULADOS,ISRAEL,VOTOS EN BLANCO,7
CONSULADOS,ISRAEL,VOTOS NULOS,1
CONSULADOS,ITALIA,DE LA CALLE LOMBANA HUMBERTO,62
CONSULADOS,ITALIA,DUQUE MARQUEZ IVAN,1060
CONSULADOS,ITALIA,FAJARDO VALDERRAMA SERGIO,1042
CONSULADOS,ITALIA,MORALES HOYOS VIVIANE ALEIDA,1
CONSULADOS,ITALIA,PETRO URREGO GUSTAVO FRANCISCO,372
CONSULADOS,ITALIA,PROMOTORES VOTO EN BLANCO,4
CONSULADOS,ITALIA,TARJETAS NO MARCADAS,2
CONSULADOS,ITALIA,TRUJILLO SARMIENTO JORGE ANTONIO,6
CONSULADOS,ITALIA,VARGAS LLERAS GERMAN,46
CONSULADOS,ITALIA,VOTOS EN BLANCO,38
CONSULADOS,ITALIA,VOTOS NULOS,2
CONSULADOS,JAMAICA,DE LA CALLE LOMBANA HUMBERTO,3
CONSULADOS,JAMAICA,DUQUE MARQUEZ IVAN,51
CONSULADOS,JAMAICA,FAJARDO VALDERRAMA SERGIO,14
CONSULADOS,JAMAICA,PETRO URREGO GUSTAVO FRANCISCO,6
CONSULADOS,JAMAICA,PROMOTORES VOTO EN BLANCO,2
CONSULADOS,JAMAICA,VARGAS LLERAS GERMAN,4
CONSULADOS,JAPON,DE LA CALLE LOMBANA HUMBERTO,12
CONSULADOS,JAPON,DUQUE MARQUEZ IVAN,104
CONSULADOS,JAPON,FAJARDO VALDERRAMA SERGIO,125
CONSULADOS,JAPON,MORALES HOYOS VIVIANE ALEIDA,1
CONSULADOS,JAPON,PETRO URREGO GUSTAVO FRANCISCO,36
CONSULADOS,JAPON,VARGAS LLERAS GERMAN,6
CONSULADOS,JAPON,VOTOS EN BLANCO,2
CONSULADOS,KENIA,DE LA CALLE LOMBANA HUMBERTO,1
CONSULADOS,KENIA,DUQUE MARQUEZ IVAN,5
CONSULADOS,KENIA,FAJARDO VALDERRAMA SERGIO,18
CONSULADOS,KENIA,PETRO URREGO GUSTAVO FRANCISCO,6
CONSULADOS,KENIA,VARGAS LLERAS GERMAN,1
CONSULADOS,LIBANO,DE LA CALLE LOMBANA HUMBERTO,1
CONSULADOS,LIBANO,DUQUE MARQUEZ IVAN,61
CONSULADOS,LIBANO,FAJARDO VALDERRAMA SERGIO,17
CONSULADOS,LIBANO,PETRO URREGO GUSTAVO FRANCISCO,4
CONSULADOS,LIBANO,VARGAS LLERAS GERMAN,18
CONSULADOS,LUXEMBURGO,DE LA CALLE LOMBANA HUMBERTO,3
CONSULADOS,LUXEMBURGO,DUQUE MARQUEZ IVAN,19
CONSULADOS,LUXEMBURGO,FAJARDO VALDERRAMA SERGIO,40
CONSULADOS,LUXEMBURGO,MORALES HOYOS VIVIANE ALEIDA,1
CONSULADOS,LUXEMBURGO,PETRO URREGO GUSTAVO FRANCISCO,6
CONSULADOS,LUXEMBURGO,VOTOS EN BLANCO,3
CONSULADOS,MALASIA,DE LA CALLE LOMBANA HUMBERTO,1
CONSULADOS,MALASIA,DUQUE MARQUEZ IVAN,19
CONSULADOS,MALASIA,FAJARDO VALDERRAMA SERGIO,33
CONSULADOS,MALASIA,PETRO URREGO GUSTAVO FRANCISCO,2
CONSULADOS,MALASIA,VARGAS LLERAS GERMAN,5
CONSULADOS,MARRUECOS,DUQUE MARQUEZ IVAN,2
CONSULADOS,MARRUECOS,FAJARDO VALDERRAMA SERGIO,11
CONSULADOS,MARRUECOS,PETRO URREGO GUSTAVO FRANCISCO,5
CONSULADOS,MEXICO,DE LA CALLE LOMBANA HUMBERTO,126
CONSULADOS,MEXICO,DUQUE MARQUEZ IVAN,1992
CONSULADOS,MEXICO,FAJARDO VALDERRAMA SERGIO,2418
CONSULADOS,MEXICO,MORALES HOYOS VIVIANE ALEIDA,3
CONSULADOS,MEXICO,PETRO URREGO GUSTAVO FRANCISCO,1013
CONSULADOS,MEXICO,PROMOTORES VOTO EN BLANCO,1
CONSULADOS,MEXICO,TARJETAS NO MARCADAS,2
CONSULADOS,MEXICO,TRUJILLO SARMIENTO JORGE ANTONIO,5
CONSULADOS,MEXICO,VARGAS LLERAS GERMAN,114
CONSULADOS,MEXICO,VOTOS EN BLANCO,36
CONSULADOS,MEXICO,VOTOS NULOS,4
CONSULADOS,NICARAGUA,DE LA CALLE LOMBANA HUMBERTO,5
CONSULADOS,NICARAGUA,DUQUE MARQUEZ IVAN,69
CONSULADOS,NICARAGUA,FAJARDO VALDERRAMA SERGIO,39
CONSULADOS,NICARAGUA,PETRO URREGO GUSTAVO FRANCISCO,17
CONSULADOS,NICARAGUA,VARGAS LLERAS GERMAN,3
CONSULADOS,NICARAGUA,VOTOS EN BLANCO,4
CONSULADOS,NORUEGA,DE LA CALLE LOMBANA HUMBERTO,4
CONSULADOS,NORUEGA,DUQUE MARQUEZ IVAN,27
CONSULADOS,NORUEGA,FAJARDO VALDERRAMA SERGIO,104
CONSULADOS,NORUEGA,PETRO URREGO GUSTAVO FRANCISCO,52
CONSULADOS,NORUEGA,PROMOTORES VOTO EN BLANCO,1
CONSULADOS,NORUEGA,VARGAS LLERAS GERMAN,1
CONSULADOS,NORUEGA,VOTOS EN BLANCO,3
CONSULADOS,NUEVA ZELANDA,DE LA CALLE LOMBANA HUMBERTO,10
CONSULADOS,NUEVA ZELANDA,DUQUE MARQUEZ IVAN,119
CONSULADOS,NUEVA ZELANDA,FAJARDO VALDERRAMA SERGIO,433
CONSULADOS,NUEVA ZELANDA,MORALES HOYOS VIVIANE ALEIDA,1
CONSULADOS,NUEVA ZELANDA,PETRO URREGO GUSTAVO FRANCISCO,94
CONSULADOS,NUEVA ZELANDA,TRUJILLO SARMIENTO JORGE ANTONIO,1
CONSULADOS,NUEVA ZELANDA,VARGAS LLERAS GERMAN,5
CONSULADOS,NUEVA ZELANDA,VOTOS EN BLANCO,8
CONSULADOS,NUEVA ZELANDA,VOTOS NULOS,2
CONSULADOS,PAISES BAJOS,DE LA CALLE LOMBANA HUMBERTO,40
CONSULADOS,PAISES BAJOS,DUQUE MARQUEZ IVAN,340
CONSULADOS,PAISES BAJOS,FAJARDO VALDERRAMA SERGIO,658
CONSULADOS,PAISES BAJOS,MORALES HOYOS VIVIANE ALEIDA,4
CONSULADOS,PAISES BAJOS,PETRO URREGO GUSTAVO FRANCISCO,179
CONSULADOS,PAISES BAJOS,PROMOTORES VOTO EN BLANCO,1
CONSULADOS,PAISES BAJOS,TRUJILLO SARMIENTO JORGE ANTONIO,1
CONSULADOS,PAISES BAJOS,VARGAS LLERAS GERMAN,11
CONSULADOS,PAISES BAJOS,VOTOS EN BLANCO,9
CONSULADOS,PAISES BAJOS,VOTOS NULOS,1
CONSULADOS,PANAMA,DE LA CALLE LOMBANA HUMBERTO,85
CONSULADOS,PANAMA,DUQUE MARQUEZ IVAN,4002
CONSULADOS,PANAMA,FAJARDO VALDERRAMA SERGIO,1728
CONSULADOS,PANAMA,MORALES HOYOS VIVIANE ALEIDA,6
CONSULADOS,PANAMA,PETRO URREGO GUSTAVO FRANCISCO,668
CONSULADOS,PANAMA,PROMOTORES VOTO EN BLANCO,11
CONSULADOS,PANAMA,TARJETAS NO MARCADAS,11
CONSULADOS,PANAMA,TRUJILLO SARMIENTO JORGE ANTONIO,8
CONSULADOS,PANAMA,VARGAS LLERAS GERMAN,130
CONSULADOS,PANAMA,VOTOS EN BLANCO,74
CONSULADOS,PANAMA,VOTOS NULOS,13
CONSULADOS,PARAGUAY,DE LA CALLE LOMBANA HUMBERTO,4
CONSULADOS,PARAGUAY,DUQUE MARQUEZ IVAN,106
CONSULADOS,PARAGUAY,FAJARDO VALDERRAMA SERGIO,59
CONSULADOS,PARAGUAY,PETRO URREGO GUSTAVO FRANCISCO,24
CONSULADOS,PARAGUAY,VARGAS LLERAS GERMAN,14
CONSULADOS,PARAGUAY,VOTOS EN BLANCO,5
CONSULADOS,PERU,DE LA CALLE LOMBANA HUMBERTO,39
CONSULADOS,PERU,DUQUE MARQUEZ IVAN,1008
CONSULADOS,PERU,FAJARDO VALDERRAMA SERGIO,928
CONSULADOS,PERU,MORALES HOYOS VIVIANE ALEIDA,5
CONSULADOS,PERU,PETRO URREGO GUSTAVO FRANCISCO,252
CONSULADOS,PERU,PROMOTORES VOTO EN BLANCO,2
CONSULADOS,PERU,TRUJILLO SARMIENTO JORGE ANTONIO,3
CONSULADOS,PERU,VARGAS LLERAS GERMAN,63
CONSULADOS,PERU,VOTOS EN BLANCO,22
CONSULADOS,PERU,VOTOS NULOS,3
CONSULADOS,POLONIA,DE LA CALLE LOMBANA HUMBERTO,1
CONSULADOS,POLONIA,DUQUE MARQUEZ IVAN,23
CONSULADOS,POLONIA,FAJARDO VALDERRAMA SERGIO,53
CONSULADOS,POLONIA,PETRO URREGO GUSTAVO FRANCISCO,36
CONSULADOS,POLONIA,VARGAS LLERAS GERMAN,4
CONSULADOS,PORTUGAL,DE LA CALLE LOMBANA HUMBERTO,11
CONSULADOS,PORTUGAL,DUQUE MARQUEZ IVAN,94
CONSULADOS,PORTUGAL,FAJARDO VALDERRAMA SERGIO,151
CONSULADOS,PORTUGAL,PETRO URREGO GUSTAVO FRANCISCO,53
CONSULADOS,PORTUGAL,VARGAS LLERAS GERMAN,6
CONSULADOS,PORTUGAL,VOTOS EN BLANCO,2
CONSULADOS,PORTUGAL,VOTOS NULOS,1
CONSULADOS,PUERTO RICO,DE LA CALLE LOMBANA HUMBERTO,12
CONSULADOS,PUERTO RICO,DUQUE MARQUEZ IVAN,399
CONSULADOS,PUERTO RICO,FAJARDO VALDERRAMA SERGIO,186
CONSULADOS,PUERTO RICO,MORALES HOYOS VIVIANE ALEIDA,1
CONSULADOS,PUERTO RICO,PETRO URREGO GUSTAVO FRANCISCO,124
CONSULADOS,PUERTO RICO,PROMOTORES VOTO EN BLANCO,2
CONSULADOS,PUERTO RICO,VARGAS LLERAS GERMAN,10
CONSULADOS,PUERTO RICO,VOTOS EN BLANCO,2
CONSULADOS,REPUBLICA DE FILIPINAS,DE LA CALLE LOMBANA HUMBERTO,3
CONSULADOS,REPUBLICA DE FILIPINAS,DUQUE MARQUEZ IVAN,27
CONSULADOS,REPUBLICA DE FILIPINAS,FAJARDO VALDERRAMA SERGIO,40
CONSULADOS,REPUBLICA DE FILIPINAS,PETRO URREGO GUSTAVO FRANCISCO,8
CONSULADOS,REPUBLICA DE FILIPINAS,VARGAS LLERAS GERMAN,2
CONSULADOS,REPUBLICA DE SINGAPUR,DE LA CALLE LOMBANA HUMBERTO,5
CONSULADOS,REPUBLICA DE SINGAPUR,DUQUE MARQUEZ IVAN,54
CONSULADOS,REPUBLICA DE SINGAPUR,FAJARDO VALDERRAMA SERGIO,71
CONSULADOS,REPUBLICA DE SINGAPUR,PETRO URREGO GUSTAVO FRANCISCO,6
CONSULADOS,REPUBLICA DE SINGAPUR,VARGAS LLERAS GERMAN,3
CONSULADOS,REPUBLICA DE SINGAPUR,VOTOS EN BLANCO,2
CONSULADOS,REPUBLICA DOMINICANA,DE LA CALLE LOMBANA HUMBERTO,20
CONSULADOS,REPUBLICA DOMINICANA,DUQUE MARQUEZ IVAN,546
CONSULADOS,REPUBLICA DOMINICANA,FAJARDO VALDERRAMA SERGIO,325
CONSULADOS,REPUBLICA DOMINICANA,MORALES HOYOS VIVIANE ALEIDA,1
CONSULADOS,REPUBLICA DOMINICANA,PETRO URREGO GUSTAVO FRANCISCO,86
CONSULADOS,REPUBLICA DOMINICANA,TRUJILLO SARMIENTO JORGE ANTONIO,4
CONSULADOS,REPUBLICA DOMINICANA,VARGAS LLERAS GERMAN,38
CONSULADOS,REPUBLICA DOMINICANA,VOTOS EN BLANCO,11
CONSULADOS,REPUBLICA DOMINICANA,VOTOS NULOS,1
CONSULADOS,REPUBLICA SOCIALISTA DE VIETNAM,DUQUE MARQUEZ IVAN,7
CONSULADOS,REPUBLICA SOCIALISTA DE VIETNAM,FAJARDO VALDERRAMA SERGIO,11
CONSULADOS,REPUBLICA SOCIALISTA DE VIETNAM,PETRO URREGO GUSTAVO FRANCISCO,3
CONSULADOS,RUSIA,DE LA CALLE LOMBANA HUMBERTO,2
CONSULADOS,RUSIA,DUQUE MARQUEZ IVAN,30
CONSULADOS,RUSIA,FAJARDO VALDERRAMA SERGIO,60
CONSULADOS,RUSIA,PETRO URREGO GUSTAVO FRANCISCO,73
CONSULADOS,RUSIA,VARGAS LLERAS GERMAN,7
CONSULADOS,RUSIA,VOTOS EN BLANCO,2
CONSULADOS,SUDAFRICA,DE LA CALLE LOMBANA HUMBERTO,1
CONSULADOS,SUDAFRICA,DUQUE MARQUEZ IVAN,36
CONSULADOS,SUDAFRICA,FAJARDO VALDERRAMA SERGIO,57
CONSULADOS,SUDAFRICA,MORALES HOYOS VIVIANE ALEIDA,1
CONSULADOS,SUDAFRICA,PETRO URREGO GUSTAVO FRANCISCO,13
CONSULADOS,SUDAFRICA,VARGAS LLERAS GERMAN,5
CONSULADOS,SUECIA,DE LA CALLE LOMBANA HUMBERTO,11
CONSULADOS,SUECIA,DUQUE MARQUEZ IVAN,160
CONSULADOS,SUECIA,FAJARDO VALDERRAMA SERGIO,278
CONSULADOS,SUECIA,MORALES HOYOS VIVIANE ALEIDA,2
CONSULADOS,SUECIA,PETRO URREGO GUSTAVO FRANCISCO,187
CONSULADOS,SUECIA,PROMOTORES VOTO EN BLANCO,1
CONSULADOS,SUECIA,VARGAS LLERAS GERMAN,6
CONSULADOS,SUECIA,VOTOS EN BLANCO,3
CONSULADOS,SUECIA,VOTOS NULOS,1
CONSULADOS,SUIZA,DE LA CALLE LOMBANA HUMBERTO,52
CONSULADOS,SUIZA,DUQUE MARQUEZ IVAN,612
CONSULADOS,SUIZA,FAJARDO VALDERRAMA SERGIO,788
CONSULADOS,SUIZA,MORALES HOYOS VIVIANE ALEIDA,2
CONSULADOS,SUIZA,PETRO URREGO GUSTAVO FRANCISCO,439
CONSULADOS,SUIZA,PROMOTORES VOTO EN BLANCO,1
CONSULADOS,SUIZA,VARGAS LLERAS GERMAN,22
CONSULADOS,SUIZA,VOTOS EN BLANCO,12
CONSULADOS,SUIZA,VOTOS NULOS,2
CONSULADOS,TAILANDIA,DE LA CALLE LOMBANA HUMBERTO,5
CONSULADOS,TAILANDIA,DUQUE MARQUEZ IVAN,14
CONSULADOS,TAILANDIA,FAJARDO VALDERRAMA SERGIO,35
CONSULADOS,TAILANDIA,PETRO URREGO GUSTAVO FRANCISCO,5
CONSULADOS,TAILANDIA,VARGAS LLERAS GERMAN,2
CONSULADOS,TAILANDIA,VOTOS EN BLANCO,1
CONSULADOS,TRINIDAD Y TOBAGO,DE LA CALLE LOMBANA HUMBERTO,3
CONSULADOS,TRINIDAD Y TOBAGO,DUQUE MARQUEZ IVAN,38
CONSULADOS,TRINIDAD Y TOBAGO,FAJARDO VALDERRAMA SERGIO,45
CONSULADOS,TRINIDAD Y TOBAGO,PETRO URREGO GUSTAVO FRANCISCO,6
CONSULADOS,TRINIDAD Y TOBAGO,VARGAS LLERAS GERMAN,2
CONSULADOS,TRINIDAD Y TOBAGO,VOTOS EN BLANCO,2
CONSULADOS,TRINIDAD Y TOBAGO,VOTOS NULOS,1
CONSULADOS,TURQUIA,DE LA CALLE LOMBANA HUMBERTO,6
CONSULADOS,TURQUIA,DUQUE MARQUEZ IVAN,20
CONSULADOS,TURQUIA,FAJARDO VALDERRAMA SERGIO,47
CONSULADOS,TURQUIA,PETRO URREGO GUSTAVO FRANCISCO,25
CONSULADOS,TURQUIA,VOTOS EN BLANCO,1
CONSULADOS,URUGUAY,DE LA CALLE LOMBANA HUMBERTO,13
CONSULADOS,URUGUAY,DUQUE MARQUEZ IVAN,94
CONSULADOS,URUGUAY,FAJARDO VALDERRAMA SERGIO,149
CONSULADOS,URUGUAY,MORALES HOYOS VIVIANE ALEIDA,1
CONSULADOS,URUGUAY,PETRO URREGO GUSTAVO FRANCISCO,97
CONSULADOS,URUGUAY,VARGAS LLERAS GERMAN,14
CONSULADOS,URUGUAY,VOTOS EN BLANCO,4
CONSULADOS,URUGUAY,VOTOS NULOS,1
CONSULADOS,VENEZUELA,DE LA CALLE LOMBANA HUMBERTO,472
CONSULADOS,VENEZUELA,DUQUE MARQUEZ IVAN,22154
CONSULADOS,VENEZUELA,FAJARDO VALDERRAMA SERGIO,1184
CONSULADOS,VENEZUELA,MORALES HOYOS VIVIANE ALEIDA,124
CONSULADOS,VENEZUELA,PETRO URREGO GUSTAVO FRANCISCO,4357
CONSULADOS,VENEZUELA,PROMOTORES VOTO EN BLANCO,78
CONSULADOS,VENEZUELA,TARJETAS NO MARCADAS,129
CONSULADOS,VENEZUELA,TRUJILLO SARMIENTO JORGE ANTONIO,125
CONSULADOS,VENEZUELA,VARGAS LLERAS GERMAN,6063
CONSULADOS,VENEZUELA,VOTOS EN BLANCO,105
CONSULADOS,VENEZUELA,VOTOS NULOS,216
CORDOBA,AYAPEL,DE LA CALLE LOMBANA HUMBERTO,115
CORDOBA,AYAPEL,DUQUE MARQUEZ IVAN,6988
CORDOBA,AYAPEL,FAJARDO VALDERRAMA SERGIO,298
CORDOBA,AYAPEL,MORALES HOYOS VIVIANE ALEIDA,32
CORDOBA,AYAPEL,PETRO URREGO GUSTAVO FRANCISCO,4173
CORDOBA,AYAPEL,PROMOTORES VOTO EN BLANCO,19
CORDOBA,AYAPEL,TARJETAS NO MARCADAS,31
CORDOBA,AYAPEL,TRUJILLO SARMIENTO JORGE ANTONIO,45
CORDOBA,AYAPEL,VARGAS LLERAS GERMAN,739
CORDOBA,AYAPEL,VOTOS EN BLANCO,120
CORDOBA,AYAPEL,VOTOS NULOS,111
CORDOBA,BUENAVISTA,DE LA CALLE LOMBANA HUMBERTO,123
CORDOBA,BUENAVISTA,DUQUE MARQUEZ IVAN,2525
CORDOBA,BUENAVISTA,FAJARDO VALDERRAMA SERGIO,397
CORDOBA,BUENAVISTA,MORALES HOYOS VIVIANE ALEIDA,19
CORDOBA,BUENAVISTA,PETRO URREGO GUSTAVO FRANCISCO,3219
CORDOBA,BUENAVISTA,PROMOTORES VOTO EN BLANCO,14
CORDOBA,BUENAVISTA,TARJETAS NO MARCADAS,45
CORDOBA,BUENAVISTA,TRUJILLO SARMIENTO JORGE ANTONIO,42
CORDOBA,BUENAVISTA,VARGAS LLERAS GERMAN,909
CORDOBA,BUENAVISTA,VOTOS EN BLANCO,73
CORDOBA,BUENAVISTA,VOTOS NULOS,61
CORDOBA,CANALETE,DE LA CALLE LOMBANA HUMBERTO,117
CORDOBA,CANALETE,DUQUE MARQUEZ IVAN,2163
CORDOBA,CANALETE,FAJARDO VALDERRAMA SERGIO,101
CORDOBA,CANALETE,MORALES HOYOS VIVIANE ALEIDA,9
CORDOBA,CANALETE,PETRO URREGO GUSTAVO FRANCISCO,3043
CORDOBA,CANALETE,PROMOTORES VOTO EN BLANCO,7
CORDOBA,CANALETE,TARJETAS NO MARCADAS,15
CORDOBA,CANALETE,TRUJILLO SARMIENTO JORGE ANTONIO,27
CORDOBA,CANALETE,VARGAS LLERAS GERMAN,207
CORDOBA,CANALETE,VOTOS EN BLANCO,54
CORDOBA,CANALETE,VOTOS NULOS,32
CORDOBA,CERETE,DE LA CALLE LOMBANA HUMBERTO,439
CORDOBA,CERETE,DUQUE MARQUEZ IVAN,14301
CORDOBA,CERETE,FAJARDO VALDERRAMA SERGIO,1975
CORDOBA,CERETE,MORALES HOYOS VIVIANE ALEIDA,88
CORDOBA,CERETE,PETRO URREGO GUSTAVO FRANCISCO,18233
CORDOBA,CERETE,PROMOTORES VOTO EN BLANCO,37
CORDOBA,CERETE,TARJETAS NO MARCADAS,82
CORDOBA,CERETE,TRUJILLO SARMIENTO JORGE ANTONIO,422
CORDOBA,CERETE,VARGAS LLERAS GERMAN,2477
CORDOBA,CERETE,VOTOS EN BLANCO,457
CORDOBA,CERETE,VOTOS NULOS,306
CORDOBA,CHIMA,DE LA CALLE LOMBANA HUMBERTO,96
CORDOBA,CHIMA,DUQUE MARQUEZ IVAN,1925
CORDOBA,CHIMA,FAJARDO VALDERRAMA SERGIO,103
CORDOBA,CHIMA,MORALES HOYOS VIVIANE ALEIDA,8
CORDOBA,CHIMA,PETRO URREGO GUSTAVO FRANCISCO,2526
CORDOBA,CHIMA,PROMOTORES VOTO EN BLANCO,4
CORDOBA,CHIMA,TARJETAS NO MARCADAS,12
CORDOBA,CHIMA,TRUJILLO SARMIENTO JORGE ANTONIO,30
CORDOBA,CHIMA,VARGAS LLERAS GERMAN,1143
CORDOBA,CHIMA,VOTOS EN BLANCO,13
CORDOBA,CHIMA,VOTOS NULOS,29
CORDOBA,CHINU,DE LA CALLE LOMBANA HUMBERTO,533
CORDOBA,CHINU,DUQUE MARQUEZ IVAN,11550
CORDOBA,CHINU,FAJARDO VALDERRAMA SERGIO,485
CORDOBA,CHINU,MORALES HOYOS VIVIANE ALEIDA,54
CORDOBA,CHINU,PETRO URREGO GUSTAVO FRANCISCO,6146
CORDOBA,CHINU,PROMOTORES VOTO EN BLANCO,17
CORDOBA,CHINU,TARJETAS NO MARCADAS,67
CORDOBA,CHINU,TRUJILLO SARMIENTO JORGE ANTONIO,112
CORDOBA,CHINU,VARGAS LLERAS GERMAN,2262
CORDOBA,CHINU,VOTOS EN BLANCO,168
CORDOBA,CHINU,VOTOS NULOS,172
CORDOBA,CIENAGA DE ORO,DE LA CALLE LOMBANA HUMBERTO,124
CORDOBA,CIENAGA DE ORO,DUQUE MARQUEZ IVAN,6399
CORDOBA,CIENAGA DE ORO,FAJARDO VALDERRAMA SERGIO,498
CORDOBA,CIENAGA DE ORO,MORALES HOYOS VIVIANE ALEIDA,24
CORDOBA,CIENAGA DE ORO,PETRO URREGO GUSTAVO FRANCISCO,13460
CORDOBA,CIENAGA DE ORO,PROMOTORES VOTO EN BLANCO,14
CORDOBA,CIENAGA DE ORO,TARJETAS NO MARCADAS,74
CORDOBA,CIENAGA DE ORO,TRUJILLO SARMIENTO JORGE ANTONIO,90
CORDOBA,CIENAGA DE ORO,VARGAS LLERAS GERMAN,2724
CORDOBA,CIENAGA DE ORO,VOTOS EN BLANCO,191
CORDOBA,CIENAGA DE ORO,VOTOS NULOS,212
CORDOBA,COTORRA,DE LA CALLE LOMBANA HUMBERTO,69
CORDOBA,COTORRA,DUQUE MARQUEZ IVAN,2777
CORDOBA,COTORRA,FAJARDO VALDERRAMA SERGIO,143
CORDOBA,COTORRA,MORALES HOYOS VIVIANE ALEIDA,10
CORDOBA,COTORRA,PETRO URREGO GUSTAVO FRANCISCO,3147
CORDOBA,COTORRA,PROMOTORES VOTO EN BLANCO,6
CORDOBA,COTORRA,TARJETAS NO MARCADAS,20
CORDOBA,COTORRA,TRUJILLO SARMIENTO JORGE ANTONIO,35
CORDOBA,COTORRA,VARGAS LLERAS GERMAN,1336
CORDOBA,COTORRA,VOTOS EN BLANCO,76
CORDOBA,COTORRA,VOTOS NULOS,38
CORDOBA,LA APARTADA,DE LA CALLE LOMBANA HUMBERTO,98
CORDOBA,LA APARTADA,DUQUE MARQUEZ IVAN,1478
CORDOBA,LA APARTADA,FAJARDO VALDERRAMA SERGIO,236
CORDOBA,LA APARTADA,MORALES HOYOS VIVIANE ALEIDA,14
CORDOBA,LA APARTADA,PETRO URREGO GUSTAVO FRANCISCO,2829
CORDOBA,LA APARTADA,PROMOTORES VOTO EN BLANCO,4
CORDOBA,LA APARTADA,TARJETAS NO MARCADAS,40
CORDOBA,LA APARTADA,TRUJILLO SARMIENTO JORGE ANTONIO,33
CORDOBA,LA APARTADA,VARGAS LLERAS GERMAN,563
CORDOBA,LA APARTADA,VOTOS EN BLANCO,85
CORDOBA,LA APARTADA,VOTOS NULOS,55
CORDOBA,LORICA,DE LA CALLE LOMBANA HUMBERTO,1873
CORDOBA,LORICA,DUQUE MARQUEZ IVAN,12690
CORDOBA,LORICA,FAJARDO VALDERRAMA SERGIO,960
CORDOBA,LORICA,MORALES HOYOS VIVIANE ALEIDA,76
CORDOBA,LORICA,PETRO URREGO GUSTAVO FRANCISCO,19036
CORDOBA,LORICA,PROMOTORES VOTO EN BLANCO,32
CORDOBA,LORICA,TARJETAS NO MARCADAS,90
CORDOBA,LORICA,TRUJILLO SARMIENTO JORGE ANTONIO,160
CORDOBA,LORICA,VARGAS LLERAS GERMAN,8246
CORDOBA,LORICA,VOTOS EN BLANCO,384
CORDOBA,LORICA,VOTOS NULOS,266
CORDOBA,LOS CORDOBAS,DE LA CALLE LOMBANA HUMBERTO,69
CORDOBA,LOS CORDOBAS,DUQUE MARQUEZ IVAN,2502
CORDOBA,LOS CORDOBAS,FAJARDO VALDERRAMA SERGIO,121
CORDOBA,LOS CORDOBAS,MORALES HOYOS VIVIANE ALEIDA,16
CORDOBA,LOS CORDOBAS,PETRO URREGO GUSTAVO FRANCISCO,2016
CORDOBA,LOS CORDOBAS,PROMOTORES VOTO EN BLANCO,7
CORDOBA,LOS CORDOBAS,TARJETAS NO MARCADAS,26
CORDOBA,LOS CORDOBAS,TRUJILLO SARMIENTO JORGE ANTONIO,14
CORDOBA,LOS CORDOBAS,VARGAS LLERAS GERMAN,1697
CORDOBA,LOS CORDOBAS,VOTOS EN BLANCO,53
CORDOBA,LOS CORDOBAS,VOTOS NULOS,60
CORDOBA,MOMIL,DE LA CALLE LOMBANA HUMBERTO,180
CORDOBA,MOMIL,DUQUE MARQUEZ IVAN,2741
CORDOBA,MOMIL,FAJARDO VALDERRAMA SERGIO,142
CORDOBA,MOMIL,MORALES HOYOS VIVIANE ALEIDA,10
CORDOBA,MOMIL,PETRO URREGO GUSTAVO FRANCISCO,2735
CORDOBA,MOMIL,PROMOTORES VOTO EN BLANCO,6
CORDOBA,MOMIL,TARJETAS NO MARCADAS,18
CORDOBA,MOMIL,TRUJILLO SARMIENTO JORGE ANTONIO,22
CORDOBA,MOMIL,VARGAS LLERAS GERMAN,1642
CORDOBA,MOMIL,VOTOS EN BLANCO,49
CORDOBA,MOMIL,VOTOS NULOS,28
CORDOBA,MONITOS,DE LA CALLE LOMBANA HUMBERTO,271
CORDOBA,MONITOS,DUQUE MARQUEZ IVAN,2832
CORDOBA,MONITOS,FAJARDO VALDERRAMA SERGIO,94
CORDOBA,MONITOS,MORALES HOYOS VIVIANE ALEIDA,16
CORDOBA,MONITOS,PETRO URREGO GUSTAVO FRANCISCO,2824
CORDOBA,MONITOS,PROMOTORES VOTO EN BLANCO,7
CORDOBA,MONITOS,TARJETAS NO MARCADAS,38
CORDOBA,MONITOS,TRUJILLO SARMIENTO JORGE ANTONIO,31
CORDOBA,MONITOS,VARGAS LLERAS GERMAN,1097
CORDOBA,MONITOS,VOTOS EN BLANCO,45
CORDOBA,MONITOS,VOTOS NULOS,48
CORDOBA,MONTELIBANO,DE LA CALLE LOMBANA HUMBERTO,329
CORDOBA,MONTELIBANO,DUQUE MARQUEZ IVAN,5672
CORDOBA,MONTELIBANO,FAJARDO VALDERRAMA SERGIO,1118
CORDOBA,MONTELIBANO,MORALES HOYOS VIVIANE ALEIDA,97
CORDOBA,MONTELIBANO,PETRO URREGO GUSTAVO FRANCISCO,17628
CORDOBA,MONTELIBANO,PROMOTORES VOTO EN BLANCO,34
CORDOBA,MONTELIBANO,TARJETAS NO MARCADAS,86
CORDOBA,MONTELIBANO,TRUJILLO SARMIENTO JORGE ANTONIO,138
CORDOBA,MONTELIBANO,VARGAS LLERAS GERMAN,3142
CORDOBA,MONTELIBANO,VOTOS EN BLANCO,386
CORDOBA,MONTELIBANO,VOTOS NULOS,344
CORDOBA,MONTERIA,DE LA CALLE LOMBANA HUMBERTO,1673
CORDOBA,MONTERIA,DUQUE MARQUEZ IVAN,75290
CORDOBA,MONTERIA,FAJARDO VALDERRAMA SERGIO,9973
CORDOBA,MONTERIA,MORALES HOYOS VIVIANE ALEIDA,242
CORDOBA,MONTERIA,PETRO URREGO GUSTAVO FRANCISCO,60844
CORDOBA,MONTERIA,PROMOTORES VOTO EN BLANCO,149
CORDOBA,MONTERIA,TARJETAS NO MARCADAS,289
CORDOBA,MONTERIA,TRUJILLO SARMIENTO JORGE ANTONIO,698
CORDOBA,MONTERIA,VARGAS LLERAS GERMAN,10152
CORDOBA,MONTERIA,VOTOS EN BLANCO,2135
CORDOBA,MONTERIA,VOTOS NULOS,1439
CORDOBA,PLANETA RICA,DE LA CALLE LOMBANA HUMBERTO,275
CORDOBA,PLANETA RICA,DUQUE MARQUEZ IVAN,9047
CORDOBA,PLANETA RICA,FAJARDO VALDERRAMA SERGIO,872
CORDOBA,PLANETA RICA,MORALES HOYOS VIVIANE ALEIDA,39
CORDOBA,PLANETA RICA,PETRO URREGO GUSTAVO FRANCISCO,10459
CORDOBA,PLANETA RICA,PROMOTORES VOTO EN BLANCO,39
CORDOBA,PLANETA RICA,TARJETAS NO MARCADAS,86
CORDOBA,PLANETA RICA,TRUJILLO SARMIENTO JORGE ANTONIO,112
CORDOBA,PLANETA RICA,VARGAS LLERAS GERMAN,2947
CORDOBA,PLANETA RICA,VOTOS EN BLANCO,330
CORDOBA,PLANETA RICA,VOTOS NULOS,280
CORDOBA,PUEBLO NUEVO,DE LA CALLE LOMBANA HUMBERTO,93
CORDOBA,PUEBLO NUEVO,DUQUE MARQUEZ IVAN,5026
CORDOBA,PUEBLO NUEVO,FAJARDO VALDERRAMA SERGIO,309
CORDOBA,PUEBLO NUEVO,MORALES HOYOS VIVIANE ALEIDA,21
CORDOBA,PUEBLO NUEVO,PETRO URREGO GUSTAVO FRANCISCO,4139
CORDOBA,PUEBLO NUEVO,PROMOTORES VOTO EN BLANCO,10
CORDOBA,PUEBLO NUEVO,TARJETAS NO MARCADAS,25
CORDOBA,PUEBLO NUEVO,TRUJILLO SARMIENTO JORGE ANTONIO,74
CORDOBA,PUEBLO NUEVO,VARGAS LLERAS GERMAN,2044
CORDOBA,PUEBLO NUEVO,VOTOS EN BLANCO,96
CORDOBA,PUEBLO NUEVO,VOTOS NULOS,87
CORDOBA,PUERTO ESCONDIDO,DE LA CALLE LOMBANA HUMBERTO,423
CORDOBA,PUERTO ESCONDIDO,DUQUE MARQUEZ IVAN,3208
CORDOBA,PUERTO ESCONDIDO,FAJARDO VALDERRAMA SERGIO,163
CORDOBA,PUERTO ESCONDIDO,MORALES HOYOS VIVIANE ALEIDA,13
CORDOBA,PUERTO ESCONDIDO,PETRO URREGO GUSTAVO FRANCISCO,3077
CORDOBA,PUERTO ESCONDIDO,PROMOTORES VOTO EN BLANCO,6
CORDOBA,PUERTO ESCONDIDO,TARJETAS NO MARCADAS,31
CORDOBA,PUERTO ESCONDIDO,TRUJILLO SARMIENTO JORGE ANTONIO,30
CORDOBA,PUERTO ESCONDIDO,VARGAS LLERAS GERMAN,251
CORDOBA,PUERTO ESCONDIDO,VOTOS EN BLANCO,53
CORDOBA,PUERTO ESCONDIDO,VOTOS NULOS,36
CORDOBA,PUERTO LIBERTADOR,DE LA CALLE LOMBANA HUMBERTO,196
CORDOBA,PUERTO LIBERTADOR,DUQUE MARQUEZ IVAN,2265
CORDOBA,PUERTO LIBERTADOR,FAJARDO VALDERRAMA SERGIO,412
CORDOBA,PUERTO LIBERTADOR,MORALES HOYOS VIVIANE ALEIDA,28
CORDOBA,PUERTO LIBERTADOR,PETRO URREGO GUSTAVO FRANCISCO,7539
CORDOBA,PUERTO LIBERTADOR,PROMOTORES VOTO EN BLANCO,57
CORDOBA,PUERTO LIBERTADOR,TARJETAS NO MARCADAS,59
CORDOBA,PUERTO LIBERTADOR,TRUJILLO SARMIENTO JORGE ANTONIO,65
CORDOBA,PUERTO LIBERTADOR,VARGAS LLERAS GERMAN,1355
CORDOBA,PUERTO LIBERTADOR,VOTOS EN BLANCO,159
CORDOBA,PUERTO LIBERTADOR,VOTOS NULOS,148
CORDOBA,PURISIMA DE LA CONCEPCION,DE LA CALLE LOMBANA HUMBERTO,74
CORDOBA,PURISIMA DE LA CONCEPCION,DUQUE MARQUEZ IVAN,2398
CORDOBA,PURISIMA DE LA CONCEPCION,FAJARDO VALDERRAMA SERGIO,161
CORDOBA,PURISIMA DE LA CONCEPCION,MORALES HOYOS VIVIANE ALEIDA,11
CORDOBA,PURISIMA DE LA CONCEPCION,PETRO URREGO GUSTAVO FRANCISCO,1967
CORDOBA,PURISIMA DE LA CONCEPCION,PROMOTORES VOTO EN BLANCO,4
CORDOBA,PURISIMA DE LA CONCEPCION,TARJETAS NO MARCADAS,35
CORDOBA,PURISIMA DE LA CONCEPCION,TRUJILLO SARMIENTO JORGE ANTONIO,20
CORDOBA,PURISIMA DE LA CONCEPCION,VARGAS LLERAS GERMAN,1630
CORDOBA,PURISIMA DE LA CONCEPCION,VOTOS EN BLANCO,76
CORDOBA,PURISIMA DE LA CONCEPCION,VOTOS NULOS,45
CORDOBA,SAHAGUN,DE LA CALLE LOMBANA HUMBERTO,394
CORDOBA,SAHAGUN,DUQUE MARQUEZ IVAN,14694
CORDOBA,SAHAGUN,FAJARDO VALDERRAMA SERGIO,1312
CORDOBA,SAHAGUN,MORALES HOYOS VIVIANE ALEIDA,93
CORDOBA,SAHAGUN,PETRO URREGO GUSTAVO FRANCISCO,17570
CORDOBA,SAHAGUN,PROMOTORES VOTO EN BLANCO,48
CORDOBA,SAHAGUN,TARJETAS NO MARCADAS,110
CORDOBA,SAHAGUN,TRUJILLO SARMIENTO JORGE ANTONIO,290
CORDOBA,SAHAGUN,VARGAS LLERAS GERMAN,4448
CORDOBA,SAHAGUN,VOTOS EN BLANCO,366
CORDOBA,SAHAGUN,VOTOS NULOS,330
CORDOBA,SAN ANDRES DE SOTAVENTO,DE LA CALLE LOMBANA HUMBERTO,437
CORDOBA,SAN ANDRES DE SOTAVENTO,DUQUE MARQUEZ IVAN,3817
CORDOBA,SAN ANDRES DE SOTAVENTO,FAJARDO VALDERRAMA SERGIO,160
CORDOBA,SAN ANDRES DE SOTAVENTO,MORALES HOYOS VIVIANE ALEIDA,40
CORDOBA,SAN ANDRES DE SOTAVENTO,PETRO URREGO GUSTAVO FRANCISCO,5259
CORDOBA,SAN ANDRES DE SOTAVENTO,PROMOTORES VOTO EN BLANCO,8
CORDOBA,SAN ANDRES DE SOTAVENTO,TARJETAS NO MARCADAS,62
CORDOBA,SAN ANDRES DE SOTAVENTO,TRUJILLO SARMIENTO JORGE ANTONIO,129
CORDOBA,SAN ANDRES DE SOTAVENTO,VARGAS LLERAS GERMAN,3750
CORDOBA,SAN ANDRES DE SOTAVENTO,VOTOS EN BLANCO,90
CORDOBA,SAN ANDRES DE SOTAVENTO,VOTOS NULOS,127
CORDOBA,SAN ANTERO,DE LA CALLE LOMBANA HUMBERTO,635
CORDOBA,SAN ANTERO,DUQUE MARQUEZ IVAN,5083
CORDOBA,SAN ANTERO,FAJARDO VALDERRAMA SERGIO,224
CORDOBA,SAN ANTERO,MORALES HOYOS VIVIANE ALEIDA,16
CORDOBA,SAN ANTERO,PETRO URREGO GUSTAVO FRANCISCO,3717
CORDOBA,SAN ANTERO,PROMOTORES VOTO EN BLANCO,15
CORDOBA,SAN ANTERO,TARJETAS NO MARCADAS,30
CORDOBA,SAN ANTERO,TRUJILLO SARMIENTO JORGE ANTONIO,30
CORDOBA,SAN ANTERO,VARGAS LLERAS GERMAN,668
CORDOBA,SAN ANTERO,VOTOS EN BLANCO,94
CORDOBA,SAN ANTERO,VOTOS NULOS,94
CORDOBA,SAN BERNARDO DEL VIENTO,DE LA CALLE LOMBANA HUMBERTO,198
CORDOBA,SAN BERNARDO DEL VIENTO,DUQUE MARQUEZ IVAN,2114
CORDOBA,SAN BERNARDO DEL VIENTO,FAJARDO VALDERRAMA SERGIO,210
CORDOBA,SAN BERNARDO DEL VIENTO,MORALES HOYOS VIVIANE ALEIDA,8
CORDOBA,SAN BERNARDO DEL VIENTO,PETRO URREGO GUSTAVO FRANCISCO,5723
CORDOBA,SAN BERNARDO DEL VIENTO,PROMOTORES VOTO EN BLANCO,4
CORDOBA,SAN BERNARDO DEL VIENTO,TARJETAS NO MARCADAS,28
CORDOBA,SAN BERNARDO DEL VIENTO,TRUJILLO SARMIENTO JORGE ANTONIO,63
CORDOBA,SAN BERNARDO DEL VIENTO,VARGAS LLERAS GERMAN,2289
CORDOBA,SAN BERNARDO DEL VIENTO,VOTOS EN BLANCO,87
CORDOBA,SAN BERNARDO DEL VIENTO,VOTOS NULOS,82
CORDOBA,SAN CARLOS,DE LA CALLE LOMBANA HUMBERTO,118
CORDOBA,SAN CARLOS,DUQUE MARQUEZ IVAN,3818
CORDOBA,SAN CARLOS,FAJARDO VALDERRAMA SERGIO,172
CORDOBA,SAN CARLOS,MORALES HOYOS VIVIANE ALEIDA,22
CORDOBA,SAN CARLOS,PETRO URREGO GUSTAVO FRANCISCO,2925
CORDOBA,SAN CARLOS,PROMOTORES VOTO EN BLANCO,9
CORDOBA,SAN CARLOS,TARJETAS NO MARCADAS,32
CORDOBA,SAN CARLOS,TRUJILLO SARMIENTO JORGE ANTONIO,34
CORDOBA,SAN CARLOS,VARGAS LLERAS GERMAN,958
CORDOBA,SAN CARLOS,VOTOS EN BLANCO,66
CORDOBA,SAN CARLOS,VOTOS NULOS,54
CORDOBA,SAN JOSE DE URE,DE LA CALLE LOMBANA HUMBERTO,52
CORDOBA,SAN JOSE DE URE,DUQUE MARQUEZ IVAN,673
CORDOBA,SAN JOSE DE URE,FAJARDO VALDERRAMA SERGIO,91
CORDOBA,SAN JOSE DE URE,MORALES HOYOS VIVIANE ALEIDA,3
CORDOBA,SAN JOSE DE URE,PETRO URREGO GUSTAVO FRANCISCO,1868
CORDOBA,SAN JOSE DE URE,PROMOTORES VOTO EN BLANCO,3
CORDOBA,SAN JOSE DE URE,TARJETAS NO MARCADAS,10
CORDOBA,SAN JOSE DE URE,TRUJILLO SARMIENTO JORGE ANTONIO,18
CORDOBA,SAN JOSE DE URE,VARGAS LLERAS GERMAN,483
CORDOBA,SAN JOSE DE URE,VOTOS EN BLANCO,36
CORDOBA,SAN JOSE DE URE,VOTOS NULOS,33
CORDOBA,SAN PELAYO,DE LA CALLE LOMBANA HUMBERTO,164
CORDOBA,SAN PELAYO,DUQUE MARQUEZ IVAN,6553
CORDOBA,SAN PELAYO,FAJARDO VALDERRAMA SERGIO,405
CORDOBA,SAN PELAYO,MORALES HOYOS VIVIANE ALEIDA,36
CORDOBA,SAN PELAYO,PETRO URREGO GUSTAVO FRANCISCO,7931
CORDOBA,SAN PELAYO,PROMOTORES VOTO EN BLANCO,17
CORDOBA,SAN PELAYO,TARJETAS NO MARCADAS,29
CORDOBA,SAN PELAYO,TRUJILLO SARMIENTO JORGE ANTONIO,52
CORDOBA,SAN PELAYO,VARGAS LLERAS GERMAN,2022
CORDOBA,SAN PELAYO,VOTOS EN BLANCO,115
CORDOBA,SAN PELAYO,VOTOS NULOS,105
CORDOBA,TIERRALTA,DE LA CALLE LOMBANA HUMBERTO,503
CORDOBA,TIERRALTA,DUQUE MARQUEZ IVAN,10393
CORDOBA,TIERRALTA,FAJARDO VALDERRAMA SERGIO,648
CORDOBA,TIERRALTA,MORALES HOYOS VIVIANE ALEIDA,61
CORDOBA,TIERRALTA,PETRO URREGO GUSTAVO FRANCISCO,10144
CORDOBA,TIERRALTA,PROMOTORES VOTO EN BLANCO,44
CORDOBA,TIERRALTA,TARJETAS NO MARCADAS,101
CORDOBA,TIERRALTA,TRUJILLO SARMIENTO JORGE ANTONIO,86
CORDOBA,TIERRALTA,VARGAS LLERAS GERMAN,1438
CORDOBA,TIERRALTA,VOTOS EN BLANCO,338
CORDOBA,TIERRALTA,VOTOS NULOS,284
CORDOBA,TUCHIN,DE LA CALLE LOMBANA HUMBERTO,355
CORDOBA,TUCHIN,DUQUE MARQUEZ IVAN,3779
CORDOBA,TUCHIN,FAJARDO VALDERRAMA SERGIO,136
CORDOBA,TUCHIN,MORALES HOYOS VIVIANE ALEIDA,22
CORDOBA,TUCHIN,PETRO URREGO GUSTAVO FRANCISCO,3198
CORDOBA,TUCHIN,PROMOTORES VOTO EN BLANCO,4
CORDOBA,TUCHIN,TARJETAS NO MARCADAS,61
CORDOBA,TUCHIN,TRUJILLO SARMIENTO JORGE ANTONIO,117
CORDOBA,TUCHIN,VARGAS LLERAS GERMAN,2967
CORDOBA,TUCHIN,VOTOS EN BLANCO,46
CORDOBA,TUCHIN,VOTOS NULOS,120
CORDOBA,VALENCIA,DE LA CALLE LOMBANA HUMBERTO,395
CORDOBA,VALENCIA,DUQUE MARQUEZ IVAN,4533
CORDOBA,VALENCIA,FAJARDO VALDERRAMA SERGIO,337
CORDOBA,VALENCIA,MORALES HOYOS VIVIANE ALEIDA,11
CORDOBA,VALENCIA,PETRO URREGO GUSTAVO FRANCISCO,3062
CORDOBA,VALENCIA,PROMOTORES VOTO EN BLANCO,17
CORDOBA,VALENCIA,TARJETAS NO MARCADAS,38
CORDOBA,VALENCIA,TRUJILLO SARMIENTO JORGE ANTONIO,46
CORDOBA,VALENCIA,VARGAS LLERAS GERMAN,1716
CORDOBA,VALENCIA,VOTOS EN BLANCO,112
CORDOBA,VALENCIA,VOTOS NULOS,69
CUNDINAMARCA,AGUA DE DIOS,DE LA CALLE LOMBANA HUMBERTO,201
CUNDINAMARCA,AGUA DE DIOS,DUQUE MARQUEZ IVAN,1868
CUNDINAMARCA,AGUA DE DIOS,FAJARDO VALDERRAMA SERGIO,1094
CUNDINAMARCA,AGUA DE DIOS,MORALES HOYOS VIVIANE ALEIDA,8
CUNDINAMARCA,AGUA DE DIOS,PETRO URREGO GUSTAVO FRANCISCO,1089
CUNDINAMARCA,AGUA DE DIOS,PROMOTORES VOTO EN BLANCO,12
CUNDINAMARCA,AGUA DE DIOS,TARJETAS NO MARCADAS,17
CUNDINAMARCA,AGUA DE DIOS,TRUJILLO SARMIENTO JORGE ANTONIO,19
CUNDINAMARCA,AGUA DE DIOS,VARGAS LLERAS GERMAN,1031
CUNDINAMARCA,AGUA DE DIOS,VOTOS EN BLANCO,120
CUNDINAMARCA,AGUA DE DIOS,VOTOS NULOS,83
CUNDINAMARCA,ALBAN,DE LA CALLE LOMBANA HUMBERTO,21
CUNDINAMARCA,ALBAN,DUQUE MARQUEZ IVAN,1613
CUNDINAMARCA,ALBAN,FAJARDO VALDERRAMA SERGIO,722
CUNDINAMARCA,ALBAN,MORALES HOYOS VIVIANE ALEIDA,8
CUNDINAMARCA,ALBAN,PETRO URREGO GUSTAVO FRANCISCO,303
CUNDINAMARCA,ALBAN,PROMOTORES VOTO EN BLANCO,7
CUNDINAMARCA,ALBAN,TARJETAS NO MARCADAS,14
CUNDINAMARCA,ALBAN,TRUJILLO SARMIENTO JORGE ANTONIO,9
CUNDINAMARCA,ALBAN,VARGAS LLERAS GERMAN,125
CUNDINAMARCA,ALBAN,VOTOS EN BLANCO,57
CUNDINAMARCA,ALBAN,VOTOS NULOS,42
CUNDINAMARCA,ANAPOIMA,DE LA CALLE LOMBANA HUMBERTO,192
CUNDINAMARCA,ANAPOIMA,DUQUE MARQUEZ IVAN,4417
CUNDINAMARCA,ANAPOIMA,FAJARDO VALDERRAMA SERGIO,1222
CUNDINAMARCA,ANAPOIMA,MORALES HOYOS VIVIANE ALEIDA,16
CUNDINAMARCA,ANAPOIMA,PETRO URREGO GUSTAVO FRANCISCO,763
CUNDINAMARCA,ANAPOIMA,PROMOTORES VOTO EN BLANCO,3
CUNDINAMARCA,ANAPOIMA,TARJETAS NO MARCADAS,17
CUNDINAMARCA,ANAPOIMA,TRUJILLO SARMIENTO JORGE ANTONIO,22
CUNDINAMARCA,ANAPOIMA,VARGAS LLERAS GERMAN,577
CUNDINAMARCA,ANAPOIMA,VOTOS EN BLANCO,79
CUNDINAMARCA,ANAPOIMA,VOTOS NULOS,47
CUNDINAMARCA,ANOLAIMA,DE LA CALLE LOMBANA HUMBERTO,101
CUNDINAMARCA,ANOLAIMA,DUQUE MARQUEZ IVAN,3558
CUNDINAMARCA,ANOLAIMA,FAJARDO VALDERRAMA SERGIO,1275
CUNDINAMARCA,ANOLAIMA,MORALES HOYOS VIVIANE ALEIDA,10
CUNDINAMARCA,ANOLAIMA,PETRO URREGO GUSTAVO FRANCISCO,791
CUNDINAMARCA,ANOLAIMA,PROMOTORES VOTO EN BLANCO,10
CUNDINAMARCA,ANOLAIMA,TARJETAS NO MARCADAS,20
CUNDINAMARCA,ANOLAIMA,TRUJILLO SARMIENTO JORGE ANTONIO,20
CUNDINAMARCA,ANOLAIMA,VARGAS LLERAS GERMAN,610
CUNDINAMARCA,ANOLAIMA,VOTOS EN BLANCO,85
CUNDINAMARCA,ANOLAIMA,VOTOS NULOS,84
CUNDINAMARCA,APULO,DE LA CALLE LOMBANA HUMBERTO,231
CUNDINAMARCA,APULO,DUQUE MARQUEZ IVAN,2339
CUNDINAMARCA,APULO,FAJARDO VALDERRAMA SERGIO,575
CUNDINAMARCA,APULO,MORALES HOYOS VIVIANE ALEIDA,8
CUNDINAMARCA,APULO,PETRO URREGO GUSTAVO FRANCISCO,409
CUNDINAMARCA,APULO,PROMOTORES VOTO EN BLANCO,8
CUNDINAMARCA,APULO,TARJETAS NO MARCADAS,18
CUNDINAMARCA,APULO,TRUJILLO SARMIENTO JORGE ANTONIO,8
CUNDINAMARCA,APULO,VARGAS LLERAS GERMAN,475
CUNDINAMARCA,APULO,VOTOS EN BLANCO,44
CUNDINAMARCA,APULO,VOTOS NULOS,36
CUNDINAMARCA,ARBELAEZ,DE LA CALLE LOMBANA HUMBERTO,72
CUNDINAMARCA,ARBELAEZ,DUQUE MARQUEZ IVAN,3229
CUNDINAMARCA,ARBELAEZ,FAJARDO VALDERRAMA SERGIO,1155
CUNDINAMARCA,ARBELAEZ,MORALES HOYOS VIVIANE ALEIDA,9
CUNDINAMARCA,ARBELAEZ,PETRO URREGO GUSTAVO FRANCISCO,696
CUNDINAMARCA,ARBELAEZ,PROMOTORES VOTO EN BLANCO,14
CUNDINAMARCA,ARBELAEZ,TARJETAS NO MARCADAS,9
CUNDINAMARCA,ARBELAEZ,TRUJILLO SARMIENTO JORGE ANTONIO,17
CUNDINAMARCA,ARBELAEZ,VARGAS LLERAS GERMAN,323
CUNDINAMARCA,ARBELAEZ,VOTOS EN BLANCO,124
CUNDINAMARCA,ARBELAEZ,VOTOS NULOS,70
CUNDINAMARCA,BELTRAN,DE LA CALLE LOMBANA HUMBERTO,12
CUNDINAMARCA,BELTRAN,DUQUE MARQUEZ IVAN,583
CUNDINAMARCA,BELTRAN,FAJARDO VALDERRAMA SERGIO,71
CUNDINAMARCA,BELTRAN,MORALES HOYOS VIVIANE ALEIDA,3
CUNDINAMARCA,BELTRAN,PETRO URREGO GUSTAVO FRANCISCO,163
CUNDINAMARCA,BELTRAN,PROMOTORES VOTO EN BLANCO,2
CUNDINAMARCA,BELTRAN,TARJETAS NO MARCADAS,3
CUNDINAMARCA,BELTRAN,TRUJILLO SARMIENTO JORGE ANTONIO,2
CUNDINAMARCA,BELTRAN,VARGAS LLERAS GERMAN,224
CUNDINAMARCA,BELTRAN,VOTOS EN BLANCO,11
CUNDINAMARCA,BELTRAN,VOTOS NULOS,10
CUNDINAMARCA,BITUIMA,DE LA CALLE LOMBANA HUMBERTO,11
CUNDINAMARCA,BITUIMA,DUQUE MARQUEZ IVAN,667
CUNDINAMARCA,BITUIMA,FAJARDO VALDERRAMA SERGIO,203
CUNDINAMARCA,BITUIMA,MORALES HOYOS VIVIANE ALEIDA,1
CUNDINAMARCA,BITUIMA,PETRO URREGO GUSTAVO FRANCISCO,128
CUNDINAMARCA,BITUIMA,PROMOTORES VOTO EN BLANCO,2
CUNDINAMARCA,BITUIMA,TARJETAS NO MARCADAS,6
CUNDINAMARCA,BITUIMA,TRUJILLO SARMIENTO JORGE ANTONIO,3
CUNDINAMARCA,BITUIMA,VARGAS LLERAS GERMAN,237
CUNDINAMARCA,BITUIMA,VOTOS EN BLANCO,6
CUNDINAMARCA,BITUIMA,VOTOS NULOS,11
CUNDINAMARCA,BOJACA,DE LA CALLE LOMBANA HUMBERTO,76
CUNDINAMARCA,BOJACA,DUQUE MARQUEZ IVAN,1439
CUNDINAMARCA,BOJACA,FAJARDO VALDERRAMA SERGIO,1253
CUNDINAMARCA,BOJACA,MORALES HOYOS VIVIANE ALEIDA,9
CUNDINAMARCA,BOJACA,PETRO URREGO GUSTAVO FRANCISCO,651
CUNDINAMARCA,BOJACA,PROMOTORES VOTO EN BLANCO,8
CUNDINAMARCA,BOJACA,TARJETAS NO MARCADAS,11
CUNDINAMARCA,BOJACA,TRUJILLO SARMIENTO JORGE ANTONIO,22
CUNDINAMARCA,BOJACA,VARGAS LLERAS GERMAN,827
CUNDINAMARCA,BOJACA,VOTOS EN BLANCO,99
CUNDINAMARCA,BOJACA,VOTOS NULOS,137
CUNDINAMARCA,CABRERA,DE LA CALLE LOMBANA HUMBERTO,33
CUNDINAMARCA,CABRERA,DUQUE MARQUEZ IVAN,476
CUNDINAMARCA,CABRERA,FAJARDO VALDERRAMA SERGIO,86
CUNDINAMARCA,CABRERA,MORALES HOYOS VIVIANE ALEIDA,5
CUNDINAMARCA,CABRERA,PETRO URREGO GUSTAVO FRANCISCO,1066
CUNDINAMARCA,CABRERA,TARJETAS NO MARCADAS,12
CUNDINAMARCA,CABRERA,TRUJILLO SARMIENTO JORGE ANTONIO,8
CUNDINAMARCA,CABRERA,VARGAS LLERAS GERMAN,96
CUNDINAMARCA,CABRERA,VOTOS EN BLANCO,26
CUNDINAMARCA,CABRERA,VOTOS NULOS,19
CUNDINAMARCA,CACHIPAY,DE LA CALLE LOMBANA HUMBERTO,103
CUNDINAMARCA,CACHIPAY,DUQUE MARQUEZ IVAN,2460
CUNDINAMARCA,CACHIPAY,FAJARDO VALDERRAMA SERGIO,1239
CUNDINAMARCA,CACHIPAY,MORALES HOYOS VIVIANE ALEIDA,10
CUNDINAMARCA,CACHIPAY,PETRO URREGO GUSTAVO FRANCISCO,747
CUNDINAMARCA,CACHIPAY,PROMOTORES VOTO EN BLANCO,15
CUNDINAMARCA,CACHIPAY,TARJETAS NO MARCADAS,14
CUNDINAMARCA,CACHIPAY,TRUJILLO SARMIENTO JORGE ANTONIO,15
CUNDINAMARCA,CACHIPAY,VARGAS LLERAS GERMAN,647
CUNDINAMARCA,CACHIPAY,VOTOS EN BLANCO,77
CUNDINAMARCA,CACHIPAY,VOTOS NULOS,67
CUNDINAMARCA,CAJICA,DE LA CALLE LOMBANA HUMBERTO,631
CUNDINAMARCA,CAJICA,DUQUE MARQUEZ IVAN,11314
CUNDINAMARCA,CAJICA,FAJARDO VALDERRAMA SERGIO,14230
CUNDINAMARCA,CAJICA,MORALES HOYOS VIVIANE ALEIDA,49
CUNDINAMARCA,CAJICA,PETRO URREGO GUSTAVO FRANCISCO,5626
CUNDINAMARCA,CAJICA,PROMOTORES VOTO EN BLANCO,49
CUNDINAMARCA,CAJICA,TARJETAS NO MARCADAS,29
CUNDINAMARCA,CAJICA,TRUJILLO SARMIENTO JORGE ANTONIO,76
CUNDINAMARCA,CAJICA,VARGAS LLERAS GERMAN,1530
CUNDINAMARCA,CAJICA,VOTOS EN BLANCO,701
CUNDINAMARCA,CAJICA,VOTOS NULOS,467
CUNDINAMARCA,CAPARRAPI,DE LA CALLE LOMBANA HUMBERTO,54
CUNDINAMARCA,CAPARRAPI,DUQUE MARQUEZ IVAN,3549
CUNDINAMARCA,CAPARRAPI,FAJARDO VALDERRAMA SERGIO,327
CUNDINAMARCA,CAPARRAPI,MORALES HOYOS VIVIANE ALEIDA,18
CUNDINAMARCA,CAPARRAPI,PETRO URREGO GUSTAVO FRANCISCO,346
CUNDINAMARCA,CAPARRAPI,PROMOTORES VOTO EN BLANCO,10
CUNDINAMARCA,CAPARRAPI,TARJETAS NO MARCADAS,30
CUNDINAMARCA,CAPARRAPI,TRUJILLO SARMIENTO JORGE ANTONIO,22
CUNDINAMARCA,CAPARRAPI,VARGAS LLERAS GERMAN,541
CUNDINAMARCA,CAPARRAPI,VOTOS EN BLANCO,81
CUNDINAMARCA,CAPARRAPI,VOTOS NULOS,66
CUNDINAMARCA,CAQUEZA,DE LA CALLE LOMBANA HUMBERTO,66
CUNDINAMARCA,CAQUEZA,DUQUE MARQUEZ IVAN,4550
CUNDINAMARCA,CAQUEZA,FAJARDO VALDERRAMA SERGIO,1668
CUNDINAMARCA,CAQUEZA,MORALES HOYOS VIVIANE ALEIDA,16
CUNDINAMARCA,CAQUEZA,PETRO URREGO GUSTAVO FRANCISCO,1579
CUNDINAMARCA,CAQUEZA,PROMOTORES VOTO EN BLANCO,20
CUNDINAMARCA,CAQUEZA,TARJETAS NO MARCADAS,17
CUNDINAMARCA,CAQUEZA,TRUJILLO SARMIENTO JORGE ANTONIO,13
CUNDINAMARCA,CAQUEZA,VARGAS LLERAS GERMAN,644
CUNDINAMARCA,CAQUEZA,VOTOS EN BLANCO,156
CUNDINAMARCA,CAQUEZA,VOTOS NULOS,143
CUNDINAMARCA,CARMEN DE CARUPA,DE LA CALLE LOMBANA HUMBERTO,30
CUNDINAMARCA,CARMEN DE CARUPA,DUQUE MARQUEZ IVAN,1577
CUNDINAMARCA,CARMEN DE CARUPA,FAJARDO VALDERRAMA SERGIO,664
CUNDINAMARCA,CARMEN DE CARUPA,MORALES HOYOS VIVIANE ALEIDA,4
CUNDINAMARCA,CARMEN DE CARUPA,PETRO URREGO GUSTAVO FRANCISCO,310
CUNDINAMARCA,CARMEN DE CARUPA,PROMOTORES VOTO EN BLANCO,8
CUNDINAMARCA,CARMEN DE CARUPA,TARJETAS NO MARCADAS,14
CUNDINAMARCA,CARMEN DE CARUPA,TRUJILLO SARMIENTO JORGE ANTONIO,6
CUNDINAMARCA,CARMEN DE CARUPA,VARGAS LLERAS GERMAN,317
CUNDINAMARCA,CARMEN DE CARUPA,VOTOS EN BLANCO,105
CUNDINAMARCA,CARMEN DE CARUPA,VOTOS NULOS,58
CUNDINAMARCA,CHAGUANI,DE LA CALLE LOMBANA HUMBERTO,14
CUNDINAMARCA,CHAGUANI,DUQUE MARQUEZ IVAN,1162
CUNDINAMARCA,CHAGUANI,FAJARDO VALDERRAMA SERGIO,135
CUNDINAMARCA,CHAGUANI,MORALES HOYOS VIVIANE ALEIDA,6
CUNDINAMARCA,CHAGUANI,PETRO URREGO GUSTAVO FRANCISCO,167
CUNDINAMARCA,CHAGUANI,TARJETAS NO MARCADAS,4
CUNDINAMARCA,CHAGUANI,TRUJILLO SARMIENTO JORGE ANTONIO,6
CUNDINAMARCA,CHAGUANI,VARGAS LLERAS GERMAN,343
CUNDINAMARCA,CHAGUANI,VOTOS EN BLANCO,19
CUNDINAMARCA,CHAGUANI,VOTOS NULOS,8
CUNDINAMARCA,CHIA,DE LA CALLE LOMBANA HUMBERTO,1490
CUNDINAMARCA,CHIA,DUQUE MARQUEZ IVAN,23450
CUNDINAMARCA,CHIA,FAJARDO VALDERRAMA SERGIO,27107
CUNDINAMARCA,CHIA,MORALES HOYOS VIVIANE ALEIDA,112
CUNDINAMARCA,CHIA,PETRO URREGO GUSTAVO FRANCISCO,9077
CUNDINAMARCA,CHIA,PROMOTORES VOTO EN BLANCO,79
CUNDINAMARCA,CHIA,TARJETAS NO MARCADAS,45
CUNDINAMARCA,CHIA,TRUJILLO SARMIENTO JORGE ANTONIO,413
CUNDINAMARCA,CHIA,VARGAS LLERAS GERMAN,3079
CUNDINAMARCA,CHIA,VOTOS EN BLANCO,1074
CUNDINAMARCA,CHIA,VOTOS NULOS,548
CUNDINAMARCA,CHIPAQUE,DE LA CALLE LOMBANA HUMBERTO,63
CUNDINAMARCA,CHIPAQUE,DUQUE MARQUEZ IVAN,2595
CUNDINAMARCA,CHIPAQUE,FAJARDO VALDERRAMA SERGIO,892
CUNDINAMARCA,CHIPAQUE,MORALES HOYOS VIVIANE ALEIDA,5
CUNDINAMARCA,CHIPAQUE,PETRO URREGO GUSTAVO FRANCISCO,866
CUNDINAMARCA,CHIPAQUE,PROMOTORES VOTO EN BLANCO,8
CUNDINAMARCA,CHIPAQUE,TARJETAS NO MARCADAS,8
CUNDINAMARCA,CHIPAQUE,TRUJILLO SARMIENTO JORGE ANTONIO,9
CUNDINAMARCA,CHIPAQUE,VARGAS LLERAS GERMAN,206
CUNDINAMARCA,CHIPAQUE,VOTOS EN BLANCO,75
CUNDINAMARCA,CHIPAQUE,VOTOS NULOS,57
CUNDINAMARCA,CHOACHI,DE LA CALLE LOMBANA HUMBERTO,62
CUNDINAMARCA,CHOACHI,DUQUE MARQUEZ IVAN,4142
CUNDINAMARCA,CHOACHI,FAJARDO VALDERRAMA SERGIO,1615
CUNDINAMARCA,CHOACHI,MORALES HOYOS VIVIANE ALEIDA,8
CUNDINAMARCA,CHOACHI,PETRO URREGO GUSTAVO FRANCISCO,712
CUNDINAMARCA,CHOACHI,PROMOTORES VOTO EN BLANCO,6
CUNDINAMARCA,CHOACHI,TARJETAS NO MARCADAS,10
CUNDINAMARCA,CHOACHI,TRUJILLO SARMIENTO JORGE ANTONIO,7
CUNDINAMARCA,CHOACHI,VARGAS LLERAS GERMAN,358
CUNDINAMARCA,CHOACHI,VOTOS EN BLANCO,126
CUNDINAMARCA,CHOACHI,VOTOS NULOS,83
CUNDINAMARCA,CHOCONTA,DE LA CALLE LOMBANA HUMBERTO,164
CUNDINAMARCA,CHOCONTA,DUQUE MARQUEZ IVAN,4268
CUNDINAMARCA,CHOCONTA,FAJARDO VALDERRAMA SERGIO,2592
CUNDINAMARCA,CHOCONTA,MORALES HOYOS VIVIANE ALEIDA,21
CUNDINAMARCA,CHOCONTA,PETRO URREGO GUSTAVO FRANCISCO,1007
CUNDINAMARCA,CHOCONTA,PROMOTORES VOTO EN BLANCO,15
CUNDINAMARCA,CHOCONTA,TARJETAS NO MARCADAS,31
CUNDINAMARCA,CHOCONTA,TRUJILLO SARMIENTO JORGE ANTONIO,18
CUNDINAMARCA,CHOCONTA,VARGAS LLERAS GERMAN,449
CUNDINAMARCA,CHOCONTA,VOTOS EN BLANCO,180
CUNDINAMARCA,CHOCONTA,VOTOS NULOS,217
CUNDINAMARCA,COGUA,DE LA CALLE LOMBANA HUMBERTO,139
CUNDINAMARCA,COGUA,DUQUE MARQUEZ IVAN,3310
CUNDINAMARCA,COGUA,FAJARDO VALDERRAMA SERGIO,3267
CUNDINAMARCA,COGUA,MORALES HOYOS VIVIANE ALEIDA,17
CUNDINAMARCA,COGUA,PETRO URREGO GUSTAVO FRANCISCO,2278
CUNDINAMARCA,COGUA,PROMOTORES VOTO EN BLANCO,20
CUNDINAMARCA,COGUA,TARJETAS NO MARCADAS,16
CUNDINAMARCA,COGUA,TRUJILLO SARMIENTO JORGE ANTONIO,17
CUNDINAMARCA,COGUA,VARGAS LLERAS GERMAN,376
CUNDINAMARCA,COGUA,VOTOS EN BLANCO,248
CUNDINAMARCA,COGUA,VOTOS NULOS,189
CUNDINAMARCA,COTA,DE LA CALLE LOMBANA HUMBERTO,273
CUNDINAMARCA,COTA,DUQUE MARQUEZ IVAN,6309
CUNDINAMARCA,COTA,FAJARDO VALDERRAMA SERGIO,6005
CUNDINAMARCA,COTA,MORALES HOYOS VIVIANE ALEIDA,23
CUNDINAMARCA,COTA,PETRO URREGO GUSTAVO FRANCISCO,2655
CUNDINAMARCA,COTA,PROMOTORES VOTO EN BLANCO,25
CUNDINAMARCA,COTA,TARJETAS NO MARCADAS,18
CUNDINAMARCA,COTA,TRUJILLO SARMIENTO JORGE ANTONIO,44
CUNDINAMARCA,COTA,VARGAS LLERAS GERMAN,932
CUNDINAMARCA,COTA,VOTOS EN BLANCO,275
CUNDINAMARCA,COTA,VOTOS NULOS,152
CUNDINAMARCA,CUCUNUBA,DE LA CALLE LOMBANA HUMBERTO,69
CUNDINAMARCA,CUCUNUBA,DUQUE MARQUEZ IVAN,1634
CUNDINAMARCA,CUCUNUBA,FAJARDO VALDERRAMA SERGIO,626
CUNDINAMARCA,CUCUNUBA,MORALES HOYOS VIVIANE ALEIDA,10
CUNDINAMARCA,CUCUNUBA,PETRO URREGO GUSTAVO FRANCISCO,246
CUNDINAMARCA,CUCUNUBA,PROMOTORES VOTO EN BLANCO,4
CUNDINAMARCA,CUCUNUBA,TARJETAS NO MARCADAS,7
CUNDINAMARCA,CUCUNUBA,TRUJILLO SARMIENTO JORGE ANTONIO,4
CUNDINAMARCA,CUCUNUBA,VARGAS LLERAS GERMAN,190
CUNDINAMARCA,CUCUNUBA,VOTOS EN BLANCO,101
CUNDINAMARCA,CUCUNUBA,VOTOS NULOS,92
CUNDINAMARCA,EL COLEGIO,DE LA CALLE LOMBANA HUMBERTO,197
CUNDINAMARCA,EL COLEGIO,DUQUE MARQUEZ IVAN,5699
CUNDINAMARCA,EL COLEGIO,FAJARDO VALDERRAMA SERGIO,2003
CUNDINAMARCA,EL COLEGIO,MORALES HOYOS VIVIANE ALEIDA,16
CUNDINAMARCA,EL COLEGIO,PETRO URREGO GUSTAVO FRANCISCO,2163
CUNDINAMARCA,EL COLEGIO,PROMOTORES VOTO EN BLANCO,15
CUNDINAMARCA,EL COLEGIO,TARJETAS NO MARCADAS,26
CUNDINAMARCA,EL COLEGIO,TRUJILLO SARMIENTO JORGE ANTONIO,21
CUNDINAMARCA,EL COLEGIO,VARGAS LLERAS GERMAN,2108
CUNDINAMARCA,EL COLEGIO,VOTOS EN BLANCO,155
CUNDINAMARCA,EL COLEGIO,VOTOS NULOS,132
CUNDINAMARCA,EL PENON,DE LA CALLE LOMBANA HUMBERTO,15
CUNDINAMARCA,EL PENON,DUQUE MARQUEZ IVAN,1666
CUNDINAMARCA,EL PENON,FAJARDO VALDERRAMA SERGIO,167
CUNDINAMARCA,EL PENON,MORALES HOYOS VIVIANE ALEIDA,8
CUNDINAMARCA,EL PENON,PETRO URREGO GUSTAVO FRANCISCO,123
CUNDINAMARCA,EL PENON,PROMOTORES VOTO EN BLANCO,3
CUNDINAMARCA,EL PENON,TARJETAS NO MARCADAS,12
CUNDINAMARCA,EL PENON,TRUJILLO SARMIENTO JORGE ANTONIO,10
CUNDINAMARCA,EL PENON,VARGAS LLERAS GERMAN,210
CUNDINAMARCA,EL PENON,VOTOS EN BLANCO,22
CUNDINAMARCA,EL PENON,VOTOS NULOS,16
CUNDINAMARCA,EL ROSAL,DE LA CALLE LOMBANA HUMBERTO,145
CUNDINAMARCA,EL ROSAL,DUQUE MARQUEZ IVAN,6021
CUNDINAMARCA,EL ROSAL,FAJARDO VALDERRAMA SERGIO,3065
CUNDINAMARCA,EL ROSAL,MORALES HOYOS VIVIANE ALEIDA,23
CUNDINAMARCA,EL ROSAL,PETRO URREGO GUSTAVO FRANCISCO,1251
CUNDINAMARCA,EL ROSAL,PROMOTORES VOTO EN BLANCO,13
CUNDINAMARCA,EL ROSAL,TARJETAS NO MARCADAS,30
CUNDINAMARCA,EL ROSAL,TRUJILLO SARMIENTO JORGE ANTONIO,29
CUNDINAMARCA,EL ROSAL,VARGAS LLERAS GERMAN,673
CUNDINAMARCA,EL ROSAL,VOTOS EN BLANCO,286
CUNDINAMARCA,EL ROSAL,VOTOS NULOS,394
CUNDINAMARCA,FACATATIVA,DE LA CALLE LOMBANA HUMBERTO,1297
CUNDINAMARCA,FACATATIVA,DUQUE MARQUEZ IVAN,20694
CUNDINAMARCA,FACATATIVA,FAJARDO VALDERRAMA SERGIO,21553
CUNDINAMARCA,FACATATIVA,MORALES HOYOS VIVIANE ALEIDA,195
CUNDINAMARCA,FACATATIVA,PETRO URREGO GUSTAVO FRANCISCO,13368
CUNDINAMARCA,FACATATIVA,PROMOTORES VOTO EN BLANCO,128
CUNDINAMARCA,FACATATIVA,TARJETAS NO MARCADAS,61
CUNDINAMARCA,FACATATIVA,TRUJILLO SARMIENTO JORGE ANTONIO,255
CUNDINAMARCA,FACATATIVA,VARGAS LLERAS GERMAN,3007
CUNDINAMARCA,FACATATIVA,VOTOS EN BLANCO,1533
CUNDINAMARCA,FACATATIVA,VOTOS NULOS,1878
CUNDINAMARCA,FOMEQUE,DE LA CALLE LOMBANA HUMBERTO,35
CUNDINAMARCA,FOMEQUE,DUQUE MARQUEZ IVAN,3889
CUNDINAMARCA,FOMEQUE,FAJARDO VALDERRAMA SERGIO,942
CUNDINAMARCA,FOMEQUE,MORALES HOYOS VIVIANE ALEIDA,6
CUNDINAMARCA,FOMEQUE,PETRO URREGO GUSTAVO FRANCISCO,522
CUNDINAMARCA,FOMEQUE,PROMOTORES VOTO EN BLANCO,3
CUNDINAMARCA,FOMEQUE,TARJETAS NO MARCADAS,10
CUNDINAMARCA,FOMEQUE,TRUJILLO SARMIENTO JORGE ANTONIO,8
CUNDINAMARCA,FOMEQUE,VARGAS LLERAS GERMAN,367
CUNDINAMARCA,FOMEQUE,VOTOS EN BLANCO,70
CUNDINAMARCA,FOMEQUE,VOTOS NULOS,56
CUNDINAMARCA,FOSCA,DE LA CALLE LOMBANA HUMBERTO,10
CUNDINAMARCA,FOSCA,DUQUE MARQUEZ IVAN,2236
CUNDINAMARCA,FOSCA,FAJARDO VALDERRAMA SERGIO,300
CUNDINAMARCA,FOSCA,MORALES HOYOS VIVIANE ALEIDA,3
CUNDINAMARCA,FOSCA,PETRO URREGO GUSTAVO FRANCISCO,303
CUNDINAMARCA,FOSCA,PROMOTORES VOTO EN BLANCO,1
CUNDINAMARCA,FOSCA,TARJETAS NO MARCADAS,4
CUNDINAMARCA,FOSCA,TRUJILLO SARMIENTO JORGE ANTONIO,3
CUNDINAMARCA,FOSCA,VARGAS LLERAS GERMAN,160
CUNDINAMARCA,FOSCA,VOTOS EN BLANCO,28
CUNDINAMARCA,FOSCA,VOTOS NULOS,21
CUNDINAMARCA,FUNZA,DE LA CALLE LOMBANA HUMBERTO,822
CUNDINAMARCA,FUNZA,DUQUE MARQUEZ IVAN,12906
CUNDINAMARCA,FUNZA,FAJARDO VALDERRAMA SERGIO,16696
CUNDINAMARCA,FUNZA,MORALES HOYOS VIVIANE ALEIDA,107
CUNDINAMARCA,FUNZA,PETRO URREGO GUSTAVO FRANCISCO,10239
CUNDINAMARCA,FUNZA,PROMOTORES VOTO EN BLANCO,73
CUNDINAMARCA,FUNZA,TARJETAS NO MARCADAS,47
CUNDINAMARCA,FUNZA,TRUJILLO SARMIENTO JORGE ANTONIO,159
CUNDINAMARCA,FUNZA,VARGAS LLERAS GERMAN,3947
CUNDINAMARCA,FUNZA,VOTOS EN BLANCO,1079
CUNDINAMARCA,FUNZA,VOTOS NULOS,988
CUNDINAMARCA,FUQUENE,DE LA CALLE LOMBANA HUMBERTO,51
CUNDINAMARCA,FUQUENE,DUQUE MARQUEZ IVAN,796
CUNDINAMARCA,FUQUENE,FAJARDO VALDERRAMA SERGIO,616
CUNDINAMARCA,FUQUENE,MORALES HOYOS VIVIANE ALEIDA,1
CUNDINAMARCA,FUQUENE,PETRO URREGO GUSTAVO FRANCISCO,528
CUNDINAMARCA,FUQUENE,PROMOTORES VOTO EN BLANCO,7
CUNDINAMARCA,FUQUENE,TARJETAS NO MARCADAS,8
CUNDINAMARCA,FUQUENE,TRUJILLO SARMIENTO JORGE ANTONIO,9
CUNDINAMARCA,FUQUENE,VARGAS LLERAS GERMAN,178
CUNDINAMARCA,FUQUENE,VOTOS EN BLANCO,55
CUNDINAMARCA,FUQUENE,VOTOS NULOS,40
CUNDINAMARCA,FUSAGASUGA,DE LA CALLE LOMBANA HUMBERTO,1051
CUNDINAMARCA,FUSAGASUGA,DUQUE MARQUEZ IVAN,29171
CUNDINAMARCA,FUSAGASUGA,FAJARDO VALDERRAMA SERGIO,15683
CUNDINAMARCA,FUSAGASUGA,MORALES HOYOS VIVIANE ALEIDA,89
CUNDINAMARCA,FUSAGASUGA,PETRO URREGO GUSTAVO FRANCISCO,11906
CUNDINAMARCA,FUSAGASUGA,PROMOTORES VOTO EN BLANCO,74
CUNDINAMARCA,FUSAGASUGA,TARJETAS NO MARCADAS,68
CUNDINAMARCA,FUSAGASUGA,TRUJILLO SARMIENTO JORGE ANTONIO,150
CUNDINAMARCA,FUSAGASUGA,VARGAS LLERAS GERMAN,3525
CUNDINAMARCA,FUSAGASUGA,VOTOS EN BLANCO,1206
CUNDINAMARCA,FUSAGASUGA,VOTOS NULOS,809
CUNDINAMARCA,GACHALA,DE LA CALLE LOMBANA HUMBERTO,22
CUNDINAMARCA,GACHALA,DUQUE MARQUEZ IVAN,1364
CUNDINAMARCA,GACHALA,FAJARDO VALDERRAMA SERGIO,260
CUNDINAMARCA,GACHALA,MORALES HOYOS VIVIANE ALEIDA,4
CUNDINAMARCA,GACHALA,PETRO URREGO GUSTAVO FRANCISCO,408
CUNDINAMARCA,GACHALA,PROMOTORES VOTO EN BLANCO,5
CUNDINAMARCA,GACHALA,TARJETAS NO MARCADAS,14
CUNDINAMARCA,GACHALA,TRUJILLO SARMIENTO JORGE ANTONIO,5
CUNDINAMARCA,GACHALA,VARGAS LLERAS GERMAN,300
CUNDINAMARCA,GACHALA,VOTOS EN BLANCO,33
CUNDINAMARCA,GACHALA,VOTOS NULOS,25
CUNDINAMARCA,GACHANCIPA,DE LA CALLE LOMBANA HUMBERTO,125
CUNDINAMARCA,GACHANCIPA,DUQUE MARQUEZ IVAN,2101
CUNDINAMARCA,GACHANCIPA,FAJARDO VALDERRAMA SERGIO,2301
CUNDINAMARCA,GACHANCIPA,MORALES HOYOS VIVIANE ALEIDA,23
CUNDINAMARCA,GACHANCIPA,PETRO URREGO GUSTAVO FRANCISCO,1544
CUNDINAMARCA,GACHANCIPA,PROMOTORES VOTO EN BLANCO,13
CUNDINAMARCA,GACHANCIPA,TARJETAS NO MARCADAS,17
CUNDINAMARCA,GACHANCIPA,TRUJILLO SARMIENTO JORGE ANTONIO,17
CUNDINAMARCA,GACHANCIPA,VARGAS LLERAS GERMAN,613
CUNDINAMARCA,GACHANCIPA,VOTOS EN BLANCO,197
CUNDINAMARCA,GACHANCIPA,VOTOS NULOS,269
CUNDINAMARCA,GACHETA,DE LA CALLE LOMBANA HUMBERTO,12
CUNDINAMARCA,GACHETA,DUQUE MARQUEZ IVAN,3245
CUNDINAMARCA,GACHETA,FAJARDO VALDERRAMA SERGIO,815
CUNDINAMARCA,GACHETA,MORALES HOYOS VIVIANE ALEIDA,34
CUNDINAMARCA,GACHETA,PETRO URREGO GUSTAVO FRANCISCO,495
CUNDINAMARCA,GACHETA,PROMOTORES VOTO EN BLANCO,7
CUNDINAMARCA,GACHETA,TARJETAS NO MARCADAS,17
CUNDINAMARCA,GACHETA,TRUJILLO SARMIENTO JORGE ANTONIO,10
CUNDINAMARCA,GACHETA,VARGAS LLERAS GERMAN,200
CUNDINAMARCA,GACHETA,VOTOS EN BLANCO,78
CUNDINAMARCA,GACHETA,VOTOS NULOS,55
CUNDINAMARCA,GAMA,DE LA CALLE LOMBANA HUMBERTO,7
CUNDINAMARCA,GAMA,DUQUE MARQUEZ IVAN,1130
CUNDINAMARCA,GAMA,FAJARDO VALDERRAMA SERGIO,184
CUNDINAMARCA,GAMA,MORALES HOYOS VIVIANE ALEIDA,2
CUNDINAMARCA,GAMA,PETRO URREGO GUSTAVO FRANCISCO,134
CUNDINAMARCA,GAMA,PROMOTORES VOTO EN BLANCO,1
CUNDINAMARCA,GAMA,TARJETAS NO MARCADAS,8
CUNDINAMARCA,GAMA,TRUJILLO SARMIENTO JORGE ANTONIO,3
CUNDINAMARCA,GAMA,VARGAS LLERAS GERMAN,212
CUNDINAMARCA,GAMA,VOTOS EN BLANCO,21
CUNDINAMARCA,GAMA,VOTOS NULOS,20
CUNDINAMARCA,GIRARDOT,DE LA CALLE LOMBANA HUMBERTO,723
CUNDINAMARCA,GIRARDOT,DUQUE MARQUEZ IVAN,20387
CUNDINAMARCA,GIRARDOT,FAJARDO VALDERRAMA SERGIO,11490
CUNDINAMARCA,GIRARDOT,MORALES HOYOS VIVIANE ALEIDA,106
CUNDINAMARCA,GIRARDOT,PETRO URREGO GUSTAVO FRANCISCO,8298
CUNDINAMARCA,GIRARDOT,PROMOTORES VOTO EN BLANCO,58
CUNDINAMARCA,GIRARDOT,TARJETAS NO MARCADAS,60
CUNDINAMARCA,GIRARDOT,TRUJILLO SARMIENTO JORGE ANTONIO,312
CUNDINAMARCA,GIRARDOT,VARGAS LLERAS GERMAN,5308
CUNDINAMARCA,GIRARDOT,VOTOS EN BLANCO,849
CUNDINAMARCA,GIRARDOT,VOTOS NULOS,786
CUNDINAMARCA,GRANADA,DE LA CALLE LOMBANA HUMBERTO,35
CUNDINAMARCA,GRANADA,DUQUE MARQUEZ IVAN,1491
CUNDINAMARCA,GRANADA,FAJARDO VALDERRAMA SERGIO,672
CUNDINAMARCA,GRANADA,MORALES HOYOS VIVIANE ALEIDA,1
CUNDINAMARCA,GRANADA,PETRO URREGO GUSTAVO FRANCISCO,1025
CUNDINAMARCA,GRANADA,PROMOTORES VOTO EN BLANCO,3
CUNDINAMARCA,GRANADA,TARJETAS NO MARCADAS,5
CUNDINAMARCA,GRANADA,TRUJILLO SARMIENTO JORGE ANTONIO,8
CUNDINAMARCA,GRANADA,VARGAS LLERAS GERMAN,236
CUNDINAMARCA,GRANADA,VOTOS EN BLANCO,69
CUNDINAMARCA,GRANADA,VOTOS NULOS,51
CUNDINAMARCA,GUACHETA,DE LA CALLE LOMBANA HUMBERTO,96
CUNDINAMARCA,GUACHETA,DUQUE MARQUEZ IVAN,1852
CUNDINAMARCA,GUACHETA,FAJARDO VALDERRAMA SERGIO,1408
CUNDINAMARCA,GUACHETA,MORALES HOYOS VIVIANE ALEIDA,11
CUNDINAMARCA,GUACHETA,PETRO URREGO GUSTAVO FRANCISCO,377
CUNDINAMARCA,GUACHETA,PROMOTORES VOTO EN BLANCO,13
CUNDINAMARCA,GUACHETA,TARJETAS NO MARCADAS,23
CUNDINAMARCA,GUACHETA,TRUJILLO SARMIENTO JORGE ANTONIO,17
CUNDINAMARCA,GUACHETA,VARGAS LLERAS GERMAN,721
CUNDINAMARCA,GUACHETA,VOTOS EN BLANCO,171
CUNDINAMARCA,GUACHETA,VOTOS NULOS,144
CUNDINAMARCA,GUADUAS,DE LA CALLE LOMBANA HUMBERTO,185
CUNDINAMARCA,GUADUAS,DUQUE MARQUEZ IVAN,6227
CUNDINAMARCA,GUADUAS,FAJARDO VALDERRAMA SERGIO,2431
CUNDINAMARCA,GUADUAS,MORALES HOYOS VIVIANE ALEIDA,22
CUNDINAMARCA,GUADUAS,PETRO URREGO GUSTAVO FRANCISCO,1595
CUNDINAMARCA,GUADUAS,PROMOTORES VOTO EN BLANCO,13
CUNDINAMARCA,GUADUAS,TARJETAS NO MARCADAS,66
CUNDINAMARCA,GUADUAS,TRUJILLO SARMIENTO JORGE ANTONIO,37
CUNDINAMARCA,GUADUAS,VARGAS LLERAS GERMAN,1409
CUNDINAMARCA,GUADUAS,VOTOS EN BLANCO,260
CUNDINAMARCA,GUADUAS,VOTOS NULOS,218
CUNDINAMARCA,GUASCA,DE LA CALLE LOMBANA HUMBERTO,125
CUNDINAMARCA,GUASCA,DUQUE MARQUEZ IVAN,3132
CUNDINAMARCA,GUASCA,FAJARDO VALDERRAMA SERGIO,2077
CUNDINAMARCA,GUASCA,MORALES HOYOS VIVIANE ALEIDA,18
CUNDINAMARCA,GUASCA,PETRO URREGO GUSTAVO FRANCISCO,1043
CUNDINAMARCA,GUASCA,PROMOTORES VOTO EN BLANCO,14
CUNDINAMARCA,GUASCA,TARJETAS NO MARCADAS,23
CUNDINAMARCA,GUASCA,TRUJILLO SARMIENTO JORGE ANTONIO,8
CUNDINAMARCA,GUASCA,VARGAS LLERAS GERMAN,330
CUNDINAMARCA,GUASCA,VOTOS EN BLANCO,290
CUNDINAMARCA,GUASCA,VOTOS NULOS,163
CUNDINAMARCA,GUATAQUI,DE LA CALLE LOMBANA HUMBERTO,17
CUNDINAMARCA,GUATAQUI,DUQUE MARQUEZ IVAN,491
CUNDINAMARCA,GUATAQUI,FAJARDO VALDERRAMA SERGIO,89
CUNDINAMARCA,GUATAQUI,MORALES HOYOS VIVIANE ALEIDA,3
CUNDINAMARCA,GUATAQUI,PETRO URREGO GUSTAVO FRANCISCO,234
CUNDINAMARCA,GUATAQUI,PROMOTORES VOTO EN BLANCO,4
CUNDINAMARCA,GUATAQUI,TARJETAS NO MARCADAS,7
CUNDINAMARCA,GUATAQUI,TRUJILLO SARMIENTO JORGE ANTONIO,3
CUNDINAMARCA,GUATAQUI,VARGAS LLERAS GERMAN,154
CUNDINAMARCA,GUATAQUI,VOTOS EN BLANCO,27
CUNDINAMARCA,GUATAQUI,VOTOS NULOS,12
CUNDINAMARCA,GUATAVITA,DE LA CALLE LOMBANA HUMBERTO,41
CUNDINAMARCA,GUATAVITA,DUQUE MARQUEZ IVAN,1786
CUNDINAMARCA,GUATAVITA,FAJARDO VALDERRAMA SERGIO,1093
CUNDINAMARCA,GUATAVITA,MORALES HOYOS VIVIANE ALEIDA,5
CUNDINAMARCA,GUATAVITA,PETRO URREGO GUSTAVO FRANCISCO,269
CUNDINAMARCA,GUATAVITA,PROMOTORES VOTO EN BLANCO,9
CUNDINAMARCA,GUATAVITA,TARJETAS NO MARCADAS,12
CUNDINAMARCA,GUATAVITA,TRUJILLO SARMIENTO JORGE ANTONIO,4
CUNDINAMARCA,GUATAVITA,VARGAS LLERAS GERMAN,132
CUNDINAMARCA,GUATAVITA,VOTOS EN BLANCO,76
CUNDINAMARCA,GUATAVITA,VOTOS NULOS,35
CUNDINAMARCA,GUAYABAL DE SIQUIMA,DE LA CALLE LOMBANA HUMBERTO,25
CUNDINAMARCA,GUAYABAL DE SIQUIMA,DUQUE MARQUEZ IVAN,1452
CUNDINAMARCA,GUAYABAL DE SIQUIMA,FAJARDO VALDERRAMA SERGIO,432
CUNDINAMARCA,GUAYABAL DE SIQUIMA,MORALES HOYOS VIVIANE ALEIDA,6
CUNDINAMARCA,GUAYABAL DE SIQUIMA,PETRO URREGO GUSTAVO FRANCISCO,305
CUNDINAMARCA,GUAYABAL DE SIQUIMA,PROMOTORES VOTO EN BLANCO,4
CUNDINAMARCA,GUAYABAL DE SIQUIMA,TARJETAS NO MARCADAS,5
CUNDINAMARCA,GUAYABAL DE SIQUIMA,TRUJILLO SARMIENTO JORGE ANTONIO,6
CUNDINAMARCA,GUAYABAL DE SIQUIMA,VARGAS LLERAS GERMAN,148
CUNDINAMARCA,GUAYABAL DE SIQUIMA,VOTOS EN BLANCO,47
CUNDINAMARCA,GUAYABAL DE SIQUIMA,VOTOS NULOS,28
CUNDINAMARCA,GUAYABETAL,DE LA CALLE LOMBANA HUMBERTO,15
CUNDINAMARCA,GUAYABETAL,DUQUE MARQUEZ IVAN,1955
CUNDINAMARCA,GUAYABETAL,FAJARDO VALDERRAMA SERGIO,362
CUNDINAMARCA,GUAYABETAL,MORALES HOYOS VIVIANE ALEIDA,8
CUNDINAMARCA,GUAYABETAL,PETRO URREGO GUSTAVO FRANCISCO,337
CUNDINAMARCA,GUAYABETAL,TARJETAS NO MARCADAS,7
CUNDINAMARCA,GUAYABETAL,TRUJILLO SARMIENTO JORGE ANTONIO,2
CUNDINAMARCA,GUAYABETAL,VARGAS LLERAS GERMAN,141
CUNDINAMARCA,GUAYABETAL,VOTOS EN BLANCO,38
CUNDINAMARCA,GUAYABETAL,VOTOS NULOS,38
CUNDINAMARCA,GUTIERREZ,DE LA CALLE LOMBANA HUMBERTO,6
CUNDINAMARCA,GUTIERREZ,DUQUE MARQUEZ IVAN,1303
CUNDINAMARCA,GUTIERREZ,FAJARDO VALDERRAMA SERGIO,141
CUNDINAMARCA,GUTIERREZ,MORALES HOYOS VIVIANE ALEIDA,2
CUNDINAMARCA,GUTIERREZ,PETRO URREGO GUSTAVO FRANCISCO,137
CUNDINAMARCA,GUTIERREZ,PROMOTORES VOTO EN BLANCO,1
CUNDINAMARCA,GUTIERREZ,TARJETAS NO MARCADAS,3
CUNDINAMARCA,GUTIERREZ,TRUJILLO SARMIENTO JORGE ANTONIO,4
CUNDINAMARCA,GUTIERREZ,VARGAS LLERAS GERMAN,150
CUNDINAMARCA,GUTIERREZ,VOTOS EN BLANCO,11
CUNDINAMARCA,GUTIERREZ,VOTOS NULOS,8
CUNDINAMARCA,JERUSALEN,DE LA CALLE LOMBANA HUMBERTO,12
CUNDINAMARCA,JERUSALEN,DUQUE MARQUEZ IVAN,744
CUNDINAMARCA,JERUSALEN,FAJARDO VALDERRAMA SERGIO,54
CUNDINAMARCA,JERUSALEN,MORALES HOYOS VIVIANE ALEIDA,4
CUNDINAMARCA,JERUSALEN,PETRO URREGO GUSTAVO FRANCISCO,147
CUNDINAMARCA,JERUSALEN,PROMOTORES VOTO EN BLANCO,4
CUNDINAMARCA,JERUSALEN,TARJETAS NO MARCADAS,6
CUNDINAMARCA,JERUSALEN,TRUJILLO SARMIENTO JORGE ANTONIO,5
CUNDINAMARCA,JERUSALEN,VARGAS LLERAS GERMAN,204
CUNDINAMARCA,JERUSALEN,VOTOS EN BLANCO,15
CUNDINAMARCA,JERUSALEN,VOTOS NULOS,14
CUNDINAMARCA,JUNIN,DE LA CALLE LOMBANA HUMBERTO,37
CUNDINAMARCA,JUNIN,DUQUE MARQUEZ IVAN,1724
CUNDINAMARCA,JUNIN,FAJARDO VALDERRAMA SERGIO,334
CUNDINAMARCA,JUNIN,MORALES HOYOS VIVIANE ALEIDA,8
CUNDINAMARCA,JUNIN,PETRO URREGO GUSTAVO FRANCISCO,322
CUNDINAMARCA,JUNIN,PROMOTORES VOTO EN BLANCO,2
CUNDINAMARCA,JUNIN,TARJETAS NO MARCADAS,18
CUNDINAMARCA,JUNIN,TRUJILLO SARMIENTO JORGE ANTONIO,12
CUNDINAMARCA,JUNIN,VARGAS LLERAS GERMAN,236
CUNDINAMARCA,JUNIN,VOTOS EN BLANCO,47
CUNDINAMARCA,JUNIN,VOTOS NULOS,49
CUNDINAMARCA,LA CALERA,DE LA CALLE LOMBANA HUMBERTO,298
CUNDINAMARCA,LA CALERA,DUQUE MARQUEZ IVAN,4604
CUNDINAMARCA,LA CALERA,FAJARDO VALDERRAMA SERGIO,5353
CUNDINAMARCA,LA CALERA,MORALES HOYOS VIVIANE ALEIDA,12
CUNDINAMARCA,LA CALERA,PETRO URREGO GUSTAVO FRANCISCO,2951
CUNDINAMARCA,LA CALERA,PROMOTORES VOTO EN BLANCO,20
CUNDINAMARCA,LA CALERA,TARJETAS NO MARCADAS,17
CUNDINAMARCA,LA CALERA,TRUJILLO SARMIENTO JORGE ANTONIO,41
CUNDINAMARCA,LA CALERA,VARGAS LLERAS GERMAN,697
CUNDINAMARCA,LA CALERA,VOTOS EN BLANCO,292
CUNDINAMARCA,LA CALERA,VOTOS NULOS,156
CUNDINAMARCA,LA MESA,DE LA CALLE LOMBANA HUMBERTO,393
CUNDINAMARCA,LA MESA,DUQUE MARQUEZ IVAN,6501
CUNDINAMARCA,LA MESA,FAJARDO VALDERRAMA SERGIO,3284
CUNDINAMARCA,LA MESA,MORALES HOYOS VIVIANE ALEIDA,19
CUNDINAMARCA,LA MESA,PETRO URREGO GUSTAVO FRANCISCO,1933
CUNDINAMARCA,LA MESA,PROMOTORES VOTO EN BLANCO,24
CUNDINAMARCA,LA MESA,TARJETAS NO MARCADAS,21
CUNDINAMARCA,LA MESA,TRUJILLO SARMIENTO JORGE ANTONIO,46
CUNDINAMARCA,LA MESA,VARGAS LLERAS GERMAN,2007
CUNDINAMARCA,LA MESA,VOTOS EN BLANCO,211
CUNDINAMARCA,LA MESA,VOTOS NULOS,158
CUNDINAMARCA,LA PALMA,DE LA CALLE LOMBANA HUMBERTO,82
CUNDINAMARCA,LA PALMA,DUQUE MARQUEZ IVAN,2075
CUNDINAMARCA,LA PALMA,FAJARDO VALDERRAMA SERGIO,385
CUNDINAMARCA,LA PALMA,MORALES HOYOS VIVIANE ALEIDA,16
CUNDINAMARCA,LA PALMA,PETRO URREGO GUSTAVO FRANCISCO,477
CUNDINAMARCA,LA PALMA,PROMOTORES VOTO EN BLANCO,7
CUNDINAMARCA,LA PALMA,TARJETAS NO MARCADAS,23
CUNDINAMARCA,LA PALMA,TRUJILLO SARMIENTO JORGE ANTONIO,22
CUNDINAMARCA,LA PALMA,VARGAS LLERAS GERMAN,496
CUNDINAMARCA,LA PALMA,VOTOS EN BLANCO,51
CUNDINAMARCA,LA PALMA,VOTOS NULOS,42
CUNDINAMARCA,LA PENA,DE LA CALLE LOMBANA HUMBERTO,18
CUNDINAMARCA,LA PENA,DUQUE MARQUEZ IVAN,2597
CUNDINAMARCA,LA PENA,FAJARDO VALDERRAMA SERGIO,229
CUNDINAMARCA,LA PENA,MORALES HOYOS VIVIANE ALEIDA,18
CUNDINAMARCA,LA PENA,PETRO URREGO GUSTAVO FRANCISCO,131
CUNDINAMARCA,LA PENA,PROMOTORES VOTO EN BLANCO,6
CUNDINAMARCA,LA PENA,TARJETAS NO MARCADAS,60
CUNDINAMARCA,LA PENA,TRUJILLO SARMIENTO JORGE ANTONIO,8
CUNDINAMARCA,LA PENA,VARGAS LLERAS GERMAN,194
CUNDINAMARCA,LA PENA,VOTOS EN BLANCO,21
CUNDINAMARCA,LA PENA,VOTOS NULOS,21
CUNDINAMARCA,LA VEGA,DE LA CALLE LOMBANA HUMBERTO,102
CUNDINAMARCA,LA VEGA,DUQUE MARQUEZ IVAN,4591
CUNDINAMARCA,LA VEGA,FAJARDO VALDERRAMA SERGIO,1576
CUNDINAMARCA,LA VEGA,MORALES HOYOS VIVIANE ALEIDA,12
CUNDINAMARCA,LA VEGA,PETRO URREGO GUSTAVO FRANCISCO,838
CUNDINAMARCA,LA VEGA,PROMOTORES VOTO EN BLANCO,11
CUNDINAMARCA,LA VEGA,TARJETAS NO MARCADAS,20
CUNDINAMARCA,LA VEGA,TRUJILLO SARMIENTO JORGE ANTONIO,14
CUNDINAMARCA,LA VEGA,VARGAS LLERAS GERMAN,806
CUNDINAMARCA,LA VEGA,VOTOS EN BLANCO,137
CUNDINAMARCA,LA VEGA,VOTOS NULOS,91
CUNDINAMARCA,LENGUAZAQUE,DE LA CALLE LOMBANA HUMBERTO,60
CUNDINAMARCA,LENGUAZAQUE,DUQUE MARQUEZ IVAN,2214
CUNDINAMARCA,LENGUAZAQUE,FAJARDO VALDERRAMA SERGIO,895
CUNDINAMARCA,LENGUAZAQUE,MORALES HOYOS VIVIANE ALEIDA,15
CUNDINAMARCA,LENGUAZAQUE,PETRO URREGO GUSTAVO FRANCISCO,259
CUNDINAMARCA,LENGUAZAQUE,PROMOTORES VOTO EN BLANCO,9
CUNDINAMARCA,LENGUAZAQUE,TARJETAS NO MARCADAS,12
CUNDINAMARCA,LENGUAZAQUE,TRUJILLO SARMIENTO JORGE ANTONIO,16
CUNDINAMARCA,LENGUAZAQUE,VARGAS LLERAS GERMAN,312
CUNDINAMARCA,LENGUAZAQUE,VOTOS EN BLANCO,88
CUNDINAMARCA,LENGUAZAQUE,VOTOS NULOS,80
CUNDINAMARCA,MACHETA,DE LA CALLE LOMBANA HUMBERTO,39
CUNDINAMARCA,MACHETA,DUQUE MARQUEZ IVAN,2418
CUNDINAMARCA,MACHETA,FAJARDO VALDERRAMA SERGIO,483
CUNDINAMARCA,MACHETA,MORALES HOYOS VIVIANE ALEIDA,6
CUNDINAMARCA,MACHETA,PETRO URREGO GUSTAVO FRANCISCO,194
CUNDINAMARCA,MACHETA,PROMOTORES VOTO EN BLANCO,5
CUNDINAMARCA,MACHETA,TARJETAS NO MARCADAS,21
CUNDINAMARCA,MACHETA,TRUJILLO SARMIENTO JORGE ANTONIO,5
CUNDINAMARCA,MACHETA,VARGAS LLERAS GERMAN,248
CUNDINAMARCA,MACHETA,VOTOS EN BLANCO,40
CUNDINAMARCA,MACHETA,VOTOS NULOS,36
CUNDINAMARCA,MADRID,DE LA CALLE LOMBANA HUMBERTO,755
CUNDINAMARCA,MADRID,DUQUE MARQUEZ IVAN,14056
CUNDINAMARCA,MADRID,FAJARDO VALDERRAMA SERGIO,15745
CUNDINAMARCA,MADRID,MORALES HOYOS VIVIANE ALEIDA,123
CUNDINAMARCA,MADRID,PETRO URREGO GUSTAVO FRANCISCO,8753
CUNDINAMARCA,MADRID,PROMOTORES VOTO EN BLANCO,65
CUNDINAMARCA,MADRID,TARJETAS NO MARCADAS,66
CUNDINAMARCA,MADRID,TRUJILLO SARMIENTO JORGE ANTONIO,240
CUNDINAMARCA,MADRID,VARGAS LLERAS GERMAN,2253
CUNDINAMARCA,MADRID,VOTOS EN BLANCO,1074
CUNDINAMARCA,MADRID,VOTOS NULOS,1187
CUNDINAMARCA,MANTA,DE LA CALLE LOMBANA HUMBERTO,29
CUNDINAMARCA,MANTA,DUQUE MARQUEZ IVAN,1584
CUNDINAMARCA,MANTA,FAJARDO VALDERRAMA SERGIO,364
CUNDINAMARCA,MANTA,MORALES HOYOS VIVIANE ALEIDA,3
CUNDINAMARCA,MANTA,PETRO URREGO GUSTAVO FRANCISCO,201
CUNDINAMARCA,MANTA,PROMOTORES VOTO EN BLANCO,1
CUNDINAMARCA,MANTA,TARJETAS NO MARCADAS,6
CUNDINAMARCA,MANTA,TRUJILLO SARMIENTO JORGE ANTONIO,4
CUNDINAMARCA,MANTA,VARGAS LLERAS GERMAN,305
CUNDINAMARCA,MANTA,VOTOS EN BLANCO,21
CUNDINAMARCA,MANTA,VOTOS NULOS,14
CUNDINAMARCA,MEDINA,DE LA CALLE LOMBANA HUMBERTO,23
CUNDINAMARCA,MEDINA,DUQUE MARQUEZ IVAN,2698
CUNDINAMARCA,MEDINA,FAJARDO VALDERRAMA SERGIO,330
CUNDINAMARCA,MEDINA,MORALES HOYOS VIVIANE ALEIDA,5
CUNDINAMARCA,MEDINA,PETRO URREGO GUSTAVO FRANCISCO,347
CUNDINAMARCA,MEDINA,PROMOTORES VOTO EN BLANCO,2
CUNDINAMARCA,MEDINA,TARJETAS NO MARCADAS,11
CUNDINAMARCA,MEDINA,TRUJILLO SARMIENTO JORGE ANTONIO,5
CUNDINAMARCA,MEDINA,VARGAS LLERAS GERMAN,457
CUNDINAMARCA,MEDINA,VOTOS EN BLANCO,53
CUNDINAMARCA,MEDINA,VOTOS NULOS,47
CUNDINAMARCA,MOSQUERA,DE LA CALLE LOMBANA HUMBERTO,841
CUNDINAMARCA,MOSQUERA,DUQUE MARQUEZ IVAN,13963
CUNDINAMARCA,MOSQUERA,FAJARDO VALDERRAMA SERGIO,17181
CUNDINAMARCA,MOSQUERA,MORALES HOYOS VIVIANE ALEIDA,109
CUNDINAMARCA,MOSQUERA,PETRO URREGO GUSTAVO FRANCISCO,11343
CUNDINAMARCA,MOSQUERA,PROMOTORES VOTO EN BLANCO,158
CUNDINAMARCA,MOSQUERA,TARJETAS NO MARCADAS,55
CUNDINAMARCA,MOSQUERA,TRUJILLO SARMIENTO JORGE ANTONIO,227
CUNDINAMARCA,MOSQUERA,VARGAS LLERAS GERMAN,3838
CUNDINAMARCA,MOSQUERA,VOTOS EN BLANCO,1152
CUNDINAMARCA,MOSQUERA,VOTOS NULOS,778
CUNDINAMARCA,NARINO,DE LA CALLE LOMBANA HUMBERTO,36
CUNDINAMARCA,NARINO,DUQUE MARQUEZ IVAN,582
CUNDINAMARCA,NARINO,FAJARDO VALDERRAMA SERGIO,155
CUNDINAMARCA,NARINO,MORALES HOYOS VIVIANE ALEIDA,8
CUNDINAMARCA,NARINO,PETRO URREGO GUSTAVO FRANCISCO,265
CUNDINAMARCA,NARINO,PROMOTORES VOTO EN BLANCO,2
CUNDINAMARCA,NARINO,TARJETAS NO MARCADAS,2
CUNDINAMARCA,NARINO,TRUJILLO SARMIENTO JORGE ANTONIO,3
CUNDINAMARCA,NARINO,VARGAS LLERAS GERMAN,117
CUNDINAMARCA,NARINO,VOTOS EN BLANCO,21
CUNDINAMARCA,NARINO,VOTOS NULOS,15
CUNDINAMARCA,NEMOCON,DE LA CALLE LOMBANA HUMBERTO,132
CUNDINAMARCA,NEMOCON,DUQUE MARQUEZ IVAN,2342
CUNDINAMARCA,NEMOCON,FAJARDO VALDERRAMA SERGIO,1851
CUNDINAMARCA,NEMOCON,MORALES HOYOS VIVIANE ALEIDA,17
CUNDINAMARCA,NEMOCON,PETRO URREGO GUSTAVO FRANCISCO,1416
CUNDINAMARCA,NEMOCON,PROMOTORES VOTO EN BLANCO,14
CUNDINAMARCA,NEMOCON,TARJETAS NO MARCADAS,19
CUNDINAMARCA,NEMOCON,TRUJILLO SARMIENTO JORGE ANTONIO,23
CUNDINAMARCA,NEMOCON,VARGAS LLERAS GERMAN,459
CUNDINAMARCA,NEMOCON,VOTOS EN BLANCO,171
CUNDINAMARCA,NEMOCON,VOTOS NULOS,220
CUNDINAMARCA,NILO,DE LA CALLE LOMBANA HUMBERTO,68
CUNDINAMARCA,NILO,DUQUE MARQUEZ IVAN,1592
CUNDINAMARCA,NILO,FAJARDO VALDERRAMA SERGIO,474
CUNDINAMARCA,NILO,MORALES HOYOS VIVIANE ALEIDA,7
CUNDINAMARCA,NILO,PETRO URREGO GUSTAVO FRANCISCO,442
CUNDINAMARCA,NILO,PROMOTORES VOTO EN BLANCO,2
CUNDINAMARCA,NILO,TARJETAS NO MARCADAS,9
CUNDINAMARCA,NILO,TRUJILLO SARMIENTO JORGE ANTONIO,12
CUNDINAMARCA,NILO,VARGAS LLERAS GERMAN,670
CUNDINAMARCA,NILO,VOTOS EN BLANCO,44
CUNDINAMARCA,NILO,VOTOS NULOS,36
CUNDINAMARCA,NIMAIMA,DE LA CALLE LOMBANA HUMBERTO,19
CUNDINAMARCA,NIMAIMA,DUQUE MARQUEZ IVAN,1271
CUNDINAMARCA,NIMAIMA,FAJARDO VALDERRAMA SERGIO,226
CUNDINAMARCA,NIMAIMA,MORALES HOYOS VIVIANE ALEIDA,6
CUNDINAMARCA,NIMAIMA,PETRO URREGO GUSTAVO FRANCISCO,105
CUNDINAMARCA,NIMAIMA,PROMOTORES VOTO EN BLANCO,2
CUNDINAMARCA,NIMAIMA,TARJETAS NO MARCADAS,8
CUNDINAMARCA,NIMAIMA,TRUJILLO SARMIENTO JORGE ANTONIO,29
CUNDINAMARCA,NIMAIMA,VARGAS LLERAS GERMAN,242
CUNDINAMARCA,NIMAIMA,VOTOS EN BLANCO,11
CUNDINAMARCA,NIMAIMA,VOTOS NULOS,8
CUNDINAMARCA,NOCAIMA,DE LA CALLE LOMBANA HUMBERTO,20
CUNDINAMARCA,NOCAIMA,DUQUE MARQUEZ IVAN,1772
CUNDINAMARCA,NOCAIMA,FAJARDO VALDERRAMA SERGIO,608
CUNDINAMARCA,NOCAIMA,MORALES HOYOS VIVIANE ALEIDA,5
CUNDINAMARCA,NOCAIMA,PETRO URREGO GUSTAVO FRANCISCO,588
CUNDINAMARCA,NOCAIMA,PROMOTORES VOTO EN BLANCO,5
CUNDINAMARCA,NOCAIMA,TARJETAS NO MARCADAS,9
CUNDINAMARCA,NOCAIMA,TRUJILLO SARMIENTO JORGE ANTONIO,1
CUNDINAMARCA,NOCAIMA,VARGAS LLERAS GERMAN,196
CUNDINAMARCA,NOCAIMA,VOTOS EN BLANCO,32
CUNDINAMARCA,NOCAIMA,VOTOS NULOS,34
CUNDINAMARCA,PACHO,DE LA CALLE LOMBANA HUMBERTO,128
CUNDINAMARCA,PACHO,DUQUE MARQUEZ IVAN,7021
CUNDINAMARCA,PACHO,FAJARDO VALDERRAMA SERGIO,2074
CUNDINAMARCA,PACHO,MORALES HOYOS VIVIANE ALEIDA,22
CUNDINAMARCA,PACHO,PETRO URREGO GUSTAVO FRANCISCO,978
CUNDINAMARCA,PACHO,PROMOTORES VOTO EN BLANCO,20
CUNDINAMARCA,PACHO,TARJETAS NO MARCADAS,29
CUNDINAMARCA,PACHO,TRUJILLO SARMIENTO JORGE ANTONIO,22
CUNDINAMARCA,PACHO,VARGAS LLERAS GERMAN,1437
CUNDINAMARCA,PACHO,VOTOS EN BLANCO,222
CUNDINAMARCA,PACHO,VOTOS NULOS,138
CUNDINAMARCA,PAIME,DE LA CALLE LOMBANA HUMBERTO,18
CUNDINAMARCA,PAIME,DUQUE MARQUEZ IVAN,1365
CUNDINAMARCA,PAIME,FAJARDO VALDERRAMA SERGIO,144
CUNDINAMARCA,PAIME,MORALES HOYOS VIVIANE ALEIDA,4
CUNDINAMARCA,PAIME,PETRO URREGO GUSTAVO FRANCISCO,211
CUNDINAMARCA,PAIME,PROMOTORES VOTO EN BLANCO,6
CUNDINAMARCA,PAIME,TARJETAS NO MARCADAS,8
CUNDINAMARCA,PAIME,TRUJILLO SARMIENTO JORGE ANTONIO,5
CUNDINAMARCA,PAIME,VARGAS LLERAS GERMAN,362
CUNDINAMARCA,PAIME,VOTOS EN BLANCO,23
CUNDINAMARCA,PAIME,VOTOS NULOS,16
CUNDINAMARCA,PANDI,DE LA CALLE LOMBANA HUMBERTO,38
CUNDINAMARCA,PANDI,DUQUE MARQUEZ IVAN,1026
CUNDINAMARCA,PANDI,FAJARDO VALDERRAMA SERGIO,265
CUNDINAMARCA,PANDI,PETRO URREGO GUSTAVO FRANCISCO,581
CUNDINAMARCA,PANDI,PROMOTORES VOTO EN BLANCO,4
CUNDINAMARCA,PANDI,TARJETAS NO MARCADAS,7
CUNDINAMARCA,PANDI,TRUJILLO SARMIENTO JORGE ANTONIO,3
CUNDINAMARCA,PANDI,VARGAS LLERAS GERMAN,189
CUNDINAMARCA,PANDI,VOTOS EN BLANCO,28
CUNDINAMARCA,PANDI,VOTOS NULOS,19
CUNDINAMARCA,PARATEBUENO,DE LA CALLE LOMBANA HUMBERTO,24
CUNDINAMARCA,PARATEBUENO,DUQUE MARQUEZ IVAN,2665
CUNDINAMARCA,PARATEBUENO,FAJARDO VALDERRAMA SERGIO,380
CUNDINAMARCA,PARATEBUENO,MORALES HOYOS VIVIANE ALEIDA,5
CUNDINAMARCA,PARATEBUENO,PETRO URREGO GUSTAVO FRANCISCO,325
CUNDINAMARCA,PARATEBUENO,PROMOTORES VOTO EN BLANCO,5
CUNDINAMARCA,PARATEBUENO,TARJETAS NO MARCADAS,16
CUNDINAMARCA,PARATEBUENO,TRUJILLO SARMIENTO JORGE ANTONIO,16
CUNDINAMARCA,PARATEBUENO,VARGAS LLERAS GERMAN,661
CUNDINAMARCA,PARATEBUENO,VOTOS EN BLANCO,57
CUNDINAMARCA,PARATEBUENO,VOTOS NULOS,64
CUNDINAMARCA,PASCA,DE LA CALLE LOMBANA HUMBERTO,142
CUNDINAMARCA,PASCA,DUQUE MARQUEZ IVAN,1268
CUNDINAMARCA,PASCA,FAJARDO VALDERRAMA SERGIO,688
CUNDINAMARCA,PASCA,MORALES HOYOS VIVIANE ALEIDA,7
CUNDINAMARCA,PASCA,PETRO URREGO GUSTAVO FRANCISCO,1617
CUNDINAMARCA,PASCA,PROMOTORES VOTO EN BLANCO,11
CUNDINAMARCA,PASCA,TARJETAS NO MARCADAS,16
CUNDINAMARCA,PASCA,TRUJILLO SARMIENTO JORGE ANTONIO,12
CUNDINAMARCA,PASCA,VARGAS LLERAS GERMAN,243
CUNDINAMARCA,PASCA,VOTOS EN BLANCO,100
CUNDINAMARCA,PASCA,VOTOS NULOS,88
CUNDINAMARCA,PUERTO SALGAR,DE LA CALLE LOMBANA HUMBERTO,86
CUNDINAMARCA,PUERTO SALGAR,DUQUE MARQUEZ IVAN,3390
CUNDINAMARCA,PUERTO SALGAR,FAJARDO VALDERRAMA SERGIO,1066
CUNDINAMARCA,PUERTO SALGAR,MORALES HOYOS VIVIANE ALEIDA,18
CUNDINAMARCA,PUERTO SALGAR,PETRO URREGO GUSTAVO FRANCISCO,963
CUNDINAMARCA,PUERTO SALGAR,PROMOTORES VOTO EN BLANCO,11
CUNDINAMARCA,PUERTO SALGAR,TARJETAS NO MARCADAS,23
CUNDINAMARCA,PUERTO SALGAR,TRUJILLO SARMIENTO JORGE ANTONIO,10
CUNDINAMARCA,PUERTO SALGAR,VARGAS LLERAS GERMAN,521
CUNDINAMARCA,PUERTO SALGAR,VOTOS EN BLANCO,129
CUNDINAMARCA,PUERTO SALGAR,VOTOS NULOS,205
CUNDINAMARCA,PULI,DE LA CALLE LOMBANA HUMBERTO,8
CUNDINAMARCA,PULI,DUQUE MARQUEZ IVAN,862
CUNDINAMARCA,PULI,FAJARDO VALDERRAMA SERGIO,94
CUNDINAMARCA,PULI,MORALES HOYOS VIVIANE ALEIDA,4
CUNDINAMARCA,PULI,PETRO URREGO GUSTAVO FRANCISCO,141
CUNDINAMARCA,PULI,PROMOTORES VOTO EN BLANCO,5
CUNDINAMARCA,PULI,TARJETAS NO MARCADAS,4
CUNDINAMARCA,PULI,TRUJILLO SARMIENTO JORGE ANTONIO,4
CUNDINAMARCA,PULI,VARGAS LLERAS GERMAN,326
CUNDINAMARCA,PULI,VOTOS EN BLANCO,20
CUNDINAMARCA,PULI,VOTOS NULOS,4
CUNDINAMARCA,QUEBRADANEGRA,DE LA CALLE LOMBANA HUMBERTO,4
CUNDINAMARCA,QUEBRADANEGRA,DUQUE MARQUEZ IVAN,1991
CUNDINAMARCA,QUEBRADANEGRA,FAJARDO VALDERRAMA SERGIO,250
CUNDINAMARCA,QUEBRADANEGRA,MORALES HOYOS VIVIANE ALEIDA,6
CUNDINAMARCA,QUEBRADANEGRA,PETRO URREGO GUSTAVO FRANCISCO,115
CUNDINAMARCA,QUEBRADANEGRA,PROMOTORES VOTO EN BLANCO,1
CUNDINAMARCA,QUEBRADANEGRA,TARJETAS NO MARCADAS,7
CUNDINAMARCA,QUEBRADANEGRA,TRUJILLO SARMIENTO JORGE ANTONIO,1
CUNDINAMARCA,QUEBRADANEGRA,VARGAS LLERAS GERMAN,211
CUNDINAMARCA,QUEBRADANEGRA,VOTOS EN BLANCO,26
CUNDINAMARCA,QUEBRADANEGRA,VOTOS NULOS,12
CUNDINAMARCA,QUETAME,DE LA CALLE LOMBANA HUMBERTO,22
CUNDINAMARCA,QUETAME,DUQUE MARQUEZ IVAN,1694
CUNDINAMARCA,QUETAME,FAJARDO VALDERRAMA SERGIO,512
CUNDINAMARCA,QUETAME,MORALES HOYOS VIVIANE ALEIDA,2
CUNDINAMARCA,QUETAME,PETRO URREGO GUSTAVO FRANCISCO,697
CUNDINAMARCA,QUETAME,PROMOTORES VOTO EN BLANCO,7
CUNDINAMARCA,QUETAME,TARJETAS NO MARCADAS,8
CUNDINAMARCA,QUETAME,TRUJILLO SARMIENTO JORGE ANTONIO,4
CUNDINAMARCA,QUETAME,VARGAS LLERAS GERMAN,381
CUNDINAMARCA,QUETAME,VOTOS EN BLANCO,55
CUNDINAMARCA,QUETAME,VOTOS NULOS,28
CUNDINAMARCA,QUIPILE,DE LA CALLE LOMBANA HUMBERTO,30
CUNDINAMARCA,QUIPILE,DUQUE MARQUEZ IVAN,2372
CUNDINAMARCA,QUIPILE,FAJARDO VALDERRAMA SERGIO,207
CUNDINAMARCA,QUIPILE,MORALES HOYOS VIVIANE ALEIDA,9
CUNDINAMARCA,QUIPILE,PETRO URREGO GUSTAVO FRANCISCO,257
CUNDINAMARCA,QUIPILE,PROMOTORES VOTO EN BLANCO,1
CUNDINAMARCA,QUIPILE,TARJETAS NO MARCADAS,19
CUNDINAMARCA,QUIPILE,TRUJILLO SARMIENTO JORGE ANTONIO,10
CUNDINAMARCA,QUIPILE,VARGAS LLERAS GERMAN,368
CUNDINAMARCA,QUIPILE,VOTOS EN BLANCO,32
CUNDINAMARCA,QUIPILE,VOTOS NULOS,21
CUNDINAMARCA,RICAURTE,DE LA CALLE LOMBANA HUMBERTO,90
CUNDINAMARCA,RICAURTE,DUQUE MARQUEZ IVAN,2752
CUNDINAMARCA,RICAURTE,FAJARDO VALDERRAMA SERGIO,1049
CUNDINAMARCA,RICAURTE,MORALES HOYOS VIVIANE ALEIDA,10
CUNDINAMARCA,RICAURTE,PETRO URREGO GUSTAVO FRANCISCO,790
CUNDINAMARCA,RICAURTE,PROMOTORES VOTO EN BLANCO,3
CUNDINAMARCA,RICAURTE,TARJETAS NO MARCADAS,15
CUNDINAMARCA,RICAURTE,TRUJILLO SARMIENTO JORGE ANTONIO,14
CUNDINAMARCA,RICAURTE,VARGAS LLERAS GERMAN,1212
CUNDINAMARCA,RICAURTE,VOTOS EN BLANCO,106
CUNDINAMARCA,RICAURTE,VOTOS NULOS,81
CUNDINAMARCA,SAN ANTONIO DEL TEQUENDAMA,DE LA CALLE LOMBANA HUMBERTO,110
CUNDINAMARCA,SAN ANTONIO DEL TEQUENDAMA,DUQUE MARQUEZ IVAN,2344
CUNDINAMARCA,SAN ANTONIO DEL TEQUENDAMA,FAJARDO VALDERRAMA SERGIO,1128
CUNDINAMARCA,SAN ANTONIO DEL TEQUENDAMA,MORALES HOYOS VIVIANE ALEIDA,12
CUNDINAMARCA,SAN ANTONIO DEL TEQUENDAMA,PETRO URREGO GUSTAVO FRANCISCO,909
CUNDINAMARCA,SAN ANTONIO DEL TEQUENDAMA,PROMOTORES VOTO EN BLANCO,8
CUNDINAMARCA,SAN ANTONIO DEL TEQUENDAMA,TARJETAS NO MARCADAS,10
CUNDINAMARCA,SAN ANTONIO DEL TEQUENDAMA,TRUJILLO SARMIENTO JORGE ANTONIO,28
CUNDINAMARCA,SAN ANTONIO DEL TEQUENDAMA,VARGAS LLERAS GERMAN,535
CUNDINAMARCA,SAN ANTONIO DEL TEQUENDAMA,VOTOS EN BLANCO,69
CUNDINAMARCA,SAN ANTONIO DEL TEQUENDAMA,VOTOS NULOS,43
CUNDINAMARCA,SAN BERNARDO,DE LA CALLE LOMBANA HUMBERTO,38
CUNDINAMARCA,SAN BERNARDO,DUQUE MARQUEZ IVAN,2118
CUNDINAMARCA,SAN BERNARDO,FAJARDO VALDERRAMA SERGIO,609
CUNDINAMARCA,SAN BERNARDO,MORALES HOYOS VIVIANE ALEIDA,10
CUNDINAMARCA,SAN BERNARDO,PETRO URREGO GUSTAVO FRANCISCO,817
CUNDINAMARCA,SAN BERNARDO,PROMOTORES VOTO EN BLANCO,12
CUNDINAMARCA,SAN BERNARDO,TARJETAS NO MARCADAS,10
CUNDINAMARCA,SAN BERNARDO,TRUJILLO SARMIENTO JORGE ANTONIO,9
CUNDINAMARCA,SAN BERNARDO,VARGAS LLERAS GERMAN,261
CUNDINAMARCA,SAN BERNARDO,VOTOS EN BLANCO,60
CUNDINAMARCA,SAN BERNARDO,VOTOS NULOS,46
CUNDINAMARCA,SAN CAYETANO,DE LA CALLE LOMBANA HUMBERTO,20
CUNDINAMARCA,SAN CAYETANO,DUQUE MARQUEZ IVAN,1418
CUNDINAMARCA,SAN CAYETANO,FAJARDO VALDERRAMA SERGIO,168
CUNDINAMARCA,SAN CAYETANO,MORALES HOYOS VIVIANE ALEIDA,8
CUNDINAMARCA,SAN CAYETANO,PETRO URREGO GUSTAVO FRANCISCO,178
CUNDINAMARCA,SAN CAYETANO,PROMOTORES VOTO EN BLANCO,2
CUNDINAMARCA,SAN CAYETANO,TARJETAS NO MARCADAS,6
CUNDINAMARCA,SAN CAYETANO,TRUJILLO SARMIENTO JORGE ANTONIO,8
CUNDINAMARCA,SAN CAYETANO,VARGAS LLERAS GERMAN,250
CUNDINAMARCA,SAN CAYETANO,VOTOS EN BLANCO,27
CUNDINAMARCA,SAN CAYETANO,VOTOS NULOS,15
CUNDINAMARCA,SAN FRANCISCO,DE LA CALLE LOMBANA HUMBERTO,56
CUNDINAMARCA,SAN FRANCISCO,DUQUE MARQUEZ IVAN,3123
CUNDINAMARCA,SAN FRANCISCO,FAJARDO VALDERRAMA SERGIO,1071
CUNDINAMARCA,SAN FRANCISCO,MORALES HOYOS VIVIANE ALEIDA,7
CUNDINAMARCA,SAN FRANCISCO,PETRO URREGO GUSTAVO FRANCISCO,583
CUNDINAMARCA,SAN FRANCISCO,PROMOTORES VOTO EN BLANCO,8
CUNDINAMARCA,SAN FRANCISCO,TARJETAS NO MARCADAS,3
CUNDINAMARCA,SAN FRANCISCO,TRUJILLO SARMIENTO JORGE ANTONIO,5
CUNDINAMARCA,SAN FRANCISCO,VARGAS LLERAS GERMAN,285
CUNDINAMARCA,SAN FRANCISCO,VOTOS EN BLANCO,69
CUNDINAMARCA,SAN FRANCISCO,VOTOS NULOS,58
CUNDINAMARCA,SAN JUAN DE RIOSECO,DE LA CALLE LOMBANA HUMBERTO,72
CUNDINAMARCA,SAN JUAN DE RIOSECO,DUQUE MARQUEZ IVAN,2770
CUNDINAMARCA,SAN JUAN DE RIOSECO,FAJARDO VALDERRAMA SERGIO,439
CUNDINAMARCA,SAN JUAN DE RIOSECO,MORALES HOYOS VIVIANE ALEIDA,14
CUNDINAMARCA,SAN JUAN DE RIOSECO,PETRO URREGO GUSTAVO FRANCISCO,601
CUNDINAMARCA,SAN JUAN DE RIOSECO,PROMOTORES VOTO EN BLANCO,10
CUNDINAMARCA,SAN JUAN DE RIOSECO,TARJETAS NO MARCADAS,28
CUNDINAMARCA,SAN JUAN DE RIOSECO,TRUJILLO SARMIENTO JORGE ANTONIO,52
CUNDINAMARCA,SAN JUAN DE RIOSECO,VARGAS LLERAS GERMAN,677
CUNDINAMARCA,SAN JUAN DE RIOSECO,VOTOS EN BLANCO,65
CUNDINAMARCA,SAN JUAN DE RIOSECO,VOTOS NULOS,44
CUNDINAMARCA,SASAIMA,DE LA CALLE LOMBANA HUMBERTO,57
CUNDINAMARCA,SASAIMA,DUQUE MARQUEZ IVAN,3200
CUNDINAMARCA,SASAIMA,FAJARDO VALDERRAMA SERGIO,938
CUNDINAMARCA,SASAIMA,MORALES HOYOS VIVIANE ALEIDA,11
CUNDINAMARCA,SASAIMA,PETRO URREGO GUSTAVO FRANCISCO,455
CUNDINAMARCA,SASAIMA,PROMOTORES VOTO EN BLANCO,6
CUNDINAMARCA,SASAIMA,TARJETAS NO MARCADAS,14
CUNDINAMARCA,SASAIMA,TRUJILLO SARMIENTO JORGE ANTONIO,19
CUNDINAMARCA,SASAIMA,VARGAS LLERAS GERMAN,281
CUNDINAMARCA,SASAIMA,VOTOS EN BLANCO,81
CUNDINAMARCA,SASAIMA,VOTOS NULOS,62
CUNDINAMARCA,SESQUILE,DE LA CALLE LOMBANA HUMBERTO,69
CUNDINAMARCA,SESQUILE,DUQUE MARQUEZ IVAN,1948
CUNDINAMARCA,SESQUILE,FAJARDO VALDERRAMA SERGIO,1802
CUNDINAMARCA,SESQUILE,MORALES HOYOS VIVIANE ALEIDA,17
CUNDINAMARCA,SESQUILE,PETRO URREGO GUSTAVO FRANCISCO,970
CUNDINAMARCA,SESQUILE,PROMOTORES VOTO EN BLANCO,10
CUNDINAMARCA,SESQUILE,TARJETAS NO MARCADAS,15
CUNDINAMARCA,SESQUILE,TRUJILLO SARMIENTO JORGE ANTONIO,6
CUNDINAMARCA,SESQUILE,VARGAS LLERAS GERMAN,325
CUNDINAMARCA,SESQUILE,VOTOS EN BLANCO,152
CUNDINAMARCA,SESQUILE,VOTOS NULOS,173
CUNDINAMARCA,SIBATE,DE LA CALLE LOMBANA HUMBERTO,394
CUNDINAMARCA,SIBATE,DUQUE MARQUEZ IVAN,5356
CUNDINAMARCA,SIBATE,FAJARDO VALDERRAMA SERGIO,4166
CUNDINAMARCA,SIBATE,MORALES HOYOS VIVIANE ALEIDA,29
CUNDINAMARCA,SIBATE,PETRO URREGO GUSTAVO FRANCISCO,4479
CUNDINAMARCA,SIBATE,PROMOTORES VOTO EN BLANCO,35
CUNDINAMARCA,SIBATE,TARJETAS NO MARCADAS,28
CUNDINAMARCA,SIBATE,TRUJILLO SARMIENTO JORGE ANTONIO,47
CUNDINAMARCA,SIBATE,VARGAS LLERAS GERMAN,1151
CUNDINAMARCA,SIBATE,VOTOS EN BLANCO,413
CUNDINAMARCA,SIBATE,VOTOS NULOS,394
CUNDINAMARCA,SILVANIA,DE LA CALLE LOMBANA HUMBERTO,161
CUNDINAMARCA,SILVANIA,DUQUE MARQUEZ IVAN,5735
CUNDINAMARCA,SILVANIA,FAJARDO VALDERRAMA SERGIO,1619
CUNDINAMARCA,SILVANIA,MORALES HOYOS VIVIANE ALEIDA,22
CUNDINAMARCA,SILVANIA,PETRO URREGO GUSTAVO FRANCISCO,1692
CUNDINAMARCA,SILVANIA,PROMOTORES VOTO EN BLANCO,16
CUNDINAMARCA,SILVANIA,TARJETAS NO MARCADAS,30
CUNDINAMARCA,SILVANIA,TRUJILLO SARMIENTO JORGE ANTONIO,9
CUNDINAMARCA,SILVANIA,VARGAS LLERAS GERMAN,630
CUNDINAMARCA,SILVANIA,VOTOS EN BLANCO,126
CUNDINAMARCA,SILVANIA,VOTOS NULOS,111
CUNDINAMARCA,SIMIJACA,DE LA CALLE LOMBANA HUMBERTO,54
CUNDINAMARCA,SIMIJACA,DUQUE MARQUEZ IVAN,2517
CUNDINAMARCA,SIMIJACA,FAJARDO VALDERRAMA SERGIO,1294
CUNDINAMARCA,SIMIJACA,MORALES HOYOS VIVIANE ALEIDA,7
CUNDINAMARCA,SIMIJACA,PETRO URREGO GUSTAVO FRANCISCO,867
CUNDINAMARCA,SIMIJACA,PROMOTORES VOTO EN BLANCO,13
CUNDINAMARCA,SIMIJACA,TARJETAS NO MARCADAS,17
CUNDINAMARCA,SIMIJACA,TRUJILLO SARMIENTO JORGE ANTONIO,6
CUNDINAMARCA,SIMIJACA,VARGAS LLERAS GERMAN,467
CUNDINAMARCA,SIMIJACA,VOTOS EN BLANCO,117
CUNDINAMARCA,SIMIJACA,VOTOS NULOS,100
CUNDINAMARCA,SOACHA,DE LA CALLE LOMBANA HUMBERTO,3009
CUNDINAMARCA,SOACHA,DUQUE MARQUEZ IVAN,41539
CUNDINAMARCA,SOACHA,FAJARDO VALDERRAMA SERGIO,39266
CUNDINAMARCA,SOACHA,MORALES HOYOS VIVIANE ALEIDA,370
CUNDINAMARCA,SOACHA,PETRO URREGO GUSTAVO FRANCISCO,53200
CUNDINAMARCA,SOACHA,PROMOTORES VOTO EN BLANCO,261
CUNDINAMARCA,SOACHA,TARJETAS NO MARCADAS,191
CUNDINAMARCA,SOACHA,TRUJILLO SARMIENTO JORGE ANTONIO,705
CUNDINAMARCA,SOACHA,VARGAS LLERAS GERMAN,7489
CUNDINAMARCA,SOACHA,VOTOS EN BLANCO,3159
CUNDINAMARCA,SOACHA,VOTOS NULOS,2796
CUNDINAMARCA,SOPO,DE LA CALLE LOMBANA HUMBERTO,206
CUNDINAMARCA,SOPO,DUQUE MARQUEZ IVAN,3388
CUNDINAMARCA,SOPO,FAJARDO VALDERRAMA SERGIO,4914
CUNDINAMARCA,SOPO,MORALES HOYOS VIVIANE ALEIDA,18
CUNDINAMARCA,SOPO,PETRO URREGO GUSTAVO FRANCISCO,3642
CUNDINAMARCA,SOPO,PROMOTORES VOTO EN BLANCO,20
CUNDINAMARCA,SOPO,TARJETAS NO MARCADAS,19
CUNDINAMARCA,SOPO,TRUJILLO SARMIENTO JORGE ANTONIO,23
CUNDINAMARCA,SOPO,VARGAS LLERAS GERMAN,580
CUNDINAMARCA,SOPO,VOTOS EN BLANCO,325
CUNDINAMARCA,SOPO,VOTOS NULOS,229
CUNDINAMARCA,SUBACHOQUE,DE LA CALLE LOMBANA HUMBERTO,81
CUNDINAMARCA,SUBACHOQUE,DUQUE MARQUEZ IVAN,4476
CUNDINAMARCA,SUBACHOQUE,FAJARDO VALDERRAMA SERGIO,2307
CUNDINAMARCA,SUBACHOQUE,MORALES HOYOS VIVIANE ALEIDA,16
CUNDINAMARCA,SUBACHOQUE,PETRO URREGO GUSTAVO FRANCISCO,690
CUNDINAMARCA,SUBACHOQUE,PROMOTORES VOTO EN BLANCO,8
CUNDINAMARCA,SUBACHOQUE,TARJETAS NO MARCADAS,21
CUNDINAMARCA,SUBACHOQUE,TRUJILLO SARMIENTO JORGE ANTONIO,30
CUNDINAMARCA,SUBACHOQUE,VARGAS LLERAS GERMAN,477
CUNDINAMARCA,SUBACHOQUE,VOTOS EN BLANCO,209
CUNDINAMARCA,SUBACHOQUE,VOTOS NULOS,135
CUNDINAMARCA,SUESCA,DE LA CALLE LOMBANA HUMBERTO,172
CUNDINAMARCA,SUESCA,DUQUE MARQUEZ IVAN,1610
CUNDINAMARCA,SUESCA,FAJARDO VALDERRAMA SERGIO,2796
CUNDINAMARCA,SUESCA,MORALES HOYOS VIVIANE ALEIDA,20
CUNDINAMARCA,SUESCA,PETRO URREGO GUSTAVO FRANCISCO,1328
CUNDINAMARCA,SUESCA,PROMOTORES VOTO EN BLANCO,33
CUNDINAMARCA,SUESCA,TARJETAS NO MARCADAS,28
CUNDINAMARCA,SUESCA,TRUJILLO SARMIENTO JORGE ANTONIO,35
CUNDINAMARCA,SUESCA,VARGAS LLERAS GERMAN,498
CUNDINAMARCA,SUESCA,VOTOS EN BLANCO,257
CUNDINAMARCA,SUESCA,VOTOS NULOS,272
CUNDINAMARCA,SUPATA,DE LA CALLE LOMBANA HUMBERTO,23
CUNDINAMARCA,SUPATA,DUQUE MARQUEZ IVAN,1617
CUNDINAMARCA,SUPATA,FAJARDO VALDERRAMA SERGIO,360
CUNDINAMARCA,SUPATA,MORALES HOYOS VIVIANE ALEIDA,2
CUNDINAMARCA,SUPATA,PETRO URREGO GUSTAVO FRANCISCO,149
CUNDINAMARCA,SUPATA,PROMOTORES VOTO EN BLANCO,2
CUNDINAMARCA,SUPATA,TARJETAS NO MARCADAS,7
CUNDINAMARCA,SUPATA,TRUJILLO SARMIENTO JORGE ANTONIO,2
CUNDINAMARCA,SUPATA,VARGAS LLERAS GERMAN,196
CUNDINAMARCA,SUPATA,VOTOS EN BLANCO,40
CUNDINAMARCA,SUPATA,VOTOS NULOS,22
CUNDINAMARCA,SUSA,DE LA CALLE LOMBANA HUMBERTO,41
CUNDINAMARCA,SUSA,DUQUE MARQUEZ IVAN,1362
CUNDINAMARCA,SUSA,FAJARDO VALDERRAMA SERGIO,487
CUNDINAMARCA,SUSA,MORALES HOYOS VIVIANE ALEIDA,4
CUNDINAMARCA,SUSA,PETRO URREGO GUSTAVO FRANCISCO,508
CUNDINAMARCA,SUSA,PROMOTORES VOTO EN BLANCO,5
CUNDINAMARCA,SUSA,TARJETAS NO MARCADAS,12
CUNDINAMARCA,SUSA,TRUJILLO SARMIENTO JORGE ANTONIO,9
CUNDINAMARCA,SUSA,VARGAS LLERAS GERMAN,286
CUNDINAMARCA,SUSA,VOTOS EN BLANCO,86
CUNDINAMARCA,SUSA,VOTOS NULOS,68
CUNDINAMARCA,SUTATAUSA,DE LA CALLE LOMBANA HUMBERTO,35
CUNDINAMARCA,SUTATAUSA,DUQUE MARQUEZ IVAN,1084
CUNDINAMARCA,SUTATAUSA,FAJARDO VALDERRAMA SERGIO,726
CUNDINAMARCA,SUTATAUSA,MORALES HOYOS VIVIANE ALEIDA,5
CUNDINAMARCA,SUTATAUSA,PETRO URREGO GUSTAVO FRANCISCO,280
CUNDINAMARCA,SUTATAUSA,PROMOTORES VOTO EN BLANCO,3
CUNDINAMARCA,SUTATAUSA,TARJETAS NO MARCADAS,6
CUNDINAMARCA,SUTATAUSA,TRUJILLO SARMIENTO JORGE ANTONIO,10
CUNDINAMARCA,SUTATAUSA,VARGAS LLERAS GERMAN,122
CUNDINAMARCA,SUTATAUSA,VOTOS EN BLANCO,91
CUNDINAMARCA,SUTATAUSA,VOTOS NULOS,67
CUNDINAMARCA,TABIO,DE LA CALLE LOMBANA HUMBERTO,209
CUNDINAMARCA,TABIO,DUQUE MARQUEZ IVAN,4275
CUNDINAMARCA,TABIO,FAJARDO VALDERRAMA SERGIO,4235
CUNDINAMARCA,TABIO,MORALES HOYOS VIVIANE ALEIDA,14
CUNDINAMARCA,TABIO,PETRO URREGO GUSTAVO FRANCISCO,1311
CUNDINAMARCA,TABIO,PROMOTORES VOTO EN BLANCO,22
CUNDINAMARCA,TABIO,TARJETAS NO MARCADAS,13
CUNDINAMARCA,TABIO,TRUJILLO SARMIENTO JORGE ANTONIO,29
CUNDINAMARCA,TABIO,VARGAS LLERAS GERMAN,508
CUNDINAMARCA,TABIO,VOTOS EN BLANCO,298
CUNDINAMARCA,TABIO,VOTOS NULOS,140
CUNDINAMARCA,TAUSA,DE LA CALLE LOMBANA HUMBERTO,92
CUNDINAMARCA,TAUSA,DUQUE MARQUEZ IVAN,2123
CUNDINAMARCA,TAUSA,FAJARDO VALDERRAMA SERGIO,735
CUNDINAMARCA,TAUSA,MORALES HOYOS VIVIANE ALEIDA,14
CUNDINAMARCA,TAUSA,PETRO URREGO GUSTAVO FRANCISCO,253
CUNDINAMARCA,TAUSA,PROMOTORES VOTO EN BLANCO,5
CUNDINAMARCA,TAUSA,TARJETAS NO MARCADAS,10
CUNDINAMARCA,TAUSA,TRUJILLO SARMIENTO JORGE ANTONIO,9
CUNDINAMARCA,TAUSA,VARGAS LLERAS GERMAN,146
CUNDINAMARCA,TAUSA,VOTOS EN BLANCO,94
CUNDINAMARCA,TAUSA,VOTOS NULOS,102
CUNDINAMARCA,TENA,DE LA CALLE LOMBANA HUMBERTO,66
CUNDINAMARCA,TENA,DUQUE MARQUEZ IVAN,1932
CUNDINAMARCA,TENA,FAJARDO VALDERRAMA SERGIO,629
CUNDINAMARCA,TENA,MORALES HOYOS VIVIANE ALEIDA,6
CUNDINAMARCA,TENA,PETRO URREGO GUSTAVO FRANCISCO,680
CUNDINAMARCA,TENA,PROMOTORES VOTO EN BLANCO,2
CUNDINAMARCA,TENA,TARJETAS NO MARCADAS,10
CUNDINAMARCA,TENA,TRUJILLO SARMIENTO JORGE ANTONIO,13
CUNDINAMARCA,TENA,VARGAS LLERAS GERMAN,691
CUNDINAMARCA,TENA,VOTOS EN BLANCO,58
CUNDINAMARCA,TENA,VOTOS NULOS,30
CUNDINAMARCA,TENJO,DE LA CALLE LOMBANA HUMBERTO,212
CUNDINAMARCA,TENJO,DUQUE MARQUEZ IVAN,4585
CUNDINAMARCA,TENJO,FAJARDO VALDERRAMA SERGIO,3669
CUNDINAMARCA,TENJO,MORALES HOYOS VIVIANE ALEIDA,23
CUNDINAMARCA,TENJO,PETRO URREGO GUSTAVO FRANCISCO,1362
CUNDINAMARCA,TENJO,PROMOTORES VOTO EN BLANCO,19
CUNDINAMARCA,TENJO,TARJETAS NO MARCADAS,15
CUNDINAMARCA,TENJO,TRUJILLO SARMIENTO JORGE ANTONIO,16
CUNDINAMARCA,TENJO,VARGAS LLERAS GERMAN,646
CUNDINAMARCA,TENJO,VOTOS EN BLANCO,293
CUNDINAMARCA,TENJO,VOTOS NULOS,194
CUNDINAMARCA,TIBACUY,DE LA CALLE LOMBANA HUMBERTO,34
CUNDINAMARCA,TIBACUY,DUQUE MARQUEZ IVAN,1142
CUNDINAMARCA,TIBACUY,FAJARDO VALDERRAMA SERGIO,234
CUNDINAMARCA,TIBACUY,MORALES HOYOS VIVIANE ALEIDA,7
CUNDINAMARCA,TIBACUY,PETRO URREGO GUSTAVO FRANCISCO,501
CUNDINAMARCA,TIBACUY,PROMOTORES VOTO EN BLANCO,1
CUNDINAMARCA,TIBACUY,TARJETAS NO MARCADAS,9
CUNDINAMARCA,TIBACUY,TRUJILLO SARMIENTO JORGE ANTONIO,4
CUNDINAMARCA,TIBACUY,VARGAS LLERAS GERMAN,181
CUNDINAMARCA,TIBACUY,VOTOS EN BLANCO,27
CUNDINAMARCA,TIBACUY,VOTOS NULOS,22
CUNDINAMARCA,TIBIRITA,DE LA CALLE LOMBANA HUMBERTO,20
CUNDINAMARCA,TIBIRITA,DUQUE MARQUEZ IVAN,807
CUNDINAMARCA,TIBIRITA,FAJARDO VALDERRAMA SERGIO,218
CUNDINAMARCA,TIBIRITA,MORALES HOYOS VIVIANE ALEIDA,4
CUNDINAMARCA,TIBIRITA,PETRO URREGO GUSTAVO FRANCISCO,164
CUNDINAMARCA,TIBIRITA,PROMOTORES VOTO EN BLANCO,2
CUNDINAMARCA,TIBIRITA,TARJETAS NO MARCADAS,15
CUNDINAMARCA,TIBIRITA,TRUJILLO SARMIENTO JORGE ANTONIO,2
CUNDINAMARCA,TIBIRITA,VARGAS LLERAS GERMAN,308
CUNDINAMARCA,TIBIRITA,VOTOS EN BLANCO,20
CUNDINAMARCA,TIBIRITA,VOTOS NULOS,15
CUNDINAMARCA,TOCAIMA,DE LA CALLE LOMBANA HUMBERTO,120
CUNDINAMARCA,TOCAIMA,DUQUE MARQUEZ IVAN,3585
CUNDINAMARCA,TOCAIMA,FAJARDO VALDERRAMA SERGIO,865
CUNDINAMARCA,TOCAIMA,MORALES HOYOS VIVIANE ALEIDA,15
CUNDINAMARCA,TOCAIMA,PETRO URREGO GUSTAVO FRANCISCO,677
CUNDINAMARCA,TOCAIMA,PROMOTORES VOTO EN BLANCO,14
CUNDINAMARCA,TOCAIMA,TARJETAS NO MARCADAS,22
CUNDINAMARCA,TOCAIMA,TRUJILLO SARMIENTO JORGE ANTONIO,22
CUNDINAMARCA,TOCAIMA,VARGAS LLERAS GERMAN,1275
CUNDINAMARCA,TOCAIMA,VOTOS EN BLANCO,116
CUNDINAMARCA,TOCAIMA,VOTOS NULOS,96
CUNDINAMARCA,TOCANCIPA,DE LA CALLE LOMBANA HUMBERTO,308
CUNDINAMARCA,TOCANCIPA,DUQUE MARQUEZ IVAN,4664
CUNDINAMARCA,TOCANCIPA,FAJARDO VALDERRAMA SERGIO,7359
CUNDINAMARCA,TOCANCIPA,MORALES HOYOS VIVIANE ALEIDA,55
CUNDINAMARCA,TOCANCIPA,PETRO URREGO GUSTAVO FRANCISCO,5285
CUNDINAMARCA,TOCANCIPA,PROMOTORES VOTO EN BLANCO,41
CUNDINAMARCA,TOCANCIPA,TARJETAS NO MARCADAS,36
CUNDINAMARCA,TOCANCIPA,TRUJILLO SARMIENTO JORGE ANTONIO,77
CUNDINAMARCA,TOCANCIPA,VARGAS LLERAS GERMAN,668
CUNDINAMARCA,TOCANCIPA,VOTOS EN BLANCO,638
CUNDINAMARCA,TOCANCIPA,VOTOS NULOS,676
CUNDINAMARCA,TOPAIPI,DE LA CALLE LOMBANA HUMBERTO,29
CUNDINAMARCA,TOPAIPI,DUQUE MARQUEZ IVAN,1194
CUNDINAMARCA,TOPAIPI,FAJARDO VALDERRAMA SERGIO,99
CUNDINAMARCA,TOPAIPI,MORALES HOYOS VIVIANE ALEIDA,27
CUNDINAMARCA,TOPAIPI,PETRO URREGO GUSTAVO FRANCISCO,128
CUNDINAMARCA,TOPAIPI,PROMOTORES VOTO EN BLANCO,2
CUNDINAMARCA,TOPAIPI,TARJETAS NO MARCADAS,19
CUNDINAMARCA,TOPAIPI,TRUJILLO SARMIENTO JORGE ANTONIO,10
CUNDINAMARCA,TOPAIPI,VARGAS LLERAS GERMAN,338
CUNDINAMARCA,TOPAIPI,VOTOS EN BLANCO,22
CUNDINAMARCA,TOPAIPI,VOTOS NULOS,11
CUNDINAMARCA,UBALA,DE LA CALLE LOMBANA HUMBERTO,35
CUNDINAMARCA,UBALA,DUQUE MARQUEZ IVAN,2607
CUNDINAMARCA,UBALA,FAJARDO VALDERRAMA SERGIO,473
CUNDINAMARCA,UBALA,MORALES HOYOS VIVIANE ALEIDA,18
CUNDINAMARCA,UBALA,PETRO URREGO GUSTAVO FRANCISCO,390
CUNDINAMARCA,UBALA,PROMOTORES VOTO EN BLANCO,10
CUNDINAMARCA,UBALA,TARJETAS NO MARCADAS,22
CUNDINAMARCA,UBALA,TRUJILLO SARMIENTO JORGE ANTONIO,13
CUNDINAMARCA,UBALA,VARGAS LLERAS GERMAN,275
CUNDINAMARCA,UBALA,VOTOS EN BLANCO,65
CUNDINAMARCA,UBALA,VOTOS NULOS,70
CUNDINAMARCA,UBAQUE,DE LA CALLE LOMBANA HUMBERTO,31
CUNDINAMARCA,UBAQUE,DUQUE MARQUEZ IVAN,2040
CUNDINAMARCA,UBAQUE,FAJARDO VALDERRAMA SERGIO,630
CUNDINAMARCA,UBAQUE,MORALES HOYOS VIVIANE ALEIDA,8
CUNDINAMARCA,UBAQUE,PETRO URREGO GUSTAVO FRANCISCO,554
CUNDINAMARCA,UBAQUE,PROMOTORES VOTO EN BLANCO,6
CUNDINAMARCA,UBAQUE,TARJETAS NO MARCADAS,13
CUNDINAMARCA,UBAQUE,TRUJILLO SARMIENTO JORGE ANTONIO,4
CUNDINAMARCA,UBAQUE,VARGAS LLERAS GERMAN,157
CUNDINAMARCA,UBAQUE,VOTOS EN BLANCO,49
CUNDINAMARCA,UBAQUE,VOTOS NULOS,64
CUNDINAMARCA,UNE,DE LA CALLE LOMBANA HUMBERTO,70
CUNDINAMARCA,UNE,DUQUE MARQUEZ IVAN,1854
CUNDINAMARCA,UNE,FAJARDO VALDERRAMA SERGIO,630
CUNDINAMARCA,UNE,MORALES HOYOS VIVIANE ALEIDA,4
CUNDINAMARCA,UNE,PETRO URREGO GUSTAVO FRANCISCO,716
CUNDINAMARCA,UNE,PROMOTORES VOTO EN BLANCO,4
CUNDINAMARCA,UNE,TARJETAS NO MARCADAS,11
CUNDINAMARCA,UNE,TRUJILLO SARMIENTO JORGE ANTONIO,7
CUNDINAMARCA,UNE,VARGAS LLERAS GERMAN,521
CUNDINAMARCA,UNE,VOTOS EN BLANCO,74
CUNDINAMARCA,UNE,VOTOS NULOS,47
CUNDINAMARCA,UTICA,DE LA CALLE LOMBANA HUMBERTO,32
CUNDINAMARCA,UTICA,DUQUE MARQUEZ IVAN,1969
CUNDINAMARCA,UTICA,FAJARDO VALDERRAMA SERGIO,220
CUNDINAMARCA,UTICA,MORALES HOYOS VIVIANE ALEIDA,1
CUNDINAMARCA,UTICA,PETRO URREGO GUSTAVO FRANCISCO,118
CUNDINAMARCA,UTICA,PROMOTORES VOTO EN BLANCO,3
CUNDINAMARCA,UTICA,TARJETAS NO MARCADAS,15
CUNDINAMARCA,UTICA,TRUJILLO SARMIENTO JORGE ANTONIO,6
CUNDINAMARCA,UTICA,VARGAS LLERAS GERMAN,318
CUNDINAMARCA,UTICA,VOTOS EN BLANCO,19
CUNDINAMARCA,UTICA,VOTOS NULOS,24
CUNDINAMARCA,VENECIA,DE LA CALLE LOMBANA HUMBERTO,35
CUNDINAMARCA,VENECIA,DUQUE MARQUEZ IVAN,866
CUNDINAMARCA,VENECIA,FAJARDO VALDERRAMA SERGIO,252
CUNDINAMARCA,VENECIA,MORALES HOYOS VIVIANE ALEIDA,10
CUNDINAMARCA,VENECIA,PETRO URREGO GUSTAVO FRANCISCO,432
CUNDINAMARCA,VENECIA,PROMOTORES VOTO EN BLANCO,9
CUNDINAMARCA,VENECIA,TARJETAS NO MARCADAS,7
CUNDINAMARCA,VENECIA,TRUJILLO SARMIENTO JORGE ANTONIO,5
CUNDINAMARCA,VENECIA,VARGAS LLERAS GERMAN,133
CUNDINAMARCA,VENECIA,VOTOS EN BLANCO,39
CUNDINAMARCA,VENECIA,VOTOS NULOS,19
CUNDINAMARCA,VERGARA,DE LA CALLE LOMBANA HUMBERTO,34
CUNDINAMARCA,VERGARA,DUQUE MARQUEZ IVAN,2337
CUNDINAMARCA,VERGARA,FAJARDO VALDERRAMA SERGIO,425
CUNDINAMARCA,VERGARA,MORALES HOYOS VIVIANE ALEIDA,17
CUNDINAMARCA,VERGARA,PETRO URREGO GUSTAVO FRANCISCO,367
CUNDINAMARCA,VERGARA,PROMOTORES VOTO EN BLANCO,2
CUNDINAMARCA,VERGARA,TARJETAS NO MARCADAS,20
CUNDINAMARCA,VERGARA,TRUJILLO SARMIENTO JORGE ANTONIO,15
CUNDINAMARCA,VERGARA,VARGAS LLERAS GERMAN,533
CUNDINAMARCA,VERGARA,VOTOS EN BLANCO,31
CUNDINAMARCA,VERGARA,VOTOS NULOS,32
CUNDINAMARCA,VIANI,DE LA CALLE LOMBANA HUMBERTO,32
CUNDINAMARCA,VIANI,DUQUE MARQUEZ IVAN,1242
CUNDINAMARCA,VIANI,FAJARDO VALDERRAMA SERGIO,243
CUNDINAMARCA,VIANI,MORALES HOYOS VIVIANE ALEIDA,7
CUNDINAMARCA,VIANI,PETRO URREGO GUSTAVO FRANCISCO,234
CUNDINAMARCA,VIANI,PROMOTORES VOTO EN BLANCO,1
CUNDINAMARCA,VIANI,TARJETAS NO MARCADAS,2
CUNDINAMARCA,VIANI,TRUJILLO SARMIENTO JORGE ANTONIO,4
CUNDINAMARCA,VIANI,VARGAS LLERAS GERMAN,267
CUNDINAMARCA,VIANI,VOTOS EN BLANCO,27
CUNDINAMARCA,VIANI,VOTOS NULOS,36
CUNDINAMARCA,VILLA DE SAN DIEGO DE UBATE,DE LA CALLE LOMBANA HUMBERTO,225
CUNDINAMARCA,VILLA DE SAN DIEGO DE UBATE,DUQUE MARQUEZ IVAN,6892
CUNDINAMARCA,VILLA DE SAN DIEGO DE UBATE,FAJARDO VALDERRAMA SERGIO,7954
CUNDINAMARCA,VILLA DE SAN DIEGO DE UBATE,MORALES HOYOS VIVIANE ALEIDA,39
CUNDINAMARCA,VILLA DE SAN DIEGO DE UBATE,PETRO URREGO GUSTAVO FRANCISCO,2560
CUNDINAMARCA,VILLA DE SAN DIEGO DE UBATE,PROMOTORES VOTO EN BLANCO,34
CUNDINAMARCA,VILLA DE SAN DIEGO DE UBATE,TARJETAS NO MARCADAS,32
CUNDINAMARCA,VILLA DE SAN DIEGO DE UBATE,TRUJILLO SARMIENTO JORGE ANTONIO,47
CUNDINAMARCA,VILLA DE SAN DIEGO DE UBATE,VARGAS LLERAS GERMAN,854
CUNDINAMARCA,VILLA DE SAN DIEGO DE UBATE,VOTOS EN BLANCO,598
CUNDINAMARCA,VILLA DE SAN DIEGO DE UBATE,VOTOS NULOS,455
CUNDINAMARCA,VILLAGOMEZ,DE LA CALLE LOMBANA HUMBERTO,8
CUNDINAMARCA,VILLAGOMEZ,DUQUE MARQUEZ IVAN,761
CUNDINAMARCA,VILLAGOMEZ,FAJARDO VALDERRAMA SERGIO,120
CUNDINAMARCA,VILLAGOMEZ,MORALES HOYOS VIVIANE ALEIDA,2
CUNDINAMARCA,VILLAGOMEZ,PETRO URREGO GUSTAVO FRANCISCO,130
CUNDINAMARCA,VILLAGOMEZ,TARJETAS NO MARCADAS,3
CUNDINAMARCA,VILLAGOMEZ,TRUJILLO SARMIENTO JORGE ANTONIO,2
CUNDINAMARCA,VILLAGOMEZ,VARGAS LLERAS GERMAN,43
CUNDINAMARCA,VILLAGOMEZ,VOTOS EN BLANCO,8
CUNDINAMARCA,VILLAGOMEZ,VOTOS NULOS,7
CUNDINAMARCA,VILLAPINZON,DE LA CALLE LOMBANA HUMBERTO,71
CUNDINAMARCA,VILLAPINZON,DUQUE MARQUEZ IVAN,5303
CUNDINAMARCA,VILLAPINZON,FAJARDO VALDERRAMA SERGIO,2034
CUNDINAMARCA,VILLAPINZON,MORALES HOYOS VIVIANE ALEIDA,16
CUNDINAMARCA,VILLAPINZON,PETRO URREGO GUSTAVO FRANCISCO,694
CUNDINAMARCA,VILLAPINZON,PROMOTORES VOTO EN BLANCO,15
CUNDINAMARCA,VILLAPINZON,TARJETAS NO MARCADAS,27
CUNDINAMARCA,VILLAPINZON,TRUJILLO SARMIENTO JORGE ANTONIO,24
CUNDINAMARCA,VILLAPINZON,VARGAS LLERAS GERMAN,311
CUNDINAMARCA,VILLAPINZON,VOTOS EN BLANCO,201
CUNDINAMARCA,VILLAPINZON,VOTOS NULOS,107
CUNDINAMARCA,VILLETA,DE LA CALLE LOMBANA HUMBERTO,160
CUNDINAMARCA,VILLETA,DUQUE MARQUEZ IVAN,8543
CUNDINAMARCA,VILLETA,FAJARDO VALDERRAMA SERGIO,2550
CUNDINAMARCA,VILLETA,MORALES HOYOS VIVIANE ALEIDA,24
CUNDINAMARCA,VILLETA,PETRO URREGO GUSTAVO FRANCISCO,1305
CUNDINAMARCA,VILLETA,PROMOTORES VOTO EN BLANCO,8
CUNDINAMARCA,VILLETA,TARJETAS NO MARCADAS,28
CUNDINAMARCA,VILLETA,TRUJILLO SARMIENTO JORGE ANTONIO,26
CUNDINAMARCA,VILLETA,VARGAS LLERAS GERMAN,991
CUNDINAMARCA,VILLETA,VOTOS EN BLANCO,177
CUNDINAMARCA,VILLETA,VOTOS NULOS,140
CUNDINAMARCA,VIOTA,DE LA CALLE LOMBANA HUMBERTO,77
CUNDINAMARCA,VIOTA,DUQUE MARQUEZ IVAN,3346
CUNDINAMARCA,VIOTA,FAJARDO VALDERRAMA SERGIO,543
CUNDINAMARCA,VIOTA,MORALES HOYOS VIVIANE ALEIDA,15
CUNDINAMARCA,VIOTA,PETRO URREGO GUSTAVO FRANCISCO,1242
CUNDINAMARCA,VIOTA,PROMOTORES VOTO EN BLANCO,7
CUNDINAMARCA,VIOTA,TARJETAS NO MARCADAS,32
CUNDINAMARCA,VIOTA,TRUJILLO SARMIENTO JORGE ANTONIO,10
CUNDINAMARCA,VIOTA,VARGAS LLERAS GERMAN,568
CUNDINAMARCA,VIOTA,VOTOS EN BLANCO,49
CUNDINAMARCA,VIOTA,VOTOS NULOS,52
CUNDINAMARCA,YACOPI,DE LA CALLE LOMBANA HUMBERTO,57
CUNDINAMARCA,YACOPI,DUQUE MARQUEZ IVAN,3226
CUNDINAMARCA,YACOPI,FAJARDO VALDERRAMA SERGIO,249
CUNDINAMARCA,YACOPI,MORALES HOYOS VIVIANE ALEIDA,37
CUNDINAMARCA,YACOPI,PETRO URREGO GUSTAVO FRANCISCO,268
CUNDINAMARCA,YACOPI,PROMOTORES VOTO EN BLANCO,4
CUNDINAMARCA,YACOPI,TARJETAS NO MARCADAS,28
CUNDINAMARCA,YACOPI,TRUJILLO SARMIENTO JORGE ANTONIO,16
CUNDINAMARCA,YACOPI,VARGAS LLERAS GERMAN,552
CUNDINAMARCA,YACOPI,VOTOS EN BLANCO,36
CUNDINAMARCA,YACOPI,VOTOS NULOS,35
CUNDINAMARCA,ZIPACON,DE LA CALLE LOMBANA HUMBERTO,71
CUNDINAMARCA,ZIPACON,DUQUE MARQUEZ IVAN,1190
CUNDINAMARCA,ZIPACON,FAJARDO VALDERRAMA SERGIO,680
CUNDINAMARCA,ZIPACON,MORALES HOYOS VIVIANE ALEIDA,5
CUNDINAMARCA,ZIPACON,PETRO URREGO GUSTAVO FRANCISCO,391
CUNDINAMARCA,ZIPACON,PROMOTORES VOTO EN BLANCO,5
CUNDINAMARCA,ZIPACON,TARJETAS NO MARCADAS,13
CUNDINAMARCA,ZIPACON,TRUJILLO SARMIENTO JORGE ANTONIO,5
CUNDINAMARCA,ZIPACON,VARGAS LLERAS GERMAN,244
CUNDINAMARCA,ZIPACON,VOTOS EN BLANCO,40
CUNDINAMARCA,ZIPACON,VOTOS NULOS,36
CUNDINAMARCA,ZIPAQUIRA,DE LA CALLE LOMBANA HUMBERTO,1200
CUNDINAMARCA,ZIPAQUIRA,DUQUE MARQUEZ IVAN,12611
CUNDINAMARCA,ZIPAQUIRA,FAJARDO VALDERRAMA SERGIO,21662
CUNDINAMARCA,ZIPAQUIRA,MORALES HOYOS VIVIANE ALEIDA,122
CUNDINAMARCA,ZIPAQUIRA,PETRO URREGO GUSTAVO FRANCISCO,19399
CUNDINAMARCA,ZIPAQUIRA,PROMOTORES VOTO EN BLANCO,135
CUNDINAMARCA,ZIPAQUIRA,TARJETAS NO MARCADAS,71
CUNDINAMARCA,ZIPAQUIRA,TRUJILLO SARMIENTO JORGE ANTONIO,142
CUNDINAMARCA,ZIPAQUIRA,VARGAS LLERAS GERMAN,2891
CUNDINAMARCA,ZIPAQUIRA,VOTOS EN BLANCO,1524
CUNDINAMARCA,ZIPAQUIRA,VOTOS NULOS,1211
GUAINIA,BARRANCOMINAS,DE LA CALLE LOMBANA HUMBERTO,8
GUAINIA,BARRANCOMINAS,DUQUE MARQUEZ IVAN,66
GUAINIA,BARRANCOMINAS,FAJARDO VALDERRAMA SERGIO,46
GUAINIA,BARRANCOMINAS,PETRO URREGO GUSTAVO FRANCISCO,359
GUAINIA,BARRANCOMINAS,PROMOTORES VOTO EN BLANCO,2
GUAINIA,BARRANCOMINAS,TARJETAS NO MARCADAS,5
GUAINIA,BARRANCOMINAS,TRUJILLO SARMIENTO JORGE ANTONIO,5
GUAINIA,BARRANCOMINAS,VARGAS LLERAS GERMAN,83
GUAINIA,BARRANCOMINAS,VOTOS EN BLANCO,8
GUAINIA,BARRANCOMINAS,VOTOS NULOS,9
GUAINIA,CACAHUAL,DUQUE MARQUEZ IVAN,5
GUAINIA,CACAHUAL,FAJARDO VALDERRAMA SERGIO,4
GUAINIA,CACAHUAL,PETRO URREGO GUSTAVO FRANCISCO,6
GUAINIA,CACAHUAL,VARGAS LLERAS GERMAN,3
GUAINIA,CACAHUAL,VOTOS EN BLANCO,2
GUAINIA,INIRIDA,DE LA CALLE LOMBANA HUMBERTO,139
GUAINIA,INIRIDA,DUQUE MARQUEZ IVAN,3557
GUAINIA,INIRIDA,FAJARDO VALDERRAMA SERGIO,1143
GUAINIA,INIRIDA,MORALES HOYOS VIVIANE ALEIDA,20
GUAINIA,INIRIDA,PETRO URREGO GUSTAVO FRANCISCO,1567
GUAINIA,INIRIDA,PROMOTORES VOTO EN BLANCO,9
GUAINIA,INIRIDA,TARJETAS NO MARCADAS,36
GUAINIA,INIRIDA,TRUJILLO SARMIENTO JORGE ANTONIO,21
GUAINIA,INIRIDA,VARGAS LLERAS GERMAN,1599
GUAINIA,INIRIDA,VOTOS EN BLANCO,113
GUAINIA,INIRIDA,VOTOS NULOS,121
GUAINIA,LA GUADALUPE,DUQUE MARQUEZ IVAN,28
GUAINIA,LA GUADALUPE,FAJARDO VALDERRAMA SERGIO,3
GUAINIA,LA GUADALUPE,MORALES HOYOS VIVIANE ALEIDA,1
GUAINIA,LA GUADALUPE,PETRO URREGO GUSTAVO FRANCISCO,5
GUAINIA,LA GUADALUPE,TARJETAS NO MARCADAS,1
GUAINIA,LA GUADALUPE,VARGAS LLERAS GERMAN,11
GUAINIA,LA GUADALUPE,VOTOS EN BLANCO,1
GUAINIA,LA GUADALUPE,VOTOS NULOS,2
GUAINIA,MAPIRIPANA,DE LA CALLE LOMBANA HUMBERTO,3
GUAINIA,MAPIRIPANA,DUQUE MARQUEZ IVAN,53
GUAINIA,MAPIRIPANA,FAJARDO VALDERRAMA SERGIO,7
GUAINIA,MAPIRIPANA,MORALES HOYOS VIVIANE ALEIDA,1
GUAINIA,MAPIRIPANA,PETRO URREGO GUSTAVO FRANCISCO,27
GUAINIA,MAPIRIPANA,PROMOTORES VOTO EN BLANCO,1
GUAINIA,MAPIRIPANA,TARJETAS NO MARCADAS,1
GUAINIA,MAPIRIPANA,TRUJILLO SARMIENTO JORGE ANTONIO,2
GUAINIA,MAPIRIPANA,VARGAS LLERAS GERMAN,2
GUAINIA,MORICHAL,DE LA CALLE LOMBANA HUMBERTO,3
GUAINIA,MORICHAL,DUQUE MARQUEZ IVAN,1
GUAINIA,MORICHAL,FAJARDO VALDERRAMA SERGIO,4
GUAINIA,MORICHAL,PETRO URREGO GUSTAVO FRANCISCO,39
GUAINIA,MORICHAL,VARGAS LLERAS GERMAN,3
GUAINIA,MORICHAL,VOTOS EN BLANCO,3
GUAINIA,MORICHAL,VOTOS NULOS,1
GUAINIA,PANA PANA,DE LA CALLE LOMBANA HUMBERTO,13
GUAINIA,PANA PANA,DUQUE MARQUEZ IVAN,13
GUAINIA,PANA PANA,FAJARDO VALDERRAMA SERGIO,14
GUAINIA,PANA PANA,MORALES HOYOS VIVIANE ALEIDA,1
GUAINIA,PANA PANA,PETRO URREGO GUSTAVO FRANCISCO,76
GUAINIA,PANA PANA,TARJETAS NO MARCADAS,1
GUAINIA,PANA PANA,VARGAS LLERAS GERMAN,22
GUAINIA,PANA PANA,VOTOS EN BLANCO,8
GUAINIA,PANA PANA,VOTOS NULOS,2
GUAINIA,PUERTO COLOMBIA,DE LA CALLE LOMBANA HUMBERTO,6
GUAINIA,PUERTO COLOMBIA,DUQUE MARQUEZ IVAN,62
GUAINIA,PUERTO COLOMBIA,FAJARDO VALDERRAMA SERGIO,2
GUAINIA,PUERTO COLOMBIA,MORALES HOYOS VIVIANE ALEIDA,3
GUAINIA,PUERTO COLOMBIA,PETRO URREGO GUSTAVO FRANCISCO,31
GUAINIA,PUERTO COLOMBIA,TARJETAS NO MARCADAS,1
GUAINIA,PUERTO COLOMBIA,TRUJILLO SARMIENTO JORGE ANTONIO,1
GUAINIA,PUERTO COLOMBIA,VARGAS LLERAS GERMAN,15
GUAINIA,PUERTO COLOMBIA,VOTOS EN BLANCO,1
GUAINIA,PUERTO COLOMBIA,VOTOS NULOS,2
GUAINIA,SAN FELIPE,DE LA CALLE LOMBANA HUMBERTO,4
GUAINIA,SAN FELIPE,DUQUE MARQUEZ IVAN,121
GUAINIA,SAN FELIPE,FAJARDO VALDERRAMA SERGIO,10
GUAINIA,SAN FELIPE,MORALES HOYOS VIVIANE ALEIDA,1
GUAINIA,SAN FELIPE,PETRO URREGO GUSTAVO FRANCISCO,16
GUAINIA,SAN FELIPE,TARJETAS NO MARCADAS,2
GUAINIA,SAN FELIPE,TRUJILLO SARMIENTO JORGE ANTONIO,1
GUAINIA,SAN FELIPE,VARGAS LLERAS GERMAN,102
GUAINIA,SAN FELIPE,VOTOS EN BLANCO,1
GUAINIA,SAN FELIPE,VOTOS NULOS,3
GUAVIARE,CALAMAR,DE LA CALLE LOMBANA HUMBERTO,46
GUAVIARE,CALAMAR,DUQUE MARQUEZ IVAN,500
GUAVIARE,CALAMAR,FAJARDO VALDERRAMA SERGIO,269
GUAVIARE,CALAMAR,MORALES HOYOS VIVIANE ALEIDA,10
GUAVIARE,CALAMAR,PETRO URREGO GUSTAVO FRANCISCO,837
GUAVIARE,CALAMAR,PROMOTORES VOTO EN BLANCO,6
GUAVIARE,CALAMAR,TARJETAS NO MARCADAS,17
GUAVIARE,CALAMAR,TRUJILLO SARMIENTO JORGE ANTONIO,12
GUAVIARE,CALAMAR,VARGAS LLERAS GERMAN,144
GUAVIARE,CALAMAR,VOTOS EN BLANCO,81
GUAVIARE,CALAMAR,VOTOS NULOS,33
GUAVIARE,EL RETORNO,DE LA CALLE LOMBANA HUMBERTO,101
GUAVIARE,EL RETORNO,DUQUE MARQUEZ IVAN,1972
GUAVIARE,EL RETORNO,FAJARDO VALDERRAMA SERGIO,570
GUAVIARE,EL RETORNO,MORALES HOYOS VIVIANE ALEIDA,14
GUAVIARE,EL RETORNO,PETRO URREGO GUSTAVO FRANCISCO,663
GUAVIARE,EL RETORNO,PROMOTORES VOTO EN BLANCO,21
GUAVIARE,EL RETORNO,TARJETAS NO MARCADAS,29
GUAVIARE,EL RETORNO,TRUJILLO SARMIENTO JORGE ANTONIO,19
GUAVIARE,EL RETORNO,VARGAS LLERAS GERMAN,408
GUAVIARE,EL RETORNO,VOTOS EN BLANCO,176
GUAVIARE,EL RETORNO,VOTOS NULOS,78
GUAVIARE,MIRAFLORES,DE LA CALLE LOMBANA HUMBERTO,120
GUAVIARE,MIRAFLORES,DUQUE MARQUEZ IVAN,155
GUAVIARE,MIRAFLORES,FAJARDO VALDERRAMA SERGIO,113
GUAVIARE,MIRAFLORES,MORALES HOYOS VIVIANE ALEIDA,11
GUAVIARE,MIRAFLORES,PETRO URREGO GUSTAVO FRANCISCO,597
GUAVIARE,MIRAFLORES,PROMOTORES VOTO EN BLANCO,7
GUAVIARE,MIRAFLORES,TARJETAS NO MARCADAS,17
GUAVIARE,MIRAFLORES,TRUJILLO SARMIENTO JORGE ANTONIO,8
GUAVIARE,MIRAFLORES,VARGAS LLERAS GERMAN,39
GUAVIARE,MIRAFLORES,VOTOS EN BLANCO,24
GUAVIARE,MIRAFLORES,VOTOS NULOS,21
GUAVIARE,SAN JOSE DEL GUAVIARE,DE LA CALLE LOMBANA HUMBERTO,660
GUAVIARE,SAN JOSE DEL GUAVIARE,DUQUE MARQUEZ IVAN,8861
GUAVIARE,SAN JOSE DEL GUAVIARE,FAJARDO VALDERRAMA SERGIO,2924
GUAVIARE,SAN JOSE DEL GUAVIARE,MORALES HOYOS VIVIANE ALEIDA,59
GUAVIARE,SAN JOSE DEL GUAVIARE,PETRO URREGO GUSTAVO FRANCISCO,3665
GUAVIARE,SAN JOSE DEL GUAVIARE,PROMOTORES VOTO EN BLANCO,41
GUAVIARE,SAN JOSE DEL GUAVIARE,TARJETAS NO MARCADAS,100
GUAVIARE,SAN JOSE DEL GUAVIARE,TRUJILLO SARMIENTO JORGE ANTONIO,93
GUAVIARE,SAN JOSE DEL GUAVIARE,VARGAS LLERAS GERMAN,1057
GUAVIARE,SAN JOSE DEL GUAVIARE,VOTOS EN BLANCO,623
GUAVIARE,SAN JOSE DEL GUAVIARE,VOTOS NULOS,390
HUILA,ACEVEDO,DE LA CALLE LOMBANA HUMBERTO,62
HUILA,ACEVEDO,DUQUE MARQUEZ IVAN,8887
HUILA,ACEVEDO,FAJARDO VALDERRAMA SERGIO,506
HUILA,ACEVEDO,MORALES HOYOS VIVIANE ALEIDA,18
HUILA,ACEVEDO,PETRO URREGO GUSTAVO FRANCISCO,885
HUILA,ACEVEDO,PROMOTORES VOTO EN BLANCO,13
HUILA,ACEVEDO,TARJETAS NO MARCADAS,32
HUILA,ACEVEDO,TRUJILLO SARMIENTO JORGE ANTONIO,13
HUILA,ACEVEDO,VARGAS LLERAS GERMAN,177
HUILA,ACEVEDO,VOTOS EN BLANCO,97
HUILA,ACEVEDO,VOTOS NULOS,87
HUILA,AGRADO,DE LA CALLE LOMBANA HUMBERTO,126
HUILA,AGRADO,DUQUE MARQUEZ IVAN,2304
HUILA,AGRADO,FAJARDO VALDERRAMA SERGIO,445
HUILA,AGRADO,MORALES HOYOS VIVIANE ALEIDA,1
HUILA,AGRADO,PETRO URREGO GUSTAVO FRANCISCO,481
HUILA,AGRADO,PROMOTORES VOTO EN BLANCO,6
HUILA,AGRADO,TARJETAS NO MARCADAS,15
HUILA,AGRADO,TRUJILLO SARMIENTO JORGE ANTONIO,5
HUILA,AGRADO,VARGAS LLERAS GERMAN,418
HUILA,AGRADO,VOTOS EN BLANCO,48
HUILA,AGRADO,VOTOS NULOS,32
HUILA,AIPE,DE LA CALLE LOMBANA HUMBERTO,218
HUILA,AIPE,DUQUE MARQUEZ IVAN,4015
HUILA,AIPE,FAJARDO VALDERRAMA SERGIO,1295
HUILA,AIPE,MORALES HOYOS VIVIANE ALEIDA,16
HUILA,AIPE,PETRO URREGO GUSTAVO FRANCISCO,1536
HUILA,AIPE,PROMOTORES VOTO EN BLANCO,9
HUILA,AIPE,TARJETAS NO MARCADAS,23
HUILA,AIPE,TRUJILLO SARMIENTO JORGE ANTONIO,19
HUILA,AIPE,VARGAS LLERAS GERMAN,343
HUILA,AIPE,VOTOS EN BLANCO,125
HUILA,AIPE,VOTOS NULOS,87
HUILA,ALGECIRAS,DE LA CALLE LOMBANA HUMBERTO,467
HUILA,ALGECIRAS,DUQUE MARQUEZ IVAN,3405
HUILA,ALGECIRAS,FAJARDO VALDERRAMA SERGIO,530
HUILA,ALGECIRAS,MORALES HOYOS VIVIANE ALEIDA,24
HUILA,ALGECIRAS,PETRO URREGO GUSTAVO FRANCISCO,1840
HUILA,ALGECIRAS,PROMOTORES VOTO EN BLANCO,18
HUILA,ALGECIRAS,TARJETAS NO MARCADAS,67
HUILA,ALGECIRAS,TRUJILLO SARMIENTO JORGE ANTONIO,21
HUILA,ALGECIRAS,VARGAS LLERAS GERMAN,449
HUILA,ALGECIRAS,VOTOS EN BLANCO,203
HUILA,ALGECIRAS,VOTOS NULOS,141
HUILA,ALTAMIRA,DE LA CALLE LOMBANA HUMBERTO,23
HUILA,ALTAMIRA,DUQUE MARQUEZ IVAN,890
HUILA,ALTAMIRA,FAJARDO VALDERRAMA SERGIO,241
HUILA,ALTAMIRA,PETRO URREGO GUSTAVO FRANCISCO,436
HUILA,ALTAMIRA,PROMOTORES VOTO EN BLANCO,2
HUILA,ALTAMIRA,TARJETAS NO MARCADAS,3
HUILA,ALTAMIRA,TRUJILLO SARMIENTO JORGE ANTONIO,4
HUILA,ALTAMIRA,VARGAS LLERAS GERMAN,38
HUILA,ALTAMIRA,VOTOS EN BLANCO,28
HUILA,ALTAMIRA,VOTOS NULOS,19
HUILA,BARAYA,DE LA CALLE LOMBANA HUMBERTO,61
HUILA,BARAYA,DUQUE MARQUEZ IVAN,1545
HUILA,BARAYA,FAJARDO VALDERRAMA SERGIO,239
HUILA,BARAYA,MORALES HOYOS VIVIANE ALEIDA,5
HUILA,BARAYA,PETRO URREGO GUSTAVO FRANCISCO,598
HUILA,BARAYA,PROMOTORES VOTO EN BLANCO,3
HUILA,BARAYA,TARJETAS NO MARCADAS,9
HUILA,BARAYA,TRUJILLO SARMIENTO JORGE ANTONIO,3
HUILA,BARAYA,VARGAS LLERAS GERMAN,196
HUILA,BARAYA,VOTOS EN BLANCO,57
HUILA,BARAYA,VOTOS NULOS,34
HUILA,CAMPOALEGRE,DE LA CALLE LOMBANA HUMBERTO,341
HUILA,CAMPOALEGRE,DUQUE MARQUEZ IVAN,6746
HUILA,CAMPOALEGRE,FAJARDO VALDERRAMA SERGIO,1597
HUILA,CAMPOALEGRE,MORALES HOYOS VIVIANE ALEIDA,25
HUILA,CAMPOALEGRE,PETRO URREGO GUSTAVO FRANCISCO,3168
HUILA,CAMPOALEGRE,PROMOTORES VOTO EN BLANCO,16
HUILA,CAMPOALEGRE,TARJETAS NO MARCADAS,60
HUILA,CAMPOALEGRE,TRUJILLO SARMIENTO JORGE ANTONIO,42
HUILA,CAMPOALEGRE,VARGAS LLERAS GERMAN,701
HUILA,CAMPOALEGRE,VOTOS EN BLANCO,338
HUILA,CAMPOALEGRE,VOTOS NULOS,323
HUILA,COLOMBIA,DE LA CALLE LOMBANA HUMBERTO,79
HUILA,COLOMBIA,DUQUE MARQUEZ IVAN,2381
HUILA,COLOMBIA,FAJARDO VALDERRAMA SERGIO,175
HUILA,COLOMBIA,MORALES HOYOS VIVIANE ALEIDA,6
HUILA,COLOMBIA,PETRO URREGO GUSTAVO FRANCISCO,360
HUILA,COLOMBIA,PROMOTORES VOTO EN BLANCO,2
HUILA,COLOMBIA,TARJETAS NO MARCADAS,15
HUILA,COLOMBIA,TRUJILLO SARMIENTO JORGE ANTONIO,11
HUILA,COLOMBIA,VARGAS LLERAS GERMAN,150
HUILA,COLOMBIA,VOTOS EN BLANCO,36
HUILA,COLOMBIA,VOTOS NULOS,18
HUILA,ELIAS,DE LA CALLE LOMBANA HUMBERTO,9
HUILA,ELIAS,DUQUE MARQUEZ IVAN,1194
HUILA,ELIAS,FAJARDO VALDERRAMA SERGIO,227
HUILA,ELIAS,MORALES HOYOS VIVIANE ALEIDA,6
HUILA,ELIAS,PETRO URREGO GUSTAVO FRANCISCO,202
HUILA,ELIAS,PROMOTORES VOTO EN BLANCO,2
HUILA,ELIAS,TARJETAS NO MARCADAS,6
HUILA,ELIAS,TRUJILLO SARMIENTO JORGE ANTONIO,9
HUILA,ELIAS,VARGAS LLERAS GERMAN,211
HUILA,ELIAS,VOTOS EN BLANCO,18
HUILA,ELIAS,VOTOS NULOS,9
HUILA,GARZON,DE LA CALLE LOMBANA HUMBERTO,282
HUILA,GARZON,DUQUE MARQUEZ IVAN,16026
HUILA,GARZON,FAJARDO VALDERRAMA SERGIO,5317
HUILA,GARZON,MORALES HOYOS VIVIANE ALEIDA,41
HUILA,GARZON,PETRO URREGO GUSTAVO FRANCISCO,4686
HUILA,GARZON,PROMOTORES VOTO EN BLANCO,43
HUILA,GARZON,TARJETAS NO MARCADAS,78
HUILA,GARZON,TRUJILLO SARMIENTO JORGE ANTONIO,63
HUILA,GARZON,VARGAS LLERAS GERMAN,1159
HUILA,GARZON,VOTOS EN BLANCO,494
HUILA,GARZON,VOTOS NULOS,338
HUILA,GIGANTE,DE LA CALLE LOMBANA HUMBERTO,149
HUILA,GIGANTE,DUQUE MARQUEZ IVAN,5930
HUILA,GIGANTE,FAJARDO VALDERRAMA SERGIO,1076
HUILA,GIGANTE,MORALES HOYOS VIVIANE ALEIDA,27
HUILA,GIGANTE,PETRO URREGO GUSTAVO FRANCISCO,1693
HUILA,GIGANTE,PROMOTORES VOTO EN BLANCO,16
HUILA,GIGANTE,TARJETAS NO MARCADAS,35
HUILA,GIGANTE,TRUJILLO SARMIENTO JORGE ANTONIO,39
HUILA,GIGANTE,VARGAS LLERAS GERMAN,465
HUILA,GIGANTE,VOTOS EN BLANCO,230
HUILA,GIGANTE,VOTOS NULOS,140
HUILA,GUADALUPE,DE LA CALLE LOMBANA HUMBERTO,75
HUILA,GUADALUPE,DUQUE MARQUEZ IVAN,4174
HUILA,GUADALUPE,FAJARDO VALDERRAMA SERGIO,881
HUILA,GUADALUPE,MORALES HOYOS VIVIANE ALEIDA,12
HUILA,GUADALUPE,PETRO URREGO GUSTAVO FRANCISCO,795
HUILA,GUADALUPE,PROMOTORES VOTO EN BLANCO,6
HUILA,GUADALUPE,TARJETAS NO MARCADAS,38
HUILA,GUADALUPE,TRUJILLO SARMIENTO JORGE ANTONIO,12
HUILA,GUADALUPE,VARGAS LLERAS GERMAN,224
HUILA,GUADALUPE,VOTOS EN BLANCO,126
HUILA,GUADALUPE,VOTOS NULOS,85
HUILA,HOBO,DE LA CALLE LOMBANA HUMBERTO,44
HUILA,HOBO,DUQUE MARQUEZ IVAN,1649
HUILA,HOBO,FAJARDO VALDERRAMA SERGIO,236
HUILA,HOBO,MORALES HOYOS VIVIANE ALEIDA,7
HUILA,HOBO,PETRO URREGO GUSTAVO FRANCISCO,686
HUILA,HOBO,PROMOTORES VOTO EN BLANCO,9
HUILA,HOBO,TARJETAS NO MARCADAS,10
HUILA,HOBO,TRUJILLO SARMIENTO JORGE ANTONIO,7
HUILA,HOBO,VARGAS LLERAS GERMAN,148
HUILA,HOBO,VOTOS EN BLANCO,56
HUILA,HOBO,VOTOS NULOS,46
HUILA,IQUIRA,DE LA CALLE LOMBANA HUMBERTO,46
HUILA,IQUIRA,DUQUE MARQUEZ IVAN,2228
HUILA,IQUIRA,FAJARDO VALDERRAMA SERGIO,349
HUILA,IQUIRA,MORALES HOYOS VIVIANE ALEIDA,4
HUILA,IQUIRA,PETRO URREGO GUSTAVO FRANCISCO,1126
HUILA,IQUIRA,PROMOTORES VOTO EN BLANCO,5
HUILA,IQUIRA,TARJETAS NO MARCADAS,10
HUILA,IQUIRA,TRUJILLO SARMIENTO JORGE ANTONIO,6
HUILA,IQUIRA,VARGAS LLERAS GERMAN,118
HUILA,IQUIRA,VOTOS EN BLANCO,58
HUILA,IQUIRA,VOTOS NULOS,41
HUILA,ISNOS,DE LA CALLE LOMBANA HUMBERTO,100
HUILA,ISNOS,DUQUE MARQUEZ IVAN,5973
HUILA,ISNOS,FAJARDO VALDERRAMA SERGIO,1510
HUILA,ISNOS,MORALES HOYOS VIVIANE ALEIDA,20
HUILA,ISNOS,PETRO URREGO GUSTAVO FRANCISCO,2828
HUILA,ISNOS,PROMOTORES VOTO EN BLANCO,14
HUILA,ISNOS,TARJETAS NO MARCADAS,73
HUILA,ISNOS,TRUJILLO SARMIENTO JORGE ANTONIO,31
HUILA,ISNOS,VARGAS LLERAS GERMAN,225
HUILA,ISNOS,VOTOS EN BLANCO,289
HUILA,ISNOS,VOTOS NULOS,145
HUILA,LA ARGENTINA,DE LA CALLE LOMBANA HUMBERTO,39
HUILA,LA ARGENTINA,DUQUE MARQUEZ IVAN,3386
HUILA,LA ARGENTINA,FAJARDO VALDERRAMA SERGIO,268
HUILA,LA ARGENTINA,MORALES HOYOS VIVIANE ALEIDA,7
HUILA,LA ARGENTINA,PETRO URREGO GUSTAVO FRANCISCO,1256
HUILA,LA ARGENTINA,PROMOTORES VOTO EN BLANCO,11
HUILA,LA ARGENTINA,TARJETAS NO MARCADAS,25
HUILA,LA ARGENTINA,TRUJILLO SARMIENTO JORGE ANTONIO,8
HUILA,LA ARGENTINA,VARGAS LLERAS GERMAN,281
HUILA,LA ARGENTINA,VOTOS EN BLANCO,156
HUILA,LA ARGENTINA,VOTOS NULOS,41
HUILA,LA PLATA,DE LA CALLE LOMBANA HUMBERTO,340
HUILA,LA PLATA,DUQUE MARQUEZ IVAN,13109
HUILA,LA PLATA,FAJARDO VALDERRAMA SERGIO,2433
HUILA,LA PLATA,MORALES HOYOS VIVIANE ALEIDA,52
HUILA,LA PLATA,PETRO URREGO GUSTAVO FRANCISCO,4585
HUILA,LA PLATA,PROMOTORES VOTO EN BLANCO,29
HUILA,LA PLATA,TARJETAS NO MARCADAS,87
HUILA,LA PLATA,TRUJILLO SARMIENTO JORGE ANTONIO,42
HUILA,LA PLATA,VARGAS LLERAS GERMAN,827
HUILA,LA PLATA,VOTOS EN BLANCO,391
HUILA,LA PLATA,VOTOS NULOS,279
HUILA,NATAGA,DE LA CALLE LOMBANA HUMBERTO,43
HUILA,NATAGA,DUQUE MARQUEZ IVAN,1675
HUILA,NATAGA,FAJARDO VALDERRAMA SERGIO,199
HUILA,NATAGA,MORALES HOYOS VIVIANE ALEIDA,5
HUILA,NATAGA,PETRO URREGO GUSTAVO FRANCISCO,497
HUILA,NATAGA,PROMOTORES VOTO EN BLANCO,6
HUILA,NATAGA,TARJETAS NO MARCADAS,24
HUILA,NATAGA,TRUJILLO SARMIENTO JORGE ANTONIO,4
HUILA,NATAGA,VARGAS LLERAS GERMAN,53
HUILA,NATAGA,VOTOS EN BLANCO,46
HUILA,NATAGA,VOTOS NULOS,39
HUILA,NEIVA,DE LA CALLE LOMBANA HUMBERTO,3031
HUILA,NEIVA,DUQUE MARQUEZ IVAN,63882
HUILA,NEIVA,FAJARDO VALDERRAMA SERGIO,37302
HUILA,NEIVA,MORALES HOYOS VIVIANE ALEIDA,196
HUILA,NEIVA,PETRO URREGO GUSTAVO FRANCISCO,40578
HUILA,NEIVA,PROMOTORES VOTO EN BLANCO,172
HUILA,NEIVA,TARJETAS NO MARCADAS,233
HUILA,NEIVA,TRUJILLO SARMIENTO JORGE ANTONIO,250
HUILA,NEIVA,VARGAS LLERAS GERMAN,5951
HUILA,NEIVA,VOTOS EN BLANCO,2710
HUILA,NEIVA,VOTOS NULOS,1934
HUILA,OPORAPA,DE LA CALLE LOMBANA HUMBERTO,25
HUILA,OPORAPA,DUQUE MARQUEZ IVAN,3386
HUILA,OPORAPA,FAJARDO VALDERRAMA SERGIO,480
HUILA,OPORAPA,MORALES HOYOS VIVIANE ALEIDA,4
HUILA,OPORAPA,PETRO URREGO GUSTAVO FRANCISCO,384
HUILA,OPORAPA,PROMOTORES VOTO EN BLANCO,5
HUILA,OPORAPA,TARJETAS NO MARCADAS,16
HUILA,OPORAPA,TRUJILLO SARMIENTO JORGE ANTONIO,4
HUILA,OPORAPA,VARGAS LLERAS GERMAN,65
HUILA,OPORAPA,VOTOS EN BLANCO,54
HUILA,OPORAPA,VOTOS NULOS,38
HUILA,PAICOL,DE LA CALLE LOMBANA HUMBERTO,21
HUILA,PAICOL,DUQUE MARQUEZ IVAN,2119
HUILA,PAICOL,FAJARDO VALDERRAMA SERGIO,394
HUILA,PAICOL,MORALES HOYOS VIVIANE ALEIDA,1
HUILA,PAICOL,PETRO URREGO GUSTAVO FRANCISCO,292
HUILA,PAICOL,PROMOTORES VOTO EN BLANCO,3
HUILA,PAICOL,TARJETAS NO MARCADAS,4
HUILA,PAICOL,TRUJILLO SARMIENTO JORGE ANTONIO,3
HUILA,PAICOL,VARGAS LLERAS GERMAN,114
HUILA,PAICOL,VOTOS EN BLANCO,39
HUILA,PAICOL,VOTOS NULOS,19
HUILA,PALERMO,DE LA CALLE LOMBANA HUMBERTO,113
HUILA,PALERMO,DUQUE MARQUEZ IVAN,5862
HUILA,PALERMO,FAJARDO VALDERRAMA SERGIO,1830
HUILA,PALERMO,MORALES HOYOS VIVIANE ALEIDA,21
HUILA,PALERMO,PETRO URREGO GUSTAVO FRANCISCO,2238
HUILA,PALERMO,PROMOTORES VOTO EN BLANCO,8
HUILA,PALERMO,TARJETAS NO MARCADAS,28
HUILA,PALERMO,TRUJILLO SARMIENTO JORGE ANTONIO,13
HUILA,PALERMO,VARGAS LLERAS GERMAN,282
HUILA,PALERMO,VOTOS EN BLANCO,173
HUILA,PALERMO,VOTOS NULOS,97
HUILA,PALESTINA,DE LA CALLE LOMBANA HUMBERTO,45
HUILA,PALESTINA,DUQUE MARQUEZ IVAN,3438
HUILA,PALESTINA,FAJARDO VALDERRAMA SERGIO,308
HUILA,PALESTINA,MORALES HOYOS VIVIANE ALEIDA,14
HUILA,PALESTINA,PETRO URREGO GUSTAVO FRANCISCO,671
HUILA,PALESTINA,PROMOTORES VOTO EN BLANCO,6
HUILA,PALESTINA,TARJETAS NO MARCADAS,12
HUILA,PALESTINA,TRUJILLO SARMIENTO JORGE ANTONIO,6
HUILA,PALESTINA,VARGAS LLERAS GERMAN,259
HUILA,PALESTINA,VOTOS EN BLANCO,118
HUILA,PALESTINA,VOTOS NULOS,66
HUILA,PITAL,DE LA CALLE LOMBANA HUMBERTO,41
HUILA,PITAL,DUQUE MARQUEZ IVAN,3454
HUILA,PITAL,FAJARDO VALDERRAMA SERGIO,645
HUILA,PITAL,MORALES HOYOS VIVIANE ALEIDA,10
HUILA,PITAL,PETRO URREGO GUSTAVO FRANCISCO,802
HUILA,PITAL,PROMOTORES VOTO EN BLANCO,7
HUILA,PITAL,TARJETAS NO MARCADAS,14
HUILA,PITAL,TRUJILLO SARMIENTO JORGE ANTONIO,10
HUILA,PITAL,VARGAS LLERAS GERMAN,163
HUILA,PITAL,VOTOS EN BLANCO,80
HUILA,PITAL,VOTOS NULOS,45
HUILA,PITALITO,DE LA CALLE LOMBANA HUMBERTO,353
HUILA,PITALITO,DUQUE MARQUEZ IVAN,27571
HUILA,PITALITO,FAJARDO VALDERRAMA SERGIO,10313
HUILA,PITALITO,MORALES HOYOS VIVIANE ALEIDA,76
HUILA,PITALITO,PETRO URREGO GUSTAVO FRANCISCO,10798
HUILA,PITALITO,PROMOTORES VOTO EN BLANCO,66
HUILA,PITALITO,TARJETAS NO MARCADAS,117
HUILA,PITALITO,TRUJILLO SARMIENTO JORGE ANTONIO,134
HUILA,PITALITO,VARGAS LLERAS GERMAN,1569
HUILA,PITALITO,VOTOS EN BLANCO,879
HUILA,PITALITO,VOTOS NULOS,540
HUILA,RIVERA,DE LA CALLE LOMBANA HUMBERTO,203
HUILA,RIVERA,DUQUE MARQUEZ IVAN,4379
HUILA,RIVERA,FAJARDO VALDERRAMA SERGIO,1541
HUILA,RIVERA,MORALES HOYOS VIVIANE ALEIDA,14
HUILA,RIVERA,PETRO URREGO GUSTAVO FRANCISCO,2207
HUILA,RIVERA,PROMOTORES VOTO EN BLANCO,17
HUILA,RIVERA,TARJETAS NO MARCADAS,19
HUILA,RIVERA,TRUJILLO SARMIENTO JORGE ANTONIO,10
HUILA,RIVERA,VARGAS LLERAS GERMAN,330
HUILA,RIVERA,VOTOS EN BLANCO,204
HUILA,RIVERA,VOTOS NULOS,143
HUILA,SALADOBLANCO,DE LA CALLE LOMBANA HUMBERTO,37
HUILA,SALADOBLANCO,DUQUE MARQUEZ IVAN,3867
HUILA,SALADOBLANCO,FAJARDO VALDERRAMA SERGIO,248
HUILA,SALADOBLANCO,MORALES HOYOS VIVIANE ALEIDA,7
HUILA,SALADOBLANCO,PETRO URREGO GUSTAVO FRANCISCO,432
HUILA,SALADOBLANCO,PROMOTORES VOTO EN BLANCO,5
HUILA,SALADOBLANCO,TARJETAS NO MARCADAS,16
HUILA,SALADOBLANCO,TRUJILLO SARMIENTO JORGE ANTONIO,14
HUILA,SALADOBLANCO,VARGAS LLERAS GERMAN,472
HUILA,SALADOBLANCO,VOTOS EN BLANCO,49
HUILA,SALADOBLANCO,VOTOS NULOS,35
HUILA,SAN AGUSTIN,DE LA CALLE LOMBANA HUMBERTO,196
HUILA,SAN AGUSTIN,DUQUE MARQUEZ IVAN,6950
HUILA,SAN AGUSTIN,FAJARDO VALDERRAMA SERGIO,1519
HUILA,SAN AGUSTIN,MORALES HOYOS VIVIANE ALEIDA,32
HUILA,SAN AGUSTIN,PETRO URREGO GUSTAVO FRANCISCO,2436
HUILA,SAN AGUSTIN,PROMOTORES VOTO EN BLANCO,27
HUILA,SAN AGUSTIN,TARJETAS NO MARCADAS,87
HUILA,SAN AGUSTIN,TRUJILLO SARMIENTO JORGE ANTONIO,32
HUILA,SAN AGUSTIN,VARGAS LLERAS GERMAN,464
HUILA,SAN AGUSTIN,VOTOS EN BLANCO,293
HUILA,SAN AGUSTIN,VOTOS NULOS,174
HUILA,SANTA MARIA,DE LA CALLE LOMBANA HUMBERTO,90
HUILA,SANTA MARIA,DUQUE MARQUEZ IVAN,3715
HUILA,SANTA MARIA,FAJARDO VALDERRAMA SERGIO,373
HUILA,SANTA MARIA,MORALES HOYOS VIVIANE ALEIDA,6
HUILA,SANTA MARIA,PETRO URREGO GUSTAVO FRANCISCO,455
HUILA,SANTA MARIA,PROMOTORES VOTO EN BLANCO,2
HUILA,SANTA MARIA,TARJETAS NO MARCADAS,16
HUILA,SANTA MARIA,TRUJILLO SARMIENTO JORGE ANTONIO,5
HUILA,SANTA MARIA,VARGAS LLERAS GERMAN,72
HUILA,SANTA MARIA,VOTOS EN BLANCO,57
HUILA,SANTA MARIA,VOTOS NULOS,38
HUILA,SUAZA,DE LA CALLE LOMBANA HUMBERTO,54
HUILA,SUAZA,DUQUE MARQUEZ IVAN,4667
HUILA,SUAZA,FAJARDO VALDERRAMA SERGIO,588
HUILA,SUAZA,MORALES HOYOS VIVIANE ALEIDA,15
HUILA,SUAZA,PETRO URREGO GUSTAVO FRANCISCO,1051
HUILA,SUAZA,PROMOTORES VOTO EN BLANCO,6
HUILA,SUAZA,TARJETAS NO MARCADAS,28
HUILA,SUAZA,TRUJILLO SARMIENTO JORGE ANTONIO,15
HUILA,SUAZA,VARGAS LLERAS GERMAN,123
HUILA,SUAZA,VOTOS EN BLANCO,99
HUILA,SUAZA,VOTOS NULOS,55
HUILA,TARQUI,DE LA CALLE LOMBANA HUMBERTO,88
HUILA,TARQUI,DUQUE MARQUEZ IVAN,4083
HUILA,TARQUI,FAJARDO VALDERRAMA SERGIO,816
HUILA,TARQUI,MORALES HOYOS VIVIANE ALEIDA,12
HUILA,TARQUI,PETRO URREGO GUSTAVO FRANCISCO,891
HUILA,TARQUI,PROMOTORES VOTO EN BLANCO,8
HUILA,TARQUI,TARJETAS NO MARCADAS,17
HUILA,TARQUI,TRUJILLO SARMIENTO JORGE ANTONIO,5
HUILA,TARQUI,VARGAS LLERAS GERMAN,243
HUILA,TARQUI,VOTOS EN BLANCO,103
HUILA,TARQUI,VOTOS NULOS,51
HUILA,TELLO,DE LA CALLE LOMBANA HUMBERTO,95
HUILA,TELLO,DUQUE MARQUEZ IVAN,3228
HUILA,TELLO,FAJARDO VALDERRAMA SERGIO,461
HUILA,TELLO,MORALES HOYOS VIVIANE ALEIDA,8
HUILA,TELLO,PETRO URREGO GUSTAVO FRANCISCO,995
HUILA,TELLO,PROMOTORES VOTO EN BLANCO,11
HUILA,TELLO,TARJETAS NO MARCADAS,28
HUILA,TELLO,TRUJILLO SARMIENTO JORGE ANTONIO,15
HUILA,TELLO,VARGAS LLERAS GERMAN,273
HUILA,TELLO,VOTOS EN BLANCO,83
HUILA,TELLO,VOTOS NULOS,77
HUILA,TERUEL,DE LA CALLE LOMBANA HUMBERTO,25
HUILA,TERUEL,DUQUE MARQUEZ IVAN,2986
HUILA,TERUEL,FAJARDO VALDERRAMA SERGIO,339
HUILA,TERUEL,MORALES HOYOS VIVIANE ALEIDA,1
HUILA,TERUEL,PETRO URREGO GUSTAVO FRANCISCO,315
HUILA,TERUEL,PROMOTORES VOTO EN BLANCO,3
HUILA,TERUEL,TARJETAS NO MARCADAS,9
HUILA,TERUEL,TRUJILLO SARMIENTO JORGE ANTONIO,1
HUILA,TERUEL,VARGAS LLERAS GERMAN,97
HUILA,TERUEL,VOTOS EN BLANCO,35
HUILA,TERUEL,VOTOS NULOS,27
HUILA,TESALIA,DE LA CALLE LOMBANA HUMBERTO,29
HUILA,TESALIA,DUQUE MARQUEZ IVAN,2910
HUILA,TESALIA,FAJARDO VALDERRAMA SERGIO,816
HUILA,TESALIA,MORALES HOYOS VIVIANE ALEIDA,6
HUILA,TESALIA,PETRO URREGO GUSTAVO FRANCISCO,526
HUILA,TESALIA,PROMOTORES VOTO EN BLANCO,7
HUILA,TESALIA,TARJETAS NO MARCADAS,14
HUILA,TESALIA,TRUJILLO SARMIENTO JORGE ANTONIO,5
HUILA,TESALIA,VARGAS LLERAS GERMAN,79
HUILA,TESALIA,VOTOS EN BLANCO,88
HUILA,TESALIA,VOTOS NULOS,46
HUILA,TIMANA,DE LA CALLE LOMBANA HUMBERTO,82
HUILA,TIMANA,DUQUE MARQUEZ IVAN,6325
HUILA,TIMANA,FAJARDO VALDERRAMA SERGIO,1131
HUILA,TIMANA,MORALES HOYOS VIVIANE ALEIDA,22
HUILA,TIMANA,PETRO URREGO GUSTAVO FRANCISCO,954
HUILA,TIMANA,PROMOTORES VOTO EN BLANCO,6
HUILA,TIMANA,TARJETAS NO MARCADAS,29
HUILA,TIMANA,TRUJILLO SARMIENTO JORGE ANTONIO,19
HUILA,TIMANA,VARGAS LLERAS GERMAN,324
HUILA,TIMANA,VOTOS EN BLANCO,112
HUILA,TIMANA,VOTOS NULOS,67
HUILA,VILLAVIEJA,DE LA CALLE LOMBANA HUMBERTO,93
HUILA,VILLAVIEJA,DUQUE MARQUEZ IVAN,1368
HUILA,VILLAVIEJA,FAJARDO VALDERRAMA SERGIO,274
HUILA,VILLAVIEJA,MORALES HOYOS VIVIANE ALEIDA,6
HUILA,VILLAVIEJA,PETRO URREGO GUSTAVO FRANCISCO,1001
HUILA,VILLAVIEJA,PROMOTORES VOTO EN BLANCO,3
HUILA,VILLAVIEJA,TARJETAS NO MARCADAS,8
HUILA,VILLAVIEJA,TRUJILLO SARMIENTO JORGE ANTONIO,5
HUILA,VILLAVIEJA,VARGAS LLERAS GERMAN,492
HUILA,VILLAVIEJA,VOTOS EN BLANCO,61
HUILA,VILLAVIEJA,VOTOS NULOS,53
HUILA,YAGUARA,DE LA CALLE LOMBANA HUMBERTO,31
HUILA,YAGUARA,DUQUE MARQUEZ IVAN,1905
HUILA,YAGUARA,FAJARDO VALDERRAMA SERGIO,955
HUILA,YAGUARA,MORALES HOYOS VIVIANE ALEIDA,7
HUILA,YAGUARA,PETRO URREGO GUSTAVO FRANCISCO,751
HUILA,YAGUARA,PROMOTORES VOTO EN BLANCO,11
HUILA,YAGUARA,TARJETAS NO MARCADAS,9
HUILA,YAGUARA,TRUJILLO SARMIENTO JORGE ANTONIO,2
HUILA,YAGUARA,VARGAS LLERAS GERMAN,128
HUILA,YAGUARA,VOTOS EN BLANCO,114
HUILA,YAGUARA,VOTOS NULOS,62
LA GUAJIRA,ALBANIA,DE LA CALLE LOMBANA HUMBERTO,76
LA GUAJIRA,ALBANIA,DUQUE MARQUEZ IVAN,2044
LA GUAJIRA,ALBANIA,FAJARDO VALDERRAMA SERGIO,283
LA GUAJIRA,ALBANIA,MORALES HOYOS VIVIANE ALEIDA,18
LA GUAJIRA,ALBANIA,PETRO URREGO GUSTAVO FRANCISCO,4869
LA GUAJIRA,ALBANIA,PROMOTORES VOTO EN BLANCO,8
LA GUAJIRA,ALBANIA,TARJETAS NO MARCADAS,36
LA GUAJIRA,ALBANIA,TRUJILLO SARMIENTO JORGE ANTONIO,15
LA GUAJIRA,ALBANIA,VARGAS LLERAS GERMAN,145
LA GUAJIRA,ALBANIA,VOTOS EN BLANCO,69
LA GUAJIRA,ALBANIA,VOTOS NULOS,95
LA GUAJIRA,BARRANCAS,DE LA CALLE LOMBANA HUMBERTO,121
LA GUAJIRA,BARRANCAS,DUQUE MARQUEZ IVAN,2712
LA GUAJIRA,BARRANCAS,FAJARDO VALDERRAMA SERGIO,404
LA GUAJIRA,BARRANCAS,MORALES HOYOS VIVIANE ALEIDA,13
LA GUAJIRA,BARRANCAS,PETRO URREGO GUSTAVO FRANCISCO,5801
LA GUAJIRA,BARRANCAS,PROMOTORES VOTO EN BLANCO,10
LA GUAJIRA,BARRANCAS,TARJETAS NO MARCADAS,16
LA GUAJIRA,BARRANCAS,TRUJILLO SARMIENTO JORGE ANTONIO,46
LA GUAJIRA,BARRANCAS,VARGAS LLERAS GERMAN,526
LA GUAJIRA,BARRANCAS,VOTOS EN BLANCO,96
LA GUAJIRA,BARRANCAS,VOTOS NULOS,114
LA GUAJIRA,DIBULLA,DE LA CALLE LOMBANA HUMBERTO,133
LA GUAJIRA,DIBULLA,DUQUE MARQUEZ IVAN,2725
LA GUAJIRA,DIBULLA,FAJARDO VALDERRAMA SERGIO,279
LA GUAJIRA,DIBULLA,MORALES HOYOS VIVIANE ALEIDA,19
LA GUAJIRA,DIBULLA,PETRO URREGO GUSTAVO FRANCISCO,3461
LA GUAJIRA,DIBULLA,PROMOTORES VOTO EN BLANCO,9
LA GUAJIRA,DIBULLA,TARJETAS NO MARCADAS,25
LA GUAJIRA,DIBULLA,TRUJILLO SARMIENTO JORGE ANTONIO,18
LA GUAJIRA,DIBULLA,VARGAS LLERAS GERMAN,853
LA GUAJIRA,DIBULLA,VOTOS EN BLANCO,94
LA GUAJIRA,DIBULLA,VOTOS NULOS,82
LA GUAJIRA,DISTRACCION,DE LA CALLE LOMBANA HUMBERTO,80
LA GUAJIRA,DISTRACCION,DUQUE MARQUEZ IVAN,1535
LA GUAJIRA,DISTRACCION,FAJARDO VALDERRAMA SERGIO,159
LA GUAJIRA,DISTRACCION,MORALES HOYOS VIVIANE ALEIDA,5
LA GUAJIRA,DISTRACCION,PETRO URREGO GUSTAVO FRANCISCO,1634
LA GUAJIRA,DISTRACCION,PROMOTORES VOTO EN BLANCO,7
LA GUAJIRA,DISTRACCION,TARJETAS NO MARCADAS,7
LA GUAJIRA,DISTRACCION,TRUJILLO SARMIENTO JORGE ANTONIO,15
LA GUAJIRA,DISTRACCION,VARGAS LLERAS GERMAN,903
LA GUAJIRA,DISTRACCION,VOTOS EN BLANCO,37
LA GUAJIRA,DISTRACCION,VOTOS NULOS,55
LA GUAJIRA,EL MOLINO,DE LA CALLE LOMBANA HUMBERTO,107
LA GUAJIRA,EL MOLINO,DUQUE MARQUEZ IVAN,1395
LA GUAJIRA,EL MOLINO,FAJARDO VALDERRAMA SERGIO,127
LA GUAJIRA,EL MOLINO,MORALES HOYOS VIVIANE ALEIDA,9
LA GUAJIRA,EL MOLINO,PETRO URREGO GUSTAVO FRANCISCO,1351
LA GUAJIRA,EL MOLINO,PROMOTORES VOTO EN BLANCO,14
LA GUAJIRA,EL MOLINO,TARJETAS NO MARCADAS,6
LA GUAJIRA,EL MOLINO,TRUJILLO SARMIENTO JORGE ANTONIO,17
LA GUAJIRA,EL MOLINO,VARGAS LLERAS GERMAN,614
LA GUAJIRA,EL MOLINO,VOTOS EN BLANCO,33
LA GUAJIRA,EL MOLINO,VOTOS NULOS,41
LA GUAJIRA,FONSECA,DE LA CALLE LOMBANA HUMBERTO,369
LA GUAJIRA,FONSECA,DUQUE MARQUEZ IVAN,3771
LA GUAJIRA,FONSECA,FAJARDO VALDERRAMA SERGIO,727
LA GUAJIRA,FONSECA,MORALES HOYOS VIVIANE ALEIDA,12
LA GUAJIRA,FONSECA,PETRO URREGO GUSTAVO FRANCISCO,7650
LA GUAJIRA,FONSECA,PROMOTORES VOTO EN BLANCO,25
LA GUAJIRA,FONSECA,TARJETAS NO MARCADAS,34
LA GUAJIRA,FONSECA,TRUJILLO SARMIENTO JORGE ANTONIO,69
LA GUAJIRA,FONSECA,VARGAS LLERAS GERMAN,713
LA GUAJIRA,FONSECA,VOTOS EN BLANCO,190
LA GUAJIRA,FONSECA,VOTOS NULOS,123
LA GUAJIRA,HATONUEVO,DE LA CALLE LOMBANA HUMBERTO,77
LA GUAJIRA,HATONUEVO,DUQUE MARQUEZ IVAN,1554
LA GUAJIRA,HATONUEVO,FAJARDO VALDERRAMA SERGIO,208
LA GUAJIRA,HATONUEVO,MORALES HOYOS VIVIANE ALEIDA,18
LA GUAJIRA,HATONUEVO,PETRO URREGO GUSTAVO FRANCISCO,3736
LA GUAJIRA,HATONUEVO,PROMOTORES VOTO EN BLANCO,9
LA GUAJIRA,HATONUEVO,TARJETAS NO MARCADAS,13
LA GUAJIRA,HATONUEVO,TRUJILLO SARMIENTO JORGE ANTONIO,22
LA GUAJIRA,HATONUEVO,VARGAS LLERAS GERMAN,383
LA GUAJIRA,HATONUEVO,VOTOS EN BLANCO,73
LA GUAJIRA,HATONUEVO,VOTOS NULOS,51
LA GUAJIRA,LA JAGUA DEL PILAR,DE LA CALLE LOMBANA HUMBERTO,28
LA GUAJIRA,LA JAGUA DEL PILAR,DUQUE MARQUEZ IVAN,504
LA GUAJIRA,LA JAGUA DEL PILAR,FAJARDO VALDERRAMA SERGIO,46
LA GUAJIRA,LA JAGUA DEL PILAR,PETRO URREGO GUSTAVO FRANCISCO,821
LA GUAJIRA,LA JAGUA DEL PILAR,PROMOTORES VOTO EN BLANCO,1
LA GUAJIRA,LA JAGUA DEL PILAR,TARJETAS NO MARCADAS,5
LA GUAJIRA,LA JAGUA DEL PILAR,TRUJILLO SARMIENTO JORGE ANTONIO,10
LA GUAJIRA,LA JAGUA DEL PILAR,VARGAS LLERAS GERMAN,377
LA GUAJIRA,LA JAGUA DEL PILAR,VOTOS EN BLANCO,17
LA GUAJIRA,LA JAGUA DEL PILAR,VOTOS NULOS,20
LA GUAJIRA,MAICAO,DE LA CALLE LOMBANA HUMBERTO,629
LA GUAJIRA,MAICAO,DUQUE MARQUEZ IVAN,16871
LA GUAJIRA,MAICAO,FAJARDO VALDERRAMA SERGIO,1935
LA GUAJIRA,MAICAO,MORALES HOYOS VIVIANE ALEIDA,116
LA GUAJIRA,MAICAO,PETRO URREGO GUSTAVO FRANCISCO,14634
LA GUAJIRA,MAICAO,PROMOTORES VOTO EN BLANCO,62
LA GUAJIRA,MAICAO,TARJETAS NO MARCADAS,127
LA GUAJIRA,MAICAO,TRUJILLO SARMIENTO JORGE ANTONIO,142
LA GUAJIRA,MAICAO,VARGAS LLERAS GERMAN,2843
LA GUAJIRA,MAICAO,VOTOS EN BLANCO,543
LA GUAJIRA,MAICAO,VOTOS NULOS,497
LA GUAJIRA,MANAURE,DE LA CALLE LOMBANA HUMBERTO,258
LA GUAJIRA,MANAURE,DUQUE MARQUEZ IVAN,3725
LA GUAJIRA,MANAURE,FAJARDO VALDERRAMA SERGIO,290
LA GUAJIRA,MANAURE,MORALES HOYOS VIVIANE ALEIDA,34
LA GUAJIRA,MANAURE,PETRO URREGO GUSTAVO FRANCISCO,3796
LA GUAJIRA,MANAURE,PROMOTORES VOTO EN BLANCO,15
LA GUAJIRA,MANAURE,TARJETAS NO MARCADAS,74
LA GUAJIRA,MANAURE,TRUJILLO SARMIENTO JORGE ANTONIO,46
LA GUAJIRA,MANAURE,VARGAS LLERAS GERMAN,1702
LA GUAJIRA,MANAURE,VOTOS EN BLANCO,94
LA GUAJIRA,MANAURE,VOTOS NULOS,209
LA GUAJIRA,RIOHACHA,DE LA CALLE LOMBANA HUMBERTO,927
LA GUAJIRA,RIOHACHA,DUQUE MARQUEZ IVAN,17712
LA GUAJIRA,RIOHACHA,FAJARDO VALDERRAMA SERGIO,4038
LA GUAJIRA,RIOHACHA,MORALES HOYOS VIVIANE ALEIDA,88
LA GUAJIRA,RIOHACHA,PETRO URREGO GUSTAVO FRANCISCO,22081
LA GUAJIRA,RIOHACHA,PROMOTORES VOTO EN BLANCO,68
LA GUAJIRA,RIOHACHA,TARJETAS NO MARCADAS,115
LA GUAJIRA,RIOHACHA,TRUJILLO SARMIENTO JORGE ANTONIO,265
LA GUAJIRA,RIOHACHA,VARGAS LLERAS GERMAN,2639
LA GUAJIRA,RIOHACHA,VOTOS EN BLANCO,778
LA GUAJIRA,RIOHACHA,VOTOS NULOS,616
LA GUAJIRA,SAN JUAN DEL CESAR,DE LA CALLE LOMBANA HUMBERTO,229
LA GUAJIRA,SAN JUAN DEL CESAR,DUQUE MARQUEZ IVAN,9544
LA GUAJIRA,SAN JUAN DEL CESAR,FAJARDO VALDERRAMA SERGIO,790
LA GUAJIRA,SAN JUAN DEL CESAR,MORALES HOYOS VIVIANE ALEIDA,25
LA GUAJIRA,SAN JUAN DEL CESAR,PETRO URREGO GUSTAVO FRANCISCO,5011
LA GUAJIRA,SAN JUAN DEL CESAR,PROMOTORES VOTO EN BLANCO,20
LA GUAJIRA,SAN JUAN DEL CESAR,TARJETAS NO MARCADAS,25
LA GUAJIRA,SAN JUAN DEL CESAR,TRUJILLO SARMIENTO JORGE ANTONIO,31
LA GUAJIRA,SAN JUAN DEL CESAR,VARGAS LLERAS GERMAN,525
LA GUAJIRA,SAN JUAN DEL CESAR,VOTOS EN BLANCO,196
LA GUAJIRA,SAN JUAN DEL CESAR,VOTOS NULOS,179
LA GUAJIRA,URIBIA,DE LA CALLE LOMBANA HUMBERTO,262
LA GUAJIRA,URIBIA,DUQUE MARQUEZ IVAN,6880
LA GUAJIRA,URIBIA,FAJARDO VALDERRAMA SERGIO,344
LA GUAJIRA,URIBIA,MORALES HOYOS VIVIANE ALEIDA,113
LA GUAJIRA,URIBIA,PETRO URREGO GUSTAVO FRANCISCO,4564
LA GUAJIRA,URIBIA,PROMOTORES VOTO EN BLANCO,32
LA GUAJIRA,URIBIA,TARJETAS NO MARCADAS,197
LA GUAJIRA,URIBIA,TRUJILLO SARMIENTO JORGE ANTONIO,88
LA GUAJIRA,URIBIA,VARGAS LLERAS GERMAN,5166
LA GUAJIRA,URIBIA,VOTOS EN BLANCO,150
LA GUAJIRA,URIBIA,VOTOS NULOS,544
LA GUAJIRA,URUMITA,DE LA CALLE LOMBANA HUMBERTO,62
LA GUAJIRA,URUMITA,DUQUE MARQUEZ IVAN,1391
LA GUAJIRA,URUMITA,FAJARDO VALDERRAMA SERGIO,197
LA GUAJIRA,URUMITA,MORALES HOYOS VIVIANE ALEIDA,2
LA GUAJIRA,URUMITA,PETRO URREGO GUSTAVO FRANCISCO,2466
LA GUAJIRA,URUMITA,PROMOTORES VOTO EN BLANCO,2
LA GUAJIRA,URUMITA,TARJETAS NO MARCADAS,4
LA GUAJIRA,URUMITA,TRUJILLO SARMIENTO JORGE ANTONIO,51
LA GUAJIRA,URUMITA,VARGAS LLERAS GERMAN,253
LA GUAJIRA,URUMITA,VOTOS EN BLANCO,48
LA GUAJIRA,URUMITA,VOTOS NULOS,31
LA GUAJIRA,VILLANUEVA,DE LA CALLE LOMBANA HUMBERTO,130
LA GUAJIRA,VILLANUEVA,DUQUE MARQUEZ IVAN,4186
LA GUAJIRA,VILLANUEVA,FAJARDO VALDERRAMA SERGIO,411
LA GUAJIRA,VILLANUEVA,MORALES HOYOS VIVIANE ALEIDA,14
LA GUAJIRA,VILLANUEVA,PETRO URREGO GUSTAVO FRANCISCO,3648
LA GUAJIRA,VILLANUEVA,PROMOTORES VOTO EN BLANCO,14
LA GUAJIRA,VILLANUEVA,TARJETAS NO MARCADAS,26
LA GUAJIRA,VILLANUEVA,TRUJILLO SARMIENTO JORGE ANTONIO,36
LA GUAJIRA,VILLANUEVA,VARGAS LLERAS GERMAN,389
LA GUAJIRA,VILLANUEVA,VOTOS EN BLANCO,87
LA GUAJIRA,VILLANUEVA,VOTOS NULOS,102
MAGDALENA,ALGARROBO,DE LA CALLE LOMBANA HUMBERTO,62
MAGDALENA,ALGARROBO,DUQUE MARQUEZ IVAN,1154
MAGDALENA,ALGARROBO,FAJARDO VALDERRAMA SERGIO,98
MAGDALENA,ALGARROBO,MORALES HOYOS VIVIANE ALEIDA,59
MAGDALENA,ALGARROBO,PETRO URREGO GUSTAVO FRANCISCO,2896
MAGDALENA,ALGARROBO,PROMOTORES VOTO EN BLANCO,5
MAGDALENA,ALGARROBO,TARJETAS NO MARCADAS,29
MAGDALENA,ALGARROBO,TRUJILLO SARMIENTO JORGE ANTONIO,27
MAGDALENA,ALGARROBO,VARGAS LLERAS GERMAN,656
MAGDALENA,ALGARROBO,VOTOS EN BLANCO,60
MAGDALENA,ALGARROBO,VOTOS NULOS,40
MAGDALENA,ARACATACA,DE LA CALLE LOMBANA HUMBERTO,158
MAGDALENA,ARACATACA,DUQUE MARQUEZ IVAN,4468
MAGDALENA,ARACATACA,FAJARDO VALDERRAMA SERGIO,338
MAGDALENA,ARACATACA,MORALES HOYOS VIVIANE ALEIDA,19
MAGDALENA,ARACATACA,PETRO URREGO GUSTAVO FRANCISCO,4000
MAGDALENA,ARACATACA,PROMOTORES VOTO EN BLANCO,7
MAGDALENA,ARACATACA,TARJETAS NO MARCADAS,26
MAGDALENA,ARACATACA,TRUJILLO SARMIENTO JORGE ANTONIO,42
MAGDALENA,ARACATACA,VARGAS LLERAS GERMAN,1755
MAGDALENA,ARACATACA,VOTOS EN BLANCO,147
MAGDALENA,ARACATACA,VOTOS NULOS,175
MAGDALENA,ARIGUANI,DE LA CALLE LOMBANA HUMBERTO,81
MAGDALENA,ARIGUANI,DUQUE MARQUEZ IVAN,4725
MAGDALENA,ARIGUANI,FAJARDO VALDERRAMA SERGIO,288
MAGDALENA,ARIGUANI,MORALES HOYOS VIVIANE ALEIDA,32
MAGDALENA,ARIGUANI,PETRO URREGO GUSTAVO FRANCISCO,2920
MAGDALENA,ARIGUANI,PROMOTORES VOTO EN BLANCO,14
MAGDALENA,ARIGUANI,TARJETAS NO MARCADAS,37
MAGDALENA,ARIGUANI,TRUJILLO SARMIENTO JORGE ANTONIO,30
MAGDALENA,ARIGUANI,VARGAS LLERAS GERMAN,1839
MAGDALENA,ARIGUANI,VOTOS EN BLANCO,92
MAGDALENA,ARIGUANI,VOTOS NULOS,102
MAGDALENA,CERRO DE SAN ANTONIO,DE LA CALLE LOMBANA HUMBERTO,377
MAGDALENA,CERRO DE SAN ANTONIO,DUQUE MARQUEZ IVAN,839
MAGDALENA,CERRO DE SAN ANTONIO,FAJARDO VALDERRAMA SERGIO,18
MAGDALENA,CERRO DE SAN ANTONIO,MORALES HOYOS VIVIANE ALEIDA,4
MAGDALENA,CERRO DE SAN ANTONIO,PETRO URREGO GUSTAVO FRANCISCO,561
MAGDALENA,CERRO DE SAN ANTONIO,PROMOTORES VOTO EN BLANCO,1
MAGDALENA,CERRO DE SAN ANTONIO,TARJETAS NO MARCADAS,11
MAGDALENA,CERRO DE SAN ANTONIO,TRUJILLO SARMIENTO JORGE ANTONIO,4
MAGDALENA,CERRO DE SAN ANTONIO,VARGAS LLERAS GERMAN,1625
MAGDALENA,CERRO DE SAN ANTONIO,VOTOS EN BLANCO,16
MAGDALENA,CERRO DE SAN ANTONIO,VOTOS NULOS,25
MAGDALENA,CHIVOLO,DE LA CALLE LOMBANA HUMBERTO,49
MAGDALENA,CHIVOLO,DUQUE MARQUEZ IVAN,2431
MAGDALENA,CHIVOLO,FAJARDO VALDERRAMA SERGIO,95
MAGDALENA,CHIVOLO,MORALES HOYOS VIVIANE ALEIDA,20
MAGDALENA,CHIVOLO,PETRO URREGO GUSTAVO FRANCISCO,1748
MAGDALENA,CHIVOLO,PROMOTORES VOTO EN BLANCO,6
MAGDALENA,CHIVOLO,TARJETAS NO MARCADAS,19
MAGDALENA,CHIVOLO,TRUJILLO SARMIENTO JORGE ANTONIO,17
MAGDALENA,CHIVOLO,VARGAS LLERAS GERMAN,986
MAGDALENA,CHIVOLO,VOTOS EN BLANCO,29
MAGDALENA,CHIVOLO,VOTOS NULOS,22
MAGDALENA,CIENAGA,DE LA CALLE LOMBANA HUMBERTO,477
MAGDALENA,CIENAGA,DUQUE MARQUEZ IVAN,13224
MAGDALENA,CIENAGA,FAJARDO VALDERRAMA SERGIO,2101
MAGDALENA,CIENAGA,MORALES HOYOS VIVIANE ALEIDA,69
MAGDALENA,CIENAGA,PETRO URREGO GUSTAVO FRANCISCO,13020
MAGDALENA,CIENAGA,PROMOTORES VOTO EN BLANCO,64
MAGDALENA,CIENAGA,TARJETAS NO MARCADAS,70
MAGDALENA,CIENAGA,TRUJILLO SARMIENTO JORGE ANTONIO,144
MAGDALENA,CIENAGA,VARGAS LLERAS GERMAN,5030
MAGDALENA,CIENAGA,VOTOS EN BLANCO,540
MAGDALENA,CIENAGA,VOTOS NULOS,485
MAGDALENA,CONCORDIA,DE LA CALLE LOMBANA HUMBERTO,68
MAGDALENA,CONCORDIA,DUQUE MARQUEZ IVAN,1261
MAGDALENA,CONCORDIA,FAJARDO VALDERRAMA SERGIO,59
MAGDALENA,CONCORDIA,MORALES HOYOS VIVIANE ALEIDA,4
MAGDALENA,CONCORDIA,PETRO URREGO GUSTAVO FRANCISCO,759
MAGDALENA,CONCORDIA,PROMOTORES VOTO EN BLANCO,2
MAGDALENA,CONCORDIA,TARJETAS NO MARCADAS,12
MAGDALENA,CONCORDIA,TRUJILLO SARMIENTO JORGE ANTONIO,15
MAGDALENA,CONCORDIA,VARGAS LLERAS GERMAN,2100
MAGDALENA,CONCORDIA,VOTOS EN BLANCO,7
MAGDALENA,CONCORDIA,VOTOS NULOS,20
MAGDALENA,EL BANCO,DE LA CALLE LOMBANA HUMBERTO,151
MAGDALENA,EL BANCO,DUQUE MARQUEZ IVAN,9114
MAGDALENA,EL BANCO,FAJARDO VALDERRAMA SERGIO,567
MAGDALENA,EL BANCO,MORALES HOYOS VIVIANE ALEIDA,42
MAGDALENA,EL BANCO,PETRO URREGO GUSTAVO FRANCISCO,4500
MAGDALENA,EL BANCO,PROMOTORES VOTO EN BLANCO,16
MAGDALENA,EL BANCO,TARJETAS NO MARCADAS,92
MAGDALENA,EL BANCO,TRUJILLO SARMIENTO JORGE ANTONIO,86
MAGDALENA,EL BANCO,VARGAS LLERAS GERMAN,6335
MAGDALENA,EL BANCO,VOTOS EN BLANCO,170
MAGDALENA,EL BANCO,VOTOS NULOS,218
MAGDALENA,EL PINON,DE LA CALLE LOMBANA HUMBERTO,49
MAGDALENA,EL PINON,DUQUE MARQUEZ IVAN,1703
MAGDALENA,EL PINON,FAJARDO VALDERRAMA SERGIO,73
MAGDALENA,EL PINON,MORALES HOYOS VIVIANE ALEIDA,14
MAGDALENA,EL PINON,PETRO URREGO GUSTAVO FRANCISCO,1202
MAGDALENA,EL PINON,PROMOTORES VOTO EN BLANCO,6
MAGDALENA,EL PINON,TARJETAS NO MARCADAS,18
MAGDALENA,EL PINON,TRUJILLO SARMIENTO JORGE ANTONIO,9
MAGDALENA,EL PINON,VARGAS LLERAS GERMAN,2251
MAGDALENA,EL PINON,VOTOS EN BLANCO,36
MAGDALENA,EL PINON,VOTOS NULOS,46
MAGDALENA,EL RETEN,DE LA CALLE LOMBANA HUMBERTO,74
MAGDALENA,EL RETEN,DUQUE MARQUEZ IVAN,1640
MAGDALENA,EL RETEN,FAJARDO VALDERRAMA SERGIO,106
MAGDALENA,EL RETEN,MORALES HOYOS VIVIANE ALEIDA,13
MAGDALENA,EL RETEN,PETRO URREGO GUSTAVO FRANCISCO,2714
MAGDALENA,EL RETEN,PROMOTORES VOTO EN BLANCO,10
MAGDALENA,EL RETEN,TARJETAS NO MARCADAS,26
MAGDALENA,EL RETEN,TRUJILLO SARMIENTO JORGE ANTONIO,47
MAGDALENA,EL RETEN,VARGAS LLERAS GERMAN,1171
MAGDALENA,EL RETEN,VOTOS EN BLANCO,72
MAGDALENA,EL RETEN,VOTOS NULOS,88
MAGDALENA,FUNDACION,DE LA CALLE LOMBANA HUMBERTO,179
MAGDALENA,FUNDACION,DUQUE MARQUEZ IVAN,10851
MAGDALENA,FUNDACION,FAJARDO VALDERRAMA SERGIO,688
MAGDALENA,FUNDACION,MORALES HOYOS VIVIANE ALEIDA,41
MAGDALENA,FUNDACION,PETRO URREGO GUSTAVO FRANCISCO,6106
MAGDALENA,FUNDACION,PROMOTORES VOTO EN BLANCO,29
MAGDALENA,FUNDACION,TARJETAS NO MARCADAS,53
MAGDALENA,FUNDACION,TRUJILLO SARMIENTO JORGE ANTONIO,79
MAGDALENA,FUNDACION,VARGAS LLERAS GERMAN,4299
MAGDALENA,FUNDACION,VOTOS EN BLANCO,306
MAGDALENA,FUNDACION,VOTOS NULOS,252
MAGDALENA,GUAMAL,DE LA CALLE LOMBANA HUMBERTO,70
MAGDALENA,GUAMAL,DUQUE MARQUEZ IVAN,3758
MAGDALENA,GUAMAL,FAJARDO VALDERRAMA SERGIO,236
MAGDALENA,GUAMAL,MORALES HOYOS VIVIANE ALEIDA,19
MAGDALENA,GUAMAL,PETRO URREGO GUSTAVO FRANCISCO,1852
MAGDALENA,GUAMAL,PROMOTORES VOTO EN BLANCO,3
MAGDALENA,GUAMAL,TARJETAS NO MARCADAS,29
MAGDALENA,GUAMAL,TRUJILLO SARMIENTO JORGE ANTONIO,31
MAGDALENA,GUAMAL,VARGAS LLERAS GERMAN,1980
MAGDALENA,GUAMAL,VOTOS EN BLANCO,66
MAGDALENA,GUAMAL,VOTOS NULOS,58
MAGDALENA,NUEVA GRANADA,DE LA CALLE LOMBANA HUMBERTO,28
MAGDALENA,NUEVA GRANADA,DUQUE MARQUEZ IVAN,3710
MAGDALENA,NUEVA GRANADA,FAJARDO VALDERRAMA SERGIO,75
MAGDALENA,NUEVA GRANADA,MORALES HOYOS VIVIANE ALEIDA,9
MAGDALENA,NUEVA GRANADA,PETRO URREGO GUSTAVO FRANCISCO,1214
MAGDALENA,NUEVA GRANADA,PROMOTORES VOTO EN BLANCO,6
MAGDALENA,NUEVA GRANADA,TARJETAS NO MARCADAS,20
MAGDALENA,NUEVA GRANADA,TRUJILLO SARMIENTO JORGE ANTONIO,15
MAGDALENA,NUEVA GRANADA,VARGAS LLERAS GERMAN,1956
MAGDALENA,NUEVA GRANADA,VOTOS EN BLANCO,53
MAGDALENA,NUEVA GRANADA,VOTOS NULOS,56
MAGDALENA,PEDRAZA,DE LA CALLE LOMBANA HUMBERTO,61
MAGDALENA,PEDRAZA,DUQUE MARQUEZ IVAN,1581
MAGDALENA,PEDRAZA,FAJARDO VALDERRAMA SERGIO,41
MAGDALENA,PEDRAZA,MORALES HOYOS VIVIANE ALEIDA,16
MAGDALENA,PEDRAZA,PETRO URREGO GUSTAVO FRANCISCO,729
MAGDALENA,PEDRAZA,PROMOTORES VOTO EN BLANCO,3
MAGDALENA,PEDRAZA,TARJETAS NO MARCADAS,17
MAGDALENA,PEDRAZA,TRUJILLO SARMIENTO JORGE ANTONIO,13
MAGDALENA,PEDRAZA,VARGAS LLERAS GERMAN,894
MAGDALENA,PEDRAZA,VOTOS EN BLANCO,13
MAGDALENA,PEDRAZA,VOTOS NULOS,24
MAGDALENA,PIJINO DEL CARMEN,DE LA CALLE LOMBANA HUMBERTO,33
MAGDALENA,PIJINO DEL CARMEN,DUQUE MARQUEZ IVAN,1881
MAGDALENA,PIJINO DEL CARMEN,FAJARDO VALDERRAMA SERGIO,42
MAGDALENA,PIJINO DEL CARMEN,MORALES HOYOS VIVIANE ALEIDA,3
MAGDALENA,PIJINO DEL CARMEN,PETRO URREGO GUSTAVO FRANCISCO,1096
MAGDALENA,PIJINO DEL CARMEN,PROMOTORES VOTO EN BLANCO,2
MAGDALENA,PIJINO DEL CARMEN,TARJETAS NO MARCADAS,14
MAGDALENA,PIJINO DEL CARMEN,TRUJILLO SARMIENTO JORGE ANTONIO,12
MAGDALENA,PIJINO DEL CARMEN,VARGAS LLERAS GERMAN,1329
MAGDALENA,PIJINO DEL CARMEN,VOTOS EN BLANCO,21
MAGDALENA,PIJINO DEL CARMEN,VOTOS NULOS,22
MAGDALENA,PIVIJAY,DE LA CALLE LOMBANA HUMBERTO,139
MAGDALENA,PIVIJAY,DUQUE MARQUEZ IVAN,2966
MAGDALENA,PIVIJAY,FAJARDO VALDERRAMA SERGIO,231
MAGDALENA,PIVIJAY,MORALES HOYOS VIVIANE ALEIDA,42
MAGDALENA,PIVIJAY,PETRO URREGO GUSTAVO FRANCISCO,4100
MAGDALENA,PIVIJAY,PROMOTORES VOTO EN BLANCO,7
MAGDALENA,PIVIJAY,TARJETAS NO MARCADAS,37
MAGDALENA,PIVIJAY,TRUJILLO SARMIENTO JORGE ANTONIO,47
MAGDALENA,PIVIJAY,VARGAS LLERAS GERMAN,3903
MAGDALENA,PIVIJAY,VOTOS EN BLANCO,113
MAGDALENA,PIVIJAY,VOTOS NULOS,120
MAGDALENA,PLATO,DE LA CALLE LOMBANA HUMBERTO,261
MAGDALENA,PLATO,DUQUE MARQUEZ IVAN,6371
MAGDALENA,PLATO,FAJARDO VALDERRAMA SERGIO,343
MAGDALENA,PLATO,MORALES HOYOS VIVIANE ALEIDA,51
MAGDALENA,PLATO,PETRO URREGO GUSTAVO FRANCISCO,6492
MAGDALENA,PLATO,PROMOTORES VOTO EN BLANCO,26
MAGDALENA,PLATO,TARJETAS NO MARCADAS,76
MAGDALENA,PLATO,TRUJILLO SARMIENTO JORGE ANTONIO,64
MAGDALENA,PLATO,VARGAS LLERAS GERMAN,3756
MAGDALENA,PLATO,VOTOS EN BLANCO,165
MAGDALENA,PLATO,VOTOS NULOS,120
MAGDALENA,PUEBLOVIEJO,DE LA CALLE LOMBANA HUMBERTO,160
MAGDALENA,PUEBLOVIEJO,DUQUE MARQUEZ IVAN,3253
MAGDALENA,PUEBLOVIEJO,FAJARDO VALDERRAMA SERGIO,172
MAGDALENA,PUEBLOVIEJO,MORALES HOYOS VIVIANE ALEIDA,26
MAGDALENA,PUEBLOVIEJO,PETRO URREGO GUSTAVO FRANCISCO,2056
MAGDALENA,PUEBLOVIEJO,PROMOTORES VOTO EN BLANCO,13
MAGDALENA,PUEBLOVIEJO,TARJETAS NO MARCADAS,18
MAGDALENA,PUEBLOVIEJO,TRUJILLO SARMIENTO JORGE ANTONIO,36
MAGDALENA,PUEBLOVIEJO,VARGAS LLERAS GERMAN,1536
MAGDALENA,PUEBLOVIEJO,VOTOS EN BLANCO,61
MAGDALENA,PUEBLOVIEJO,VOTOS NULOS,126
MAGDALENA,REMOLINO,DE LA CALLE LOMBANA HUMBERTO,20
MAGDALENA,REMOLINO,DUQUE MARQUEZ IVAN,567
MAGDALENA,REMOLINO,FAJARDO VALDERRAMA SERGIO,42
MAGDALENA,REMOLINO,MORALES HOYOS VIVIANE ALEIDA,7
MAGDALENA,REMOLINO,PETRO URREGO GUSTAVO FRANCISCO,889
MAGDALENA,REMOLINO,PROMOTORES VOTO EN BLANCO,4
MAGDALENA,REMOLINO,TARJETAS NO MARCADAS,9
MAGDALENA,REMOLINO,TRUJILLO SARMIENTO JORGE ANTONIO,7
MAGDALENA,REMOLINO,VARGAS LLERAS GERMAN,1300
MAGDALENA,REMOLINO,VOTOS EN BLANCO,7
MAGDALENA,REMOLINO,VOTOS NULOS,17
MAGDALENA,SABANAS DE SAN ANGEL,DE LA CALLE LOMBANA HUMBERTO,45
MAGDALENA,SABANAS DE SAN ANGEL,DUQUE MARQUEZ IVAN,2939
MAGDALENA,SABANAS DE SAN ANGEL,FAJARDO VALDERRAMA SERGIO,34
MAGDALENA,SABANAS DE SAN ANGEL,MORALES HOYOS VIVIANE ALEIDA,25
MAGDALENA,SABANAS DE SAN ANGEL,PETRO URREGO GUSTAVO FRANCISCO,546
MAGDALENA,SABANAS DE SAN ANGEL,PROMOTORES VOTO EN BLANCO,5
MAGDALENA,SABANAS DE SAN ANGEL,TARJETAS NO MARCADAS,25
MAGDALENA,SABANAS DE SAN ANGEL,TRUJILLO SARMIENTO JORGE ANTONIO,22
MAGDALENA,SABANAS DE SAN ANGEL,VARGAS LLERAS GERMAN,1530
MAGDALENA,SABANAS DE SAN ANGEL,VOTOS EN BLANCO,25
MAGDALENA,SABANAS DE SAN ANGEL,VOTOS NULOS,32
MAGDALENA,SALAMINA,DE LA CALLE LOMBANA HUMBERTO,30
MAGDALENA,SALAMINA,DUQUE MARQUEZ IVAN,1533
MAGDALENA,SALAMINA,FAJARDO VALDERRAMA SERGIO,63
MAGDALENA,SALAMINA,MORALES HOYOS VIVIANE ALEIDA,8
MAGDALENA,SALAMINA,PETRO URREGO GUSTAVO FRANCISCO,851
MAGDALENA,SALAMINA,PROMOTORES VOTO EN BLANCO,4
MAGDALENA,SALAMINA,TARJETAS NO MARCADAS,13
MAGDALENA,SALAMINA,TRUJILLO SARMIENTO JORGE ANTONIO,2
MAGDALENA,SALAMINA,VARGAS LLERAS GERMAN,953
MAGDALENA,SALAMINA,VOTOS EN BLANCO,23
MAGDALENA,SALAMINA,VOTOS NULOS,35
MAGDALENA,SAN SEBASTIAN DE BUENAVISTA,DE LA CALLE LOMBANA HUMBERTO,81
MAGDALENA,SAN SEBASTIAN DE BUENAVISTA,DUQUE MARQUEZ IVAN,2673
MAGDALENA,SAN SEBASTIAN DE BUENAVISTA,FAJARDO VALDERRAMA SERGIO,117
MAGDALENA,SAN SEBASTIAN DE BUENAVISTA,MORALES HOYOS VIVIANE ALEIDA,20
MAGDALENA,SAN SEBASTIAN DE BUENAVISTA,PETRO URREGO GUSTAVO FRANCISCO,2363
MAGDALENA,SAN SEBASTIAN DE BUENAVISTA,PROMOTORES VOTO EN BLANCO,2
MAGDALENA,SAN SEBASTIAN DE BUENAVISTA,TARJETAS NO MARCADAS,24
MAGDALENA,SAN SEBASTIAN DE BUENAVISTA,TRUJILLO SARMIENTO JORGE ANTONIO,13
MAGDALENA,SAN SEBASTIAN DE BUENAVISTA,VARGAS LLERAS GERMAN,1955
MAGDALENA,SAN SEBASTIAN DE BUENAVISTA,VOTOS EN BLANCO,48
MAGDALENA,SAN SEBASTIAN DE BUENAVISTA,VOTOS NULOS,21
MAGDALENA,SAN ZENON,DE LA CALLE LOMBANA HUMBERTO,19
MAGDALENA,SAN ZENON,DUQUE MARQUEZ IVAN,973
MAGDALENA,SAN ZENON,FAJARDO VALDERRAMA SERGIO,36
MAGDALENA,SAN ZENON,MORALES HOYOS VIVIANE ALEIDA,7
MAGDALENA,SAN ZENON,PETRO URREGO GUSTAVO FRANCISCO,1410
MAGDALENA,SAN ZENON,PROMOTORES VOTO EN BLANCO,5
MAGDALENA,SAN ZENON,TARJETAS NO MARCADAS,15
MAGDALENA,SAN ZENON,TRUJILLO SARMIENTO JORGE ANTONIO,7
MAGDALENA,SAN ZENON,VARGAS LLERAS GERMAN,2049
MAGDALENA,SAN ZENON,VOTOS EN BLANCO,25
MAGDALENA,SAN ZENON,VOTOS NULOS,20
MAGDALENA,SANTA ANA,DE LA CALLE LOMBANA HUMBERTO,81
MAGDALENA,SANTA ANA,DUQUE MARQUEZ IVAN,4620
MAGDALENA,SANTA ANA,FAJARDO VALDERRAMA SERGIO,164
MAGDALENA,SANTA ANA,MORALES HOYOS VIVIANE ALEIDA,9
MAGDALENA,SANTA ANA,PETRO URREGO GUSTAVO FRANCISCO,1268
MAGDALENA,SANTA ANA,PROMOTORES VOTO EN BLANCO,4
MAGDALENA,SANTA ANA,TARJETAS NO MARCADAS,14
MAGDALENA,SANTA ANA,TRUJILLO SARMIENTO JORGE ANTONIO,22
MAGDALENA,SANTA ANA,VARGAS LLERAS GERMAN,1238
MAGDALENA,SANTA ANA,VOTOS EN BLANCO,47
MAGDALENA,SANTA ANA,VOTOS NULOS,47
MAGDALENA,SANTA BARBARA DE PINTO,DE LA CALLE LOMBANA HUMBERTO,34
MAGDALENA,SANTA BARBARA DE PINTO,DUQUE MARQUEZ IVAN,1043
MAGDALENA,SANTA BARBARA DE PINTO,FAJARDO VALDERRAMA SERGIO,47
MAGDALENA,SANTA BARBARA DE PINTO,MORALES HOYOS VIVIANE ALEIDA,5
MAGDALENA,SANTA BARBARA DE PINTO,PETRO URREGO GUSTAVO FRANCISCO,1385
MAGDALENA,SANTA BARBARA DE PINTO,PROMOTORES VOTO EN BLANCO,1
MAGDALENA,SANTA BARBARA DE PINTO,TARJETAS NO MARCADAS,10
MAGDALENA,SANTA BARBARA DE PINTO,TRUJILLO SARMIENTO JORGE ANTONIO,7
MAGDALENA,SANTA BARBARA DE PINTO,VARGAS LLERAS GERMAN,1045
MAGDALENA,SANTA BARBARA DE PINTO,VOTOS EN BLANCO,22
MAGDALENA,SANTA BARBARA DE PINTO,VOTOS NULOS,19
MAGDALENA,SANTA MARTA,DE LA CALLE LOMBANA HUMBERTO,2709
MAGDALENA,SANTA MARTA,DUQUE MARQUEZ IVAN,62873
MAGDALENA,SANTA MARTA,FAJARDO VALDERRAMA SERGIO,21653
MAGDALENA,SANTA MARTA,MORALES HOYOS VIVIANE ALEIDA,294
MAGDALENA,SANTA MARTA,PETRO URREGO GUSTAVO FRANCISCO,64621
MAGDALENA,SANTA MARTA,PROMOTORES VOTO EN BLANCO,226
MAGDALENA,SANTA MARTA,TARJETAS NO MARCADAS,152
MAGDALENA,SANTA MARTA,TRUJILLO SARMIENTO JORGE ANTONIO,743
MAGDALENA,SANTA MARTA,VARGAS LLERAS GERMAN,12160
MAGDALENA,SANTA MARTA,VOTOS EN BLANCO,2919
MAGDALENA,SANTA MARTA,VOTOS NULOS,1729
MAGDALENA,SITIONUEVO,DE LA CALLE LOMBANA HUMBERTO,46
MAGDALENA,SITIONUEVO,DUQUE MARQUEZ IVAN,1956
MAGDALENA,SITIONUEVO,FAJARDO VALDERRAMA SERGIO,169
MAGDALENA,SITIONUEVO,MORALES HOYOS VIVIANE ALEIDA,13
MAGDALENA,SITIONUEVO,PETRO URREGO GUSTAVO FRANCISCO,2059
MAGDALENA,SITIONUEVO,PROMOTORES VOTO EN BLANCO,12
MAGDALENA,SITIONUEVO,TARJETAS NO MARCADAS,17
MAGDALENA,SITIONUEVO,TRUJILLO SARMIENTO JORGE ANTONIO,26
MAGDALENA,SITIONUEVO,VARGAS LLERAS GERMAN,1292
MAGDALENA,SITIONUEVO,VOTOS EN BLANCO,54
MAGDALENA,SITIONUEVO,VOTOS NULOS,72
MAGDALENA,TENERIFE,DE LA CALLE LOMBANA HUMBERTO,739
MAGDALENA,TENERIFE,DUQUE MARQUEZ IVAN,1150
MAGDALENA,TENERIFE,FAJARDO VALDERRAMA SERGIO,51
MAGDALENA,TENERIFE,MORALES HOYOS VIVIANE ALEIDA,15
MAGDALENA,TENERIFE,PETRO URREGO GUSTAVO FRANCISCO,1146
MAGDALENA,TENERIFE,PROMOTORES VOTO EN BLANCO,4
MAGDALENA,TENERIFE,TARJETAS NO MARCADAS,17
MAGDALENA,TENERIFE,TRUJILLO SARMIENTO JORGE ANTONIO,6
MAGDALENA,TENERIFE,VARGAS LLERAS GERMAN,1741
MAGDALENA,TENERIFE,VOTOS EN BLANCO,24
MAGDALENA,TENERIFE,VOTOS NULOS,33
MAGDALENA,ZAPAYAN,DE LA CALLE LOMBANA HUMBERTO,206
MAGDALENA,ZAPAYAN,DUQUE MARQUEZ IVAN,1691
MAGDALENA,ZAPAYAN,FAJARDO VALDERRAMA SERGIO,41
MAGDALENA,ZAPAYAN,MORALES HOYOS VIVIANE ALEIDA,10
MAGDALENA,ZAPAYAN,PETRO URREGO GUSTAVO FRANCISCO,471
MAGDALENA,ZAPAYAN,TARJETAS NO MARCADAS,20
MAGDALENA,ZAPAYAN,TRUJILLO SARMIENTO JORGE ANTONIO,12
MAGDALENA,ZAPAYAN,VARGAS LLERAS GERMAN,968
MAGDALENA,ZAPAYAN,VOTOS EN BLANCO,12
MAGDALENA,ZAPAYAN,VOTOS NULOS,36
MAGDALENA,ZONA BANANERA,DE LA CALLE LOMBANA HUMBERTO,135
MAGDALENA,ZONA BANANERA,DUQUE MARQUEZ IVAN,4915
MAGDALENA,ZONA BANANERA,FAJARDO VALDERRAMA SERGIO,418
MAGDALENA,ZONA BANANERA,MORALES HOYOS VIVIANE ALEIDA,46
MAGDALENA,ZONA BANANERA,PETRO URREGO GUSTAVO FRANCISCO,7971
MAGDALENA,ZONA BANANERA,PROMOTORES VOTO EN BLANCO,19
MAGDALENA,ZONA BANANERA,TARJETAS NO MARCADAS,73
MAGDALENA,ZONA BANANERA,TRUJILLO SARMIENTO JORGE ANTONIO,83
MAGDALENA,ZONA BANANERA,VARGAS LLERAS GERMAN,2757
MAGDALENA,ZONA BANANERA,VOTOS EN BLANCO,224
MAGDALENA,ZONA BANANERA,VOTOS NULOS,329
META,ACACIAS,DE LA CALLE LOMBANA HUMBERTO,328
META,ACACIAS,DUQUE MARQUEZ IVAN,21951
META,ACACIAS,FAJARDO VALDERRAMA SERGIO,10877
META,ACACIAS,MORALES HOYOS VIVIANE ALEIDA,80
META,ACACIAS,PETRO URREGO GUSTAVO FRANCISCO,6008
META,ACACIAS,PROMOTORES VOTO EN BLANCO,64
META,ACACIAS,TARJETAS NO MARCADAS,85
META,ACACIAS,TRUJILLO SARMIENTO JORGE ANTONIO,237
META,ACACIAS,VARGAS LLERAS GERMAN,1281
META,ACACIAS,VOTOS EN BLANCO,935
META,ACACIAS,VOTOS NULOS,1190
META,BARRANCA DE UPIA,DE LA CALLE LOMBANA HUMBERTO,31
META,BARRANCA DE UPIA,DUQUE MARQUEZ IVAN,1590
META,BARRANCA DE UPIA,FAJARDO VALDERRAMA SERGIO,296
META,BARRANCA DE UPIA,MORALES HOYOS VIVIANE ALEIDA,11
META,BARRANCA DE UPIA,PETRO URREGO GUSTAVO FRANCISCO,501
META,BARRANCA DE UPIA,PROMOTORES VOTO EN BLANCO,10
META,BARRANCA DE UPIA,TARJETAS NO MARCADAS,16
META,BARRANCA DE UPIA,TRUJILLO SARMIENTO JORGE ANTONIO,5
META,BARRANCA DE UPIA,VARGAS LLERAS GERMAN,200
META,BARRANCA DE UPIA,VOTOS EN BLANCO,54
META,BARRANCA DE UPIA,VOTOS NULOS,84
META,CABUYARO,DE LA CALLE LOMBANA HUMBERTO,42
META,CABUYARO,DUQUE MARQUEZ IVAN,1760
META,CABUYARO,FAJARDO VALDERRAMA SERGIO,235
META,CABUYARO,MORALES HOYOS VIVIANE ALEIDA,9
META,CABUYARO,PETRO URREGO GUSTAVO FRANCISCO,306
META,CABUYARO,PROMOTORES VOTO EN BLANCO,3
META,CABUYARO,TARJETAS NO MARCADAS,26
META,CABUYARO,TRUJILLO SARMIENTO JORGE ANTONIO,14
META,CABUYARO,VARGAS LLERAS GERMAN,515
META,CABUYARO,VOTOS EN BLANCO,58
META,CABUYARO,VOTOS NULOS,48
META,CASTILLA LA NUEVA,DE LA CALLE LOMBANA HUMBERTO,47
META,CASTILLA LA NUEVA,DUQUE MARQUEZ IVAN,4557
META,CASTILLA LA NUEVA,FAJARDO VALDERRAMA SERGIO,1747
META,CASTILLA LA NUEVA,MORALES HOYOS VIVIANE ALEIDA,22
META,CASTILLA LA NUEVA,PETRO URREGO GUSTAVO FRANCISCO,1107
META,CASTILLA LA NUEVA,PROMOTORES VOTO EN BLANCO,9
META,CASTILLA LA NUEVA,TARJETAS NO MARCADAS,33
META,CASTILLA LA NUEVA,TRUJILLO SARMIENTO JORGE ANTONIO,28
META,CASTILLA LA NUEVA,VARGAS LLERAS GERMAN,444
META,CASTILLA LA NUEVA,VOTOS EN BLANCO,197
META,CASTILLA LA NUEVA,VOTOS NULOS,255
META,CUBARRAL,DE LA CALLE LOMBANA HUMBERTO,13
META,CUBARRAL,DUQUE MARQUEZ IVAN,1959
META,CUBARRAL,FAJARDO VALDERRAMA SERGIO,557
META,CUBARRAL,MORALES HOYOS VIVIANE ALEIDA,3
META,CUBARRAL,PETRO URREGO GUSTAVO FRANCISCO,271
META,CUBARRAL,PROMOTORES VOTO EN BLANCO,4
META,CUBARRAL,TARJETAS NO MARCADAS,3
META,CUBARRAL,TRUJILLO SARMIENTO JORGE ANTONIO,6
META,CUBARRAL,VARGAS LLERAS GERMAN,176
META,CUBARRAL,VOTOS EN BLANCO,37
META,CUBARRAL,VOTOS NULOS,33
META,CUMARAL,DE LA CALLE LOMBANA HUMBERTO,118
META,CUMARAL,DUQUE MARQUEZ IVAN,5963
META,CUMARAL,FAJARDO VALDERRAMA SERGIO,2697
META,CUMARAL,MORALES HOYOS VIVIANE ALEIDA,17
META,CUMARAL,PETRO URREGO GUSTAVO FRANCISCO,1490
META,CUMARAL,PROMOTORES VOTO EN BLANCO,23
META,CUMARAL,TARJETAS NO MARCADAS,31
META,CUMARAL,TRUJILLO SARMIENTO JORGE ANTONIO,50
META,CUMARAL,VARGAS LLERAS GERMAN,361
META,CUMARAL,VOTOS EN BLANCO,218
META,CUMARAL,VOTOS NULOS,156
META,EL CALVARIO,DE LA CALLE LOMBANA HUMBERTO,3
META,EL CALVARIO,DUQUE MARQUEZ IVAN,506
META,EL CALVARIO,FAJARDO VALDERRAMA SERGIO,82
META,EL CALVARIO,MORALES HOYOS VIVIANE ALEIDA,2
META,EL CALVARIO,PETRO URREGO GUSTAVO FRANCISCO,97
META,EL CALVARIO,PROMOTORES VOTO EN BLANCO,1
META,EL CALVARIO,TARJETAS NO MARCADAS,2
META,EL CALVARIO,TRUJILLO SARMIENTO JORGE ANTONIO,1
META,EL CALVARIO,VARGAS LLERAS GERMAN,139
META,EL CALVARIO,VOTOS EN BLANCO,6
META,EL CALVARIO,VOTOS NULOS,10
META,EL CASTILLO,DE LA CALLE LOMBANA HUMBERTO,51
META,EL CASTILLO,DUQUE MARQUEZ IVAN,1114
META,EL CASTILLO,FAJARDO VALDERRAMA SERGIO,332
META,EL CASTILLO,MORALES HOYOS VIVIANE ALEIDA,7
META,EL CASTILLO,PETRO URREGO GUSTAVO FRANCISCO,1035
META,EL CASTILLO,PROMOTORES VOTO EN BLANCO,6
META,EL CASTILLO,TARJETAS NO MARCADAS,18
META,EL CASTILLO,TRUJILLO SARMIENTO JORGE ANTONIO,11
META,EL CASTILLO,VARGAS LLERAS GERMAN,138
META,EL CASTILLO,VOTOS EN BLANCO,73
META,EL CASTILLO,VOTOS NULOS,66
META,EL DORADO,DE LA CALLE LOMBANA HUMBERTO,25
META,EL DORADO,DUQUE MARQUEZ IVAN,1246
META,EL DORADO,FAJARDO VALDERRAMA SERGIO,203
META,EL DORADO,MORALES HOYOS VIVIANE ALEIDA,3
META,EL DORADO,PETRO URREGO GUSTAVO FRANCISCO,233
META,EL DORADO,TARJETAS NO MARCADAS,10
META,EL DORADO,TRUJILLO SARMIENTO JORGE ANTONIO,6
META,EL DORADO,VARGAS LLERAS GERMAN,135
META,EL DORADO,VOTOS EN BLANCO,27
META,EL DORADO,VOTOS NULOS,24
META,FUENTE DE ORO,DE LA CALLE LOMBANA HUMBERTO,77
META,FUENTE DE ORO,DUQUE MARQUEZ IVAN,2792
META,FUENTE DE ORO,FAJARDO VALDERRAMA SERGIO,752
META,FUENTE DE ORO,MORALES HOYOS VIVIANE ALEIDA,12
META,FUENTE DE ORO,PETRO URREGO GUSTAVO FRANCISCO,953
META,FUENTE DE ORO,PROMOTORES VOTO EN BLANCO,10
META,FUENTE DE ORO,TARJETAS NO MARCADAS,21
META,FUENTE DE ORO,TRUJILLO SARMIENTO JORGE ANTONIO,17
META,FUENTE DE ORO,VARGAS LLERAS GERMAN,329
META,FUENTE DE ORO,VOTOS EN BLANCO,114
META,FUENTE DE ORO,VOTOS NULOS,122
META,GRANADA,DE LA CALLE LOMBANA HUMBERTO,363
META,GRANADA,DUQUE MARQUEZ IVAN,14267
META,GRANADA,FAJARDO VALDERRAMA SERGIO,5681
META,GRANADA,MORALES HOYOS VIVIANE ALEIDA,60
META,GRANADA,PETRO URREGO GUSTAVO FRANCISCO,4758
META,GRANADA,PROMOTORES VOTO EN BLANCO,51
META,GRANADA,TARJETAS NO MARCADAS,101
META,GRANADA,TRUJILLO SARMIENTO JORGE ANTONIO,104
META,GRANADA,VARGAS LLERAS GERMAN,1710
META,GRANADA,VOTOS EN BLANCO,715
META,GRANADA,VOTOS NULOS,595
META,GUAMAL,DE LA CALLE LOMBANA HUMBERTO,36
META,GUAMAL,DUQUE MARQUEZ IVAN,4834
META,GUAMAL,FAJARDO VALDERRAMA SERGIO,1740
META,GUAMAL,MORALES HOYOS VIVIANE ALEIDA,13
META,GUAMAL,PETRO URREGO GUSTAVO FRANCISCO,781
META,GUAMAL,PROMOTORES VOTO EN BLANCO,7
META,GUAMAL,TARJETAS NO MARCADAS,20
META,GUAMAL,TRUJILLO SARMIENTO JORGE ANTONIO,33
META,GUAMAL,VARGAS LLERAS GERMAN,233
META,GUAMAL,VOTOS EN BLANCO,119
META,GUAMAL,VOTOS NULOS,110
META,LA MACARENA,DE LA CALLE LOMBANA HUMBERTO,144
META,LA MACARENA,DUQUE MARQUEZ IVAN,1315
META,LA MACARENA,FAJARDO VALDERRAMA SERGIO,461
META,LA MACARENA,MORALES HOYOS VIVIANE ALEIDA,22
META,LA MACARENA,PETRO URREGO GUSTAVO FRANCISCO,1105
META,LA MACARENA,PROMOTORES VOTO EN BLANCO,19
META,LA MACARENA,TARJETAS NO MARCADAS,32
META,LA MACARENA,TRUJILLO SARMIENTO JORGE ANTONIO,15
META,LA MACARENA,VARGAS LLERAS GERMAN,155
META,LA MACARENA,VOTOS EN BLANCO,174
META,LA MACARENA,VOTOS NULOS,85
META,LEJANIAS,DE LA CALLE LOMBANA HUMBERTO,48
META,LEJANIAS,DUQUE MARQUEZ IVAN,2480
META,LEJANIAS,FAJARDO VALDERRAMA SERGIO,408
META,LEJANIAS,MORALES HOYOS VIVIANE ALEIDA,11
META,LEJANIAS,PETRO URREGO GUSTAVO FRANCISCO,778
META,LEJANIAS,PROMOTORES VOTO EN BLANCO,11
META,LEJANIAS,TARJETAS NO MARCADAS,41
META,LEJANIAS,TRUJILLO SARMIENTO JORGE ANTONIO,10
META,LEJANIAS,VARGAS LLERAS GERMAN,168
META,LEJANIAS,VOTOS EN BLANCO,126
META,LEJANIAS,VOTOS NULOS,93
META,MAPIRIPAN,DE LA CALLE LOMBANA HUMBERTO,50
META,MAPIRIPAN,DUQUE MARQUEZ IVAN,929
META,MAPIRIPAN,FAJARDO VALDERRAMA SERGIO,157
META,MAPIRIPAN,MORALES HOYOS VIVIANE ALEIDA,5
META,MAPIRIPAN,PETRO URREGO GUSTAVO FRANCISCO,363
META,MAPIRIPAN,PROMOTORES VOTO EN BLANCO,5
META,MAPIRIPAN,TARJETAS NO MARCADAS,28
META,MAPIRIPAN,TRUJILLO SARMIENTO JORGE ANTONIO,8
META,MAPIRIPAN,VARGAS LLERAS GERMAN,276
META,MAPIRIPAN,VOTOS EN BLANCO,34
META,MAPIRIPAN,VOTOS NULOS,59
META,MESETAS,DE LA CALLE LOMBANA HUMBERTO,70
META,MESETAS,DUQUE MARQUEZ IVAN,1535
META,MESETAS,FAJARDO VALDERRAMA SERGIO,345
META,MESETAS,MORALES HOYOS VIVIANE ALEIDA,22
META,MESETAS,PETRO URREGO GUSTAVO FRANCISCO,1734
META,MESETAS,PROMOTORES VOTO EN BLANCO,14
META,MESETAS,TARJETAS NO MARCADAS,33
META,MESETAS,TRUJILLO SARMIENTO JORGE ANTONIO,12
META,MESETAS,VARGAS LLERAS GERMAN,186
META,MESETAS,VOTOS EN BLANCO,138
META,MESETAS,VOTOS NULOS,81
META,PUERTO CONCORDIA,DE LA CALLE LOMBANA HUMBERTO,52
META,PUERTO CONCORDIA,DUQUE MARQUEZ IVAN,1429
META,PUERTO CONCORDIA,FAJARDO VALDERRAMA SERGIO,215
META,PUERTO CONCORDIA,MORALES HOYOS VIVIANE ALEIDA,12
META,PUERTO CONCORDIA,PETRO URREGO GUSTAVO FRANCISCO,926
META,PUERTO CONCORDIA,PROMOTORES VOTO EN BLANCO,11
META,PUERTO CONCORDIA,TARJETAS NO MARCADAS,23
META,PUERTO CONCORDIA,TRUJILLO SARMIENTO JORGE ANTONIO,18
META,PUERTO CONCORDIA,VARGAS LLERAS GERMAN,172
META,PUERTO CONCORDIA,VOTOS EN BLANCO,73
META,PUERTO CONCORDIA,VOTOS NULOS,73
META,PUERTO GAITAN,DE LA CALLE LOMBANA HUMBERTO,143
META,PUERTO GAITAN,DUQUE MARQUEZ IVAN,6666
META,PUERTO GAITAN,FAJARDO VALDERRAMA SERGIO,2293
META,PUERTO GAITAN,MORALES HOYOS VIVIANE ALEIDA,61
META,PUERTO GAITAN,PETRO URREGO GUSTAVO FRANCISCO,4203
META,PUERTO GAITAN,PROMOTORES VOTO EN BLANCO,36
META,PUERTO GAITAN,TARJETAS NO MARCADAS,102
META,PUERTO GAITAN,TRUJILLO SARMIENTO JORGE ANTONIO,55
META,PUERTO GAITAN,VARGAS LLERAS GERMAN,975
META,PUERTO GAITAN,VOTOS EN BLANCO,462
META,PUERTO GAITAN,VOTOS NULOS,682
META,PUERTO LLERAS,DE LA CALLE LOMBANA HUMBERTO,47
META,PUERTO LLERAS,DUQUE MARQUEZ IVAN,2071
META,PUERTO LLERAS,FAJARDO VALDERRAMA SERGIO,332
META,PUERTO LLERAS,MORALES HOYOS VIVIANE ALEIDA,7
META,PUERTO LLERAS,PETRO URREGO GUSTAVO FRANCISCO,417
META,PUERTO LLERAS,PROMOTORES VOTO EN BLANCO,9
META,PUERTO LLERAS,TARJETAS NO MARCADAS,11
META,PUERTO LLERAS,TRUJILLO SARMIENTO JORGE ANTONIO,5
META,PUERTO LLERAS,VARGAS LLERAS GERMAN,377
META,PUERTO LLERAS,VOTOS EN BLANCO,66
META,PUERTO LLERAS,VOTOS NULOS,52
META,PUERTO LOPEZ,DE LA CALLE LOMBANA HUMBERTO,130
META,PUERTO LOPEZ,DUQUE MARQUEZ IVAN,8319
META,PUERTO LOPEZ,FAJARDO VALDERRAMA SERGIO,2251
META,PUERTO LOPEZ,MORALES HOYOS VIVIANE ALEIDA,29
META,PUERTO LOPEZ,PETRO URREGO GUSTAVO FRANCISCO,1813
META,PUERTO LOPEZ,PROMOTORES VOTO EN BLANCO,22
META,PUERTO LOPEZ,TARJETAS NO MARCADAS,61
META,PUERTO LOPEZ,TRUJILLO SARMIENTO JORGE ANTONIO,35
META,PUERTO LOPEZ,VARGAS LLERAS GERMAN,672
META,PUERTO LOPEZ,VOTOS EN BLANCO,236
META,PUERTO LOPEZ,VOTOS NULOS,264
META,PUERTO RICO,DE LA CALLE LOMBANA HUMBERTO,80
META,PUERTO RICO,DUQUE MARQUEZ IVAN,2016
META,PUERTO RICO,FAJARDO VALDERRAMA SERGIO,321
META,PUERTO RICO,MORALES HOYOS VIVIANE ALEIDA,17
META,PUERTO RICO,PETRO URREGO GUSTAVO FRANCISCO,1664
META,PUERTO RICO,PROMOTORES VOTO EN BLANCO,18
META,PUERTO RICO,TARJETAS NO MARCADAS,35
META,PUERTO RICO,TRUJILLO SARMIENTO JORGE ANTONIO,22
META,PUERTO RICO,VARGAS LLERAS GERMAN,146
META,PUERTO RICO,VOTOS EN BLANCO,166
META,PUERTO RICO,VOTOS NULOS,150
META,RESTREPO,DE LA CALLE LOMBANA HUMBERTO,64
META,RESTREPO,DUQUE MARQUEZ IVAN,4822
META,RESTREPO,FAJARDO VALDERRAMA SERGIO,2246
META,RESTREPO,MORALES HOYOS VIVIANE ALEIDA,13
META,RESTREPO,PETRO URREGO GUSTAVO FRANCISCO,1220
META,RESTREPO,PROMOTORES VOTO EN BLANCO,7
META,RESTREPO,TARJETAS NO MARCADAS,14
META,RESTREPO,TRUJILLO SARMIENTO JORGE ANTONIO,16
META,RESTREPO,VARGAS LLERAS GERMAN,650
META,RESTREPO,VOTOS EN BLANCO,153
META,RESTREPO,VOTOS NULOS,74
META,SAN CARLOS DE GUAROA,DE LA CALLE LOMBANA HUMBERTO,46
META,SAN CARLOS DE GUAROA,DUQUE MARQUEZ IVAN,3557
META,SAN CARLOS DE GUAROA,FAJARDO VALDERRAMA SERGIO,490
META,SAN CARLOS DE GUAROA,MORALES HOYOS VIVIANE ALEIDA,10
META,SAN CARLOS DE GUAROA,PETRO URREGO GUSTAVO FRANCISCO,595
META,SAN CARLOS DE GUAROA,PROMOTORES VOTO EN BLANCO,6
META,SAN CARLOS DE GUAROA,TARJETAS NO MARCADAS,24
META,SAN CARLOS DE GUAROA,TRUJILLO SARMIENTO JORGE ANTONIO,13
META,SAN CARLOS DE GUAROA,VARGAS LLERAS GERMAN,287
META,SAN CARLOS DE GUAROA,VOTOS EN BLANCO,113
META,SAN CARLOS DE GUAROA,VOTOS NULOS,94
META,SAN JUAN DE ARAMA,DE LA CALLE LOMBANA HUMBERTO,82
META,SAN JUAN DE ARAMA,DUQUE MARQUEZ IVAN,1740
META,SAN JUAN DE ARAMA,FAJARDO VALDERRAMA SERGIO,387
META,SAN JUAN DE ARAMA,MORALES HOYOS VIVIANE ALEIDA,6
META,SAN JUAN DE ARAMA,PETRO URREGO GUSTAVO FRANCISCO,679
META,SAN JUAN DE ARAMA,PROMOTORES VOTO EN BLANCO,6
META,SAN JUAN DE ARAMA,TARJETAS NO MARCADAS,18
META,SAN JUAN DE ARAMA,TRUJILLO SARMIENTO JORGE ANTONIO,6
META,SAN JUAN DE ARAMA,VARGAS LLERAS GERMAN,158
META,SAN JUAN DE ARAMA,VOTOS EN BLANCO,67
META,SAN JUAN DE ARAMA,VOTOS NULOS,52
META,SAN JUANITO,DE LA CALLE LOMBANA HUMBERTO,1
META,SAN JUANITO,DUQUE MARQUEZ IVAN,576
META,SAN JUANITO,FAJARDO VALDERRAMA SERGIO,78
META,SAN JUANITO,MORALES HOYOS VIVIANE ALEIDA,1
META,SAN JUANITO,PETRO URREGO GUSTAVO FRANCISCO,77
META,SAN JUANITO,PROMOTORES VOTO EN BLANCO,3
META,SAN JUANITO,TARJETAS NO MARCADAS,5
META,SAN JUANITO,TRUJILLO SARMIENTO JORGE ANTONIO,1
META,SAN JUANITO,VARGAS LLERAS GERMAN,27
META,SAN JUANITO,VOTOS EN BLANCO,19
META,SAN JUANITO,VOTOS NULOS,8
META,SAN MARTIN,DE LA CALLE LOMBANA HUMBERTO,118
META,SAN MARTIN,DUQUE MARQUEZ IVAN,6947
META,SAN MARTIN,FAJARDO VALDERRAMA SERGIO,1807
META,SAN MARTIN,MORALES HOYOS VIVIANE ALEIDA,26
META,SAN MARTIN,PETRO URREGO GUSTAVO FRANCISCO,1086
META,SAN MARTIN,PROMOTORES VOTO EN BLANCO,12
META,SAN MARTIN,TARJETAS NO MARCADAS,30
META,SAN MARTIN,TRUJILLO SARMIENTO JORGE ANTONIO,27
META,SAN MARTIN,VARGAS LLERAS GERMAN,595
META,SAN MARTIN,VOTOS EN BLANCO,200
META,SAN MARTIN,VOTOS NULOS,187
META,URIBE,DE LA CALLE LOMBANA HUMBERTO,54
META,URIBE,DUQUE MARQUEZ IVAN,239
META,URIBE,FAJARDO VALDERRAMA SERGIO,178
META,URIBE,MORALES HOYOS VIVIANE ALEIDA,6
META,URIBE,PETRO URREGO GUSTAVO FRANCISCO,2155
META,URIBE,PROMOTORES VOTO EN BLANCO,13
META,URIBE,TARJETAS NO MARCADAS,20
META,URIBE,TRUJILLO SARMIENTO JORGE ANTONIO,7
META,URIBE,VARGAS LLERAS GERMAN,42
META,URIBE,VOTOS EN BLANCO,43
META,URIBE,VOTOS NULOS,40
META,VILLAVICENCIO,DE LA CALLE LOMBANA HUMBERTO,2331
META,VILLAVICENCIO,DUQUE MARQUEZ IVAN,101846
META,VILLAVICENCIO,FAJARDO VALDERRAMA SERGIO,64474
META,VILLAVICENCIO,MORALES HOYOS VIVIANE ALEIDA,325
META,VILLAVICENCIO,PETRO URREGO GUSTAVO FRANCISCO,37747
META,VILLAVICENCIO,PROMOTORES VOTO EN BLANCO,300
META,VILLAVICENCIO,TARJETAS NO MARCADAS,281
META,VILLAVICENCIO,TRUJILLO SARMIENTO JORGE ANTONIO,860
META,VILLAVICENCIO,VARGAS LLERAS GERMAN,10615
META,VILLAVICENCIO,VOTOS EN BLANCO,3764
META,VILLAVICENCIO,VOTOS NULOS,2710
META,VISTAHERMOSA,DE LA CALLE LOMBANA HUMBERTO,170
META,VISTAHERMOSA,DUQUE MARQUEZ IVAN,3132
META,VISTAHERMOSA,FAJARDO VALDERRAMA SERGIO,687
META,VISTAHERMOSA,MORALES HOYOS VIVIANE ALEIDA,18
META,VISTAHERMOSA,PETRO URREGO GUSTAVO FRANCISCO,1843
META,VISTAHERMOSA,PROMOTORES VOTO EN BLANCO,17
META,VISTAHERMOSA,TARJETAS NO MARCADAS,44
META,VISTAHERMOSA,TRUJILLO SARMIENTO JORGE ANTONIO,26
META,VISTAHERMOSA,VARGAS LLERAS GERMAN,424
META,VISTAHERMOSA,VOTOS EN BLANCO,213
META,VISTAHERMOSA,VOTOS NULOS,234
NARINO,ALBAN,DE LA CALLE LOMBANA HUMBERTO,14
NARINO,ALBAN,DUQUE MARQUEZ IVAN,2678
NARINO,ALBAN,FAJARDO VALDERRAMA SERGIO,238
NARINO,ALBAN,MORALES HOYOS VIVIANE ALEIDA,7
NARINO,ALBAN,PETRO URREGO GUSTAVO FRANCISCO,754
NARINO,ALBAN,PROMOTORES VOTO EN BLANCO,8
NARINO,ALBAN,TARJETAS NO MARCADAS,17
NARINO,ALBAN,TRUJILLO SARMIENTO JORGE ANTONIO,7
NARINO,ALBAN,VARGAS LLERAS GERMAN,51
NARINO,ALBAN,VOTOS EN BLANCO,53
NARINO,ALBAN,VOTOS NULOS,35
NARINO,ALDANA,DE LA CALLE LOMBANA HUMBERTO,49
NARINO,ALDANA,DUQUE MARQUEZ IVAN,807
NARINO,ALDANA,FAJARDO VALDERRAMA SERGIO,346
NARINO,ALDANA,MORALES HOYOS VIVIANE ALEIDA,7
NARINO,ALDANA,PETRO URREGO GUSTAVO FRANCISCO,1105
NARINO,ALDANA,PROMOTORES VOTO EN BLANCO,11
NARINO,ALDANA,TARJETAS NO MARCADAS,28
NARINO,ALDANA,TRUJILLO SARMIENTO JORGE ANTONIO,10
NARINO,ALDANA,VARGAS LLERAS GERMAN,619
NARINO,ALDANA,VOTOS EN BLANCO,103
NARINO,ALDANA,VOTOS NULOS,70
NARINO,ANCUYA,DE LA CALLE LOMBANA HUMBERTO,63
NARINO,ANCUYA,DUQUE MARQUEZ IVAN,988
NARINO,ANCUYA,FAJARDO VALDERRAMA SERGIO,267
NARINO,ANCUYA,MORALES HOYOS VIVIANE ALEIDA,2
NARINO,ANCUYA,PETRO URREGO GUSTAVO FRANCISCO,1598
NARINO,ANCUYA,PROMOTORES VOTO EN BLANCO,7
NARINO,ANCUYA,TARJETAS NO MARCADAS,12
NARINO,ANCUYA,TRUJILLO SARMIENTO JORGE ANTONIO,6
NARINO,ANCUYA,VARGAS LLERAS GERMAN,216
NARINO,ANCUYA,VOTOS EN BLANCO,54
NARINO,ANCUYA,VOTOS NULOS,22
NARINO,ARBOLEDA,DE LA CALLE LOMBANA HUMBERTO,23
NARINO,ARBOLEDA,DUQUE MARQUEZ IVAN,1594
NARINO,ARBOLEDA,FAJARDO VALDERRAMA SERGIO,151
NARINO,ARBOLEDA,MORALES HOYOS VIVIANE ALEIDA,6
NARINO,ARBOLEDA,PETRO URREGO GUSTAVO FRANCISCO,906
NARINO,ARBOLEDA,PROMOTORES VOTO EN BLANCO,10
NARINO,ARBOLEDA,TARJETAS NO MARCADAS,18
NARINO,ARBOLEDA,TRUJILLO SARMIENTO JORGE ANTONIO,5
NARINO,ARBOLEDA,VARGAS LLERAS GERMAN,50
NARINO,ARBOLEDA,VOTOS EN BLANCO,58
NARINO,ARBOLEDA,VOTOS NULOS,40
NARINO,BARBACOAS,DE LA CALLE LOMBANA HUMBERTO,147
NARINO,BARBACOAS,DUQUE MARQUEZ IVAN,1552
NARINO,BARBACOAS,FAJARDO VALDERRAMA SERGIO,264
NARINO,BARBACOAS,MORALES HOYOS VIVIANE ALEIDA,27
NARINO,BARBACOAS,PETRO URREGO GUSTAVO FRANCISCO,1543
NARINO,BARBACOAS,PROMOTORES VOTO EN BLANCO,29
NARINO,BARBACOAS,TARJETAS NO MARCADAS,52
NARINO,BARBACOAS,TRUJILLO SARMIENTO JORGE ANTONIO,28
NARINO,BARBACOAS,VARGAS LLERAS GERMAN,1187
NARINO,BARBACOAS,VOTOS EN BLANCO,185
NARINO,BARBACOAS,VOTOS NULOS,119
NARINO,BELEN,DE LA CALLE LOMBANA HUMBERTO,37
NARINO,BELEN,DUQUE MARQUEZ IVAN,1177
NARINO,BELEN,FAJARDO VALDERRAMA SERGIO,286
NARINO,BELEN,MORALES HOYOS VIVIANE ALEIDA,2
NARINO,BELEN,PETRO URREGO GUSTAVO FRANCISCO,1105
NARINO,BELEN,PROMOTORES VOTO EN BLANCO,8
NARINO,BELEN,TARJETAS NO MARCADAS,11
NARINO,BELEN,TRUJILLO SARMIENTO JORGE ANTONIO,8
NARINO,BELEN,VARGAS LLERAS GERMAN,103
NARINO,BELEN,VOTOS EN BLANCO,86
NARINO,BELEN,VOTOS NULOS,30
NARINO,BUESACO,DE LA CALLE LOMBANA HUMBERTO,90
NARINO,BUESACO,DUQUE MARQUEZ IVAN,4882
NARINO,BUESACO,FAJARDO VALDERRAMA SERGIO,647
NARINO,BUESACO,MORALES HOYOS VIVIANE ALEIDA,27
NARINO,BUESACO,PETRO URREGO GUSTAVO FRANCISCO,1886
NARINO,BUESACO,PROMOTORES VOTO EN BLANCO,23
NARINO,BUESACO,TARJETAS NO MARCADAS,66
NARINO,BUESACO,TRUJILLO SARMIENTO JORGE ANTONIO,17
NARINO,BUESACO,VARGAS LLERAS GERMAN,660
NARINO,BUESACO,VOTOS EN BLANCO,147
NARINO,BUESACO,VOTOS NULOS,97
NARINO,CHACHAGUI,DE LA CALLE LOMBANA HUMBERTO,108
NARINO,CHACHAGUI,DUQUE MARQUEZ IVAN,1480
NARINO,CHACHAGUI,FAJARDO VALDERRAMA SERGIO,574
NARINO,CHACHAGUI,MORALES HOYOS VIVIANE ALEIDA,10
NARINO,CHACHAGUI,PETRO URREGO GUSTAVO FRANCISCO,2304
NARINO,CHACHAGUI,PROMOTORES VOTO EN BLANCO,7
NARINO,CHACHAGUI,TARJETAS NO MARCADAS,16
NARINO,CHACHAGUI,TRUJILLO SARMIENTO JORGE ANTONIO,10
NARINO,CHACHAGUI,VARGAS LLERAS GERMAN,259
NARINO,CHACHAGUI,VOTOS EN BLANCO,97
NARINO,CHACHAGUI,VOTOS NULOS,61
NARINO,COLON,DE LA CALLE LOMBANA HUMBERTO,34
NARINO,COLON,DUQUE MARQUEZ IVAN,708
NARINO,COLON,FAJARDO VALDERRAMA SERGIO,131
NARINO,COLON,MORALES HOYOS VIVIANE ALEIDA,6
NARINO,COLON,PETRO URREGO GUSTAVO FRANCISCO,1746
NARINO,COLON,PROMOTORES VOTO EN BLANCO,2
NARINO,COLON,TARJETAS NO MARCADAS,21
NARINO,COLON,TRUJILLO SARMIENTO JORGE ANTONIO,8
NARINO,COLON,VARGAS LLERAS GERMAN,295
NARINO,COLON,VOTOS EN BLANCO,70
NARINO,COLON,VOTOS NULOS,39
NARINO,CONSACA,DE LA CALLE LOMBANA HUMBERTO,80
NARINO,CONSACA,DUQUE MARQUEZ IVAN,1388
NARINO,CONSACA,FAJARDO VALDERRAMA SERGIO,273
NARINO,CONSACA,MORALES HOYOS VIVIANE ALEIDA,9
NARINO,CONSACA,PETRO URREGO GUSTAVO FRANCISCO,1902
NARINO,CONSACA,PROMOTORES VOTO EN BLANCO,9
NARINO,CONSACA,TARJETAS NO MARCADAS,17
NARINO,CONSACA,TRUJILLO SARMIENTO JORGE ANTONIO,8
NARINO,CONSACA,VARGAS LLERAS GERMAN,421
NARINO,CONSACA,VOTOS EN BLANCO,84
NARINO,CONSACA,VOTOS NULOS,77
NARINO,CONTADERO,DE LA CALLE LOMBANA HUMBERTO,34
NARINO,CONTADERO,DUQUE MARQUEZ IVAN,648
NARINO,CONTADERO,FAJARDO VALDERRAMA SERGIO,584
NARINO,CONTADERO,MORALES HOYOS VIVIANE ALEIDA,4
NARINO,CONTADERO,PETRO URREGO GUSTAVO FRANCISCO,1052
NARINO,CONTADERO,PROMOTORES VOTO EN BLANCO,9
NARINO,CONTADERO,TARJETAS NO MARCADAS,12
NARINO,CONTADERO,TRUJILLO SARMIENTO JORGE ANTONIO,1
NARINO,CONTADERO,VARGAS LLERAS GERMAN,115
NARINO,CONTADERO,VOTOS EN BLANCO,47
NARINO,CONTADERO,VOTOS NULOS,16
NARINO,CORDOBA,DE LA CALLE LOMBANA HUMBERTO,108
NARINO,CORDOBA,DUQUE MARQUEZ IVAN,912
NARINO,CORDOBA,FAJARDO VALDERRAMA SERGIO,248
NARINO,CORDOBA,MORALES HOYOS VIVIANE ALEIDA,4
NARINO,CORDOBA,PETRO URREGO GUSTAVO FRANCISCO,3103
NARINO,CORDOBA,PROMOTORES VOTO EN BLANCO,19
NARINO,CORDOBA,TARJETAS NO MARCADAS,26
NARINO,CORDOBA,TRUJILLO SARMIENTO JORGE ANTONIO,6
NARINO,CORDOBA,VARGAS LLERAS GERMAN,158
NARINO,CORDOBA,VOTOS EN BLANCO,102
NARINO,CORDOBA,VOTOS NULOS,43
NARINO,CUASPUD CARLOSAMA,DE LA CALLE LOMBANA HUMBERTO,27
NARINO,CUASPUD CARLOSAMA,DUQUE MARQUEZ IVAN,955
NARINO,CUASPUD CARLOSAMA,FAJARDO VALDERRAMA SERGIO,304
NARINO,CUASPUD CARLOSAMA,MORALES HOYOS VIVIANE ALEIDA,14
NARINO,CUASPUD CARLOSAMA,PETRO URREGO GUSTAVO FRANCISCO,1178
NARINO,CUASPUD CARLOSAMA,PROMOTORES VOTO EN BLANCO,10
NARINO,CUASPUD CARLOSAMA,TARJETAS NO MARCADAS,54
NARINO,CUASPUD CARLOSAMA,TRUJILLO SARMIENTO JORGE ANTONIO,12
NARINO,CUASPUD CARLOSAMA,VARGAS LLERAS GERMAN,419
NARINO,CUASPUD CARLOSAMA,VOTOS EN BLANCO,97
NARINO,CUASPUD CARLOSAMA,VOTOS NULOS,49
NARINO,CUMBAL,DE LA CALLE LOMBANA HUMBERTO,146
NARINO,CUMBAL,DUQUE MARQUEZ IVAN,2478
NARINO,CUMBAL,FAJARDO VALDERRAMA SERGIO,726
NARINO,CUMBAL,MORALES HOYOS VIVIANE ALEIDA,25
NARINO,CUMBAL,PETRO URREGO GUSTAVO FRANCISCO,7243
NARINO,CUMBAL,PROMOTORES VOTO EN BLANCO,17
NARINO,CUMBAL,TARJETAS NO MARCADAS,71
NARINO,CUMBAL,TRUJILLO SARMIENTO JORGE ANTONIO,36
NARINO,CUMBAL,VARGAS LLERAS GERMAN,431
NARINO,CUMBAL,VOTOS EN BLANCO,202
NARINO,CUMBAL,VOTOS NULOS,95
NARINO,CUMBITARA,DE LA CALLE LOMBANA HUMBERTO,17
NARINO,CUMBITARA,DUQUE MARQUEZ IVAN,114
NARINO,CUMBITARA,FAJARDO VALDERRAMA SERGIO,62
NARINO,CUMBITARA,MORALES HOYOS VIVIANE ALEIDA,2
NARINO,CUMBITARA,PETRO URREGO GUSTAVO FRANCISCO,2338
NARINO,CUMBITARA,PROMOTORES VOTO EN BLANCO,8
NARINO,CUMBITARA,TARJETAS NO MARCADAS,5
NARINO,CUMBITARA,TRUJILLO SARMIENTO JORGE ANTONIO,4
NARINO,CUMBITARA,VARGAS LLERAS GERMAN,59
NARINO,CUMBITARA,VOTOS EN BLANCO,39
NARINO,CUMBITARA,VOTOS NULOS,18
NARINO,EL CHARCO,DE LA CALLE LOMBANA HUMBERTO,148
NARINO,EL CHARCO,DUQUE MARQUEZ IVAN,619
NARINO,EL CHARCO,FAJARDO VALDERRAMA SERGIO,109
NARINO,EL CHARCO,MORALES HOYOS VIVIANE ALEIDA,18
NARINO,EL CHARCO,PETRO URREGO GUSTAVO FRANCISCO,2871
NARINO,EL CHARCO,PROMOTORES VOTO EN BLANCO,14
NARINO,EL CHARCO,TARJETAS NO MARCADAS,36
NARINO,EL CHARCO,TRUJILLO SARMIENTO JORGE ANTONIO,31
NARINO,EL CHARCO,VARGAS LLERAS GERMAN,1175
NARINO,EL CHARCO,VOTOS EN BLANCO,66
NARINO,EL CHARCO,VOTOS NULOS,91
NARINO,EL PENOL,DE LA CALLE LOMBANA HUMBERTO,56
NARINO,EL PENOL,DUQUE MARQUEZ IVAN,722
NARINO,EL PENOL,FAJARDO VALDERRAMA SERGIO,126
NARINO,EL PENOL,MORALES HOYOS VIVIANE ALEIDA,6
NARINO,EL PENOL,PETRO URREGO GUSTAVO FRANCISCO,1705
NARINO,EL PENOL,PROMOTORES VOTO EN BLANCO,3
NARINO,EL PENOL,TARJETAS NO MARCADAS,16
NARINO,EL PENOL,TRUJILLO SARMIENTO JORGE ANTONIO,2
NARINO,EL PENOL,VARGAS LLERAS GERMAN,76
NARINO,EL PENOL,VOTOS EN BLANCO,42
NARINO,EL PENOL,VOTOS NULOS,23
NARINO,EL ROSARIO,DE LA CALLE LOMBANA HUMBERTO,38
NARINO,EL ROSARIO,DUQUE MARQUEZ IVAN,204
NARINO,EL ROSARIO,FAJARDO VALDERRAMA SERGIO,81
NARINO,EL ROSARIO,MORALES HOYOS VIVIANE ALEIDA,4
NARINO,EL ROSARIO,PETRO URREGO GUSTAVO FRANCISCO,2412
NARINO,EL ROSARIO,PROMOTORES VOTO EN BLANCO,3
NARINO,EL ROSARIO,TARJETAS NO MARCADAS,7
NARINO,EL ROSARIO,TRUJILLO SARMIENTO JORGE ANTONIO,2
NARINO,EL ROSARIO,VARGAS LLERAS GERMAN,94
NARINO,EL ROSARIO,VOTOS EN BLANCO,20
NARINO,EL ROSARIO,VOTOS NULOS,22
NARINO,EL TABLON DE GOMEZ,DE LA CALLE LOMBANA HUMBERTO,36
NARINO,EL TABLON DE GOMEZ,DUQUE MARQUEZ IVAN,2203
NARINO,EL TABLON DE GOMEZ,FAJARDO VALDERRAMA SERGIO,185
NARINO,EL TABLON DE GOMEZ,MORALES HOYOS VIVIANE ALEIDA,10
NARINO,EL TABLON DE GOMEZ,PETRO URREGO GUSTAVO FRANCISCO,2107
NARINO,EL TABLON DE GOMEZ,PROMOTORES VOTO EN BLANCO,10
NARINO,EL TABLON DE GOMEZ,TARJETAS NO MARCADAS,19
NARINO,EL TABLON DE GOMEZ,TRUJILLO SARMIENTO JORGE ANTONIO,12
NARINO,EL TABLON DE GOMEZ,VARGAS LLERAS GERMAN,633
NARINO,EL TABLON DE GOMEZ,VOTOS EN BLANCO,116
NARINO,EL TABLON DE GOMEZ,VOTOS NULOS,35
NARINO,EL TAMBO,DE LA CALLE LOMBANA HUMBERTO,83
NARINO,EL TAMBO,DUQUE MARQUEZ IVAN,2370
NARINO,EL TAMBO,FAJARDO VALDERRAMA SERGIO,456
NARINO,EL TAMBO,MORALES HOYOS VIVIANE ALEIDA,22
NARINO,EL TAMBO,PETRO URREGO GUSTAVO FRANCISCO,2490
NARINO,EL TAMBO,PROMOTORES VOTO EN BLANCO,16
NARINO,EL TAMBO,TARJETAS NO MARCADAS,39
NARINO,EL TAMBO,TRUJILLO SARMIENTO JORGE ANTONIO,14
NARINO,EL TAMBO,VARGAS LLERAS GERMAN,331
NARINO,EL TAMBO,VOTOS EN BLANCO,109
NARINO,EL TAMBO,VOTOS NULOS,97
NARINO,FRANCISCO PIZARRO,DE LA CALLE LOMBANA HUMBERTO,53
NARINO,FRANCISCO PIZARRO,DUQUE MARQUEZ IVAN,197
NARINO,FRANCISCO PIZARRO,FAJARDO VALDERRAMA SERGIO,36
NARINO,FRANCISCO PIZARRO,MORALES HOYOS VIVIANE ALEIDA,11
NARINO,FRANCISCO PIZARRO,PETRO URREGO GUSTAVO FRANCISCO,899
NARINO,FRANCISCO PIZARRO,PROMOTORES VOTO EN BLANCO,3
NARINO,FRANCISCO PIZARRO,TARJETAS NO MARCADAS,15
NARINO,FRANCISCO PIZARRO,TRUJILLO SARMIENTO JORGE ANTONIO,8
NARINO,FRANCISCO PIZARRO,VARGAS LLERAS GERMAN,351
NARINO,FRANCISCO PIZARRO,VOTOS EN BLANCO,36
NARINO,FRANCISCO PIZARRO,VOTOS NULOS,38
NARINO,FUNES,DE LA CALLE LOMBANA HUMBERTO,29
NARINO,FUNES,DUQUE MARQUEZ IVAN,1466
NARINO,FUNES,FAJARDO VALDERRAMA SERGIO,149
NARINO,FUNES,MORALES HOYOS VIVIANE ALEIDA,5
NARINO,FUNES,PETRO URREGO GUSTAVO FRANCISCO,764
NARINO,FUNES,PROMOTORES VOTO EN BLANCO,7
NARINO,FUNES,TARJETAS NO MARCADAS,11
NARINO,FUNES,TRUJILLO SARMIENTO JORGE ANTONIO,2
NARINO,FUNES,VARGAS LLERAS GERMAN,256
NARINO,FUNES,VOTOS EN BLANCO,33
NARINO,FUNES,VOTOS NULOS,17
NARINO,GUACHUCAL,DE LA CALLE LOMBANA HUMBERTO,88
NARINO,GUACHUCAL,DUQUE MARQUEZ IVAN,1452
NARINO,GUACHUCAL,FAJARDO VALDERRAMA SERGIO,479
NARINO,GUACHUCAL,MORALES HOYOS VIVIANE ALEIDA,7
NARINO,GUACHUCAL,PETRO URREGO GUSTAVO FRANCISCO,4873
NARINO,GUACHUCAL,PROMOTORES VOTO EN BLANCO,15
NARINO,GUACHUCAL,TARJETAS NO MARCADAS,30
NARINO,GUACHUCAL,TRUJILLO SARMIENTO JORGE ANTONIO,9
NARINO,GUACHUCAL,VARGAS LLERAS GERMAN,208
NARINO,GUACHUCAL,VOTOS EN BLANCO,112
NARINO,GUACHUCAL,VOTOS NULOS,57
NARINO,GUAITARILLA,DE LA CALLE LOMBANA HUMBERTO,106
NARINO,GUAITARILLA,DUQUE MARQUEZ IVAN,1033
NARINO,GUAITARILLA,FAJARDO VALDERRAMA SERGIO,252
NARINO,GUAITARILLA,MORALES HOYOS VIVIANE ALEIDA,14
NARINO,GUAITARILLA,PETRO URREGO GUSTAVO FRANCISCO,2898
NARINO,GUAITARILLA,PROMOTORES VOTO EN BLANCO,10
NARINO,GUAITARILLA,TARJETAS NO MARCADAS,16
NARINO,GUAITARILLA,TRUJILLO SARMIENTO JORGE ANTONIO,14
NARINO,GUAITARILLA,VARGAS LLERAS GERMAN,155
NARINO,GUAITARILLA,VOTOS EN BLANCO,68
NARINO,GUAITARILLA,VOTOS NULOS,75
NARINO,GUALMATAN,DE LA CALLE LOMBANA HUMBERTO,20
NARINO,GUALMATAN,DUQUE MARQUEZ IVAN,550
NARINO,GUALMATAN,FAJARDO VALDERRAMA SERGIO,456
NARINO,GUALMATAN,MORALES HOYOS VIVIANE ALEIDA,11
NARINO,GUALMATAN,PETRO URREGO GUSTAVO FRANCISCO,1265
NARINO,GUALMATAN,PROMOTORES VOTO EN BLANCO,22
NARINO,GUALMATAN,TARJETAS NO MARCADAS,9
NARINO,GUALMATAN,TRUJILLO SARMIENTO JORGE ANTONIO,8
NARINO,GUALMATAN,VARGAS LLERAS GERMAN,387
NARINO,GUALMATAN,VOTOS EN BLANCO,154
NARINO,GUALMATAN,VOTOS NULOS,34
NARINO,ILES,DE LA CALLE LOMBANA HUMBERTO,48
NARINO,ILES,DUQUE MARQUEZ IVAN,689
NARINO,ILES,FAJARDO VALDERRAMA SERGIO,225
NARINO,ILES,MORALES HOYOS VIVIANE ALEIDA,3
NARINO,ILES,PETRO URREGO GUSTAVO FRANCISCO,1843
NARINO,ILES,PROMOTORES VOTO EN BLANCO,4
NARINO,ILES,TARJETAS NO MARCADAS,18
NARINO,ILES,TRUJILLO SARMIENTO JORGE ANTONIO,6
NARINO,ILES,VARGAS LLERAS GERMAN,153
NARINO,ILES,VOTOS EN BLANCO,58
NARINO,ILES,VOTOS NULOS,26
NARINO,IMUES,DE LA CALLE LOMBANA HUMBERTO,18
NARINO,IMUES,DUQUE MARQUEZ IVAN,913
NARINO,IMUES,FAJARDO VALDERRAMA SERGIO,264
NARINO,IMUES,MORALES HOYOS VIVIANE ALEIDA,5
NARINO,IMUES,PETRO URREGO GUSTAVO FRANCISCO,1236
NARINO,IMUES,PROMOTORES VOTO EN BLANCO,9
NARINO,IMUES,TARJETAS NO MARCADAS,8
NARINO,IMUES,TRUJILLO SARMIENTO JORGE ANTONIO,12
NARINO,IMUES,VARGAS LLERAS GERMAN,443
NARINO,IMUES,VOTOS EN BLANCO,84
NARINO,IMUES,VOTOS NULOS,29
NARINO,IPIALES,DE LA CALLE LOMBANA HUMBERTO,725
NARINO,IPIALES,DUQUE MARQUEZ IVAN,10812
NARINO,IPIALES,FAJARDO VALDERRAMA SERGIO,11003
NARINO,IPIALES,MORALES HOYOS VIVIANE ALEIDA,100
NARINO,IPIALES,PETRO URREGO GUSTAVO FRANCISCO,13411
NARINO,IPIALES,PROMOTORES VOTO EN BLANCO,97
NARINO,IPIALES,TARJETAS NO MARCADAS,205
NARINO,IPIALES,TRUJILLO SARMIENTO JORGE ANTONIO,131
NARINO,IPIALES,VARGAS LLERAS GERMAN,3311
NARINO,IPIALES,VOTOS EN BLANCO,1162
NARINO,IPIALES,VOTOS NULOS,901
NARINO,LA CRUZ,DE LA CALLE LOMBANA HUMBERTO,127
NARINO,LA CRUZ,DUQUE MARQUEZ IVAN,3330
NARINO,LA CRUZ,FAJARDO VALDERRAMA SERGIO,476
NARINO,LA CRUZ,MORALES HOYOS VIVIANE ALEIDA,14
NARINO,LA CRUZ,PETRO URREGO GUSTAVO FRANCISCO,2816
NARINO,LA CRUZ,PROMOTORES VOTO EN BLANCO,11
NARINO,LA CRUZ,TARJETAS NO MARCADAS,36
NARINO,LA CRUZ,TRUJILLO SARMIENTO JORGE ANTONIO,14
NARINO,LA CRUZ,VARGAS LLERAS GERMAN,219
NARINO,LA CRUZ,VOTOS EN BLANCO,135
NARINO,LA CRUZ,VOTOS NULOS,81
NARINO,LA FLORIDA,DE LA CALLE LOMBANA HUMBERTO,166
NARINO,LA FLORIDA,DUQUE MARQUEZ IVAN,1116
NARINO,LA FLORIDA,FAJARDO VALDERRAMA SERGIO,305
NARINO,LA FLORIDA,MORALES HOYOS VIVIANE ALEIDA,3
NARINO,LA FLORIDA,PETRO URREGO GUSTAVO FRANCISCO,2270
NARINO,LA FLORIDA,PROMOTORES VOTO EN BLANCO,10
NARINO,LA FLORIDA,TARJETAS NO MARCADAS,17
NARINO,LA FLORIDA,TRUJILLO SARMIENTO JORGE ANTONIO,5
NARINO,LA FLORIDA,VARGAS LLERAS GERMAN,116
NARINO,LA FLORIDA,VOTOS EN BLANCO,64
NARINO,LA FLORIDA,VOTOS NULOS,33
NARINO,LA LLANADA,DE LA CALLE LOMBANA HUMBERTO,40
NARINO,LA LLANADA,DUQUE MARQUEZ IVAN,349
NARINO,LA LLANADA,FAJARDO VALDERRAMA SERGIO,81
NARINO,LA LLANADA,MORALES HOYOS VIVIANE ALEIDA,4
NARINO,LA LLANADA,PETRO URREGO GUSTAVO FRANCISCO,1020
NARINO,LA LLANADA,PROMOTORES VOTO EN BLANCO,7
NARINO,LA LLANADA,TARJETAS NO MARCADAS,11
NARINO,LA LLANADA,TRUJILLO SARMIENTO JORGE ANTONIO,4
NARINO,LA LLANADA,VARGAS LLERAS GERMAN,102
NARINO,LA LLANADA,VOTOS EN BLANCO,48
NARINO,LA LLANADA,VOTOS NULOS,18
NARINO,LA TOLA,DE LA CALLE LOMBANA HUMBERTO,54
NARINO,LA TOLA,DUQUE MARQUEZ IVAN,266
NARINO,LA TOLA,FAJARDO VALDERRAMA SERGIO,45
NARINO,LA TOLA,MORALES HOYOS VIVIANE ALEIDA,10
NARINO,LA TOLA,PETRO URREGO GUSTAVO FRANCISCO,802
NARINO,LA TOLA,PROMOTORES VOTO EN BLANCO,2
NARINO,LA TOLA,TARJETAS NO MARCADAS,12
NARINO,LA TOLA,TRUJILLO SARMIENTO JORGE ANTONIO,14
NARINO,LA TOLA,VARGAS LLERAS GERMAN,368
NARINO,LA TOLA,VOTOS EN BLANCO,15
NARINO,LA TOLA,VOTOS NULOS,21
NARINO,LA UNION,DE LA CALLE LOMBANA HUMBERTO,169
NARINO,LA UNION,DUQUE MARQUEZ IVAN,5638
NARINO,LA UNION,FAJARDO VALDERRAMA SERGIO,843
NARINO,LA UNION,MORALES HOYOS VIVIANE ALEIDA,18
NARINO,LA UNION,PETRO URREGO GUSTAVO FRANCISCO,3771
NARINO,LA UNION,PROMOTORES VOTO EN BLANCO,30
NARINO,LA UNION,TARJETAS NO MARCADAS,67
NARINO,LA UNION,TRUJILLO SARMIENTO JORGE ANTONIO,37
NARINO,LA UNION,VARGAS LLERAS GERMAN,243
NARINO,LA UNION,VOTOS EN BLANCO,304
NARINO,LA UNION,VOTOS NULOS,175
NARINO,LEIVA,DE LA CALLE LOMBANA HUMBERTO,33
NARINO,LEIVA,DUQUE MARQUEZ IVAN,259
NARINO,LEIVA,FAJARDO VALDERRAMA SERGIO,116
NARINO,LEIVA,MORALES HOYOS VIVIANE ALEIDA,4
NARINO,LEIVA,PETRO URREGO GUSTAVO FRANCISCO,2558
NARINO,LEIVA,PROMOTORES VOTO EN BLANCO,4
NARINO,LEIVA,TARJETAS NO MARCADAS,13
NARINO,LEIVA,TRUJILLO SARMIENTO JORGE ANTONIO,4
NARINO,LEIVA,VARGAS LLERAS GERMAN,76
NARINO,LEIVA,VOTOS EN BLANCO,27
NARINO,LEIVA,VOTOS NULOS,9
NARINO,LINARES,DE LA CALLE LOMBANA HUMBERTO,55
NARINO,LINARES,DUQUE MARQUEZ IVAN,900
NARINO,LINARES,FAJARDO VALDERRAMA SERGIO,200
NARINO,LINARES,MORALES HOYOS VIVIANE ALEIDA,5
NARINO,LINARES,PETRO URREGO GUSTAVO FRANCISCO,2763
NARINO,LINARES,PROMOTORES VOTO EN BLANCO,9
NARINO,LINARES,TARJETAS NO MARCADAS,18
NARINO,LINARES,TRUJILLO SARMIENTO JORGE ANTONIO,8
NARINO,LINARES,VARGAS LLERAS GERMAN,218
NARINO,LINARES,VOTOS EN BLANCO,51
NARINO,LINARES,VOTOS NULOS,21
NARINO,LOS ANDES,DE LA CALLE LOMBANA HUMBERTO,69
NARINO,LOS ANDES,DUQUE MARQUEZ IVAN,584
NARINO,LOS ANDES,FAJARDO VALDERRAMA SERGIO,235
NARINO,LOS ANDES,MORALES HOYOS VIVIANE ALEIDA,8
NARINO,LOS ANDES,PETRO URREGO GUSTAVO FRANCISCO,2440
NARINO,LOS ANDES,PROMOTORES VOTO EN BLANCO,17
NARINO,LOS ANDES,TARJETAS NO MARCADAS,23
NARINO,LOS ANDES,TRUJILLO SARMIENTO JORGE ANTONIO,10
NARINO,LOS ANDES,VARGAS LLERAS GERMAN,482
NARINO,LOS ANDES,VOTOS EN BLANCO,104
NARINO,LOS ANDES,VOTOS NULOS,32
NARINO,MAGUI,DE LA CALLE LOMBANA HUMBERTO,49
NARINO,MAGUI,DUQUE MARQUEZ IVAN,220
NARINO,MAGUI,FAJARDO VALDERRAMA SERGIO,60
NARINO,MAGUI,MORALES HOYOS VIVIANE ALEIDA,11
NARINO,MAGUI,PETRO URREGO GUSTAVO FRANCISCO,1654
NARINO,MAGUI,PROMOTORES VOTO EN BLANCO,1
NARINO,MAGUI,TARJETAS NO MARCADAS,14
NARINO,MAGUI,TRUJILLO SARMIENTO JORGE ANTONIO,30
NARINO,MAGUI,VARGAS LLERAS GERMAN,165
NARINO,MAGUI,VOTOS EN BLANCO,28
NARINO,MAGUI,VOTOS NULOS,33
NARINO,MALLAMA,DE LA CALLE LOMBANA HUMBERTO,34
NARINO,MALLAMA,DUQUE MARQUEZ IVAN,330
NARINO,MALLAMA,FAJARDO VALDERRAMA SERGIO,154
NARINO,MALLAMA,MORALES HOYOS VIVIANE ALEIDA,4
NARINO,MALLAMA,PETRO URREGO GUSTAVO FRANCISCO,1868
NARINO,MALLAMA,PROMOTORES VOTO EN BLANCO,2
NARINO,MALLAMA,TARJETAS NO MARCADAS,20
NARINO,MALLAMA,TRUJILLO SARMIENTO JORGE ANTONIO,2
NARINO,MALLAMA,VARGAS LLERAS GERMAN,92
NARINO,MALLAMA,VOTOS EN BLANCO,63
NARINO,MALLAMA,VOTOS NULOS,25
NARINO,MOSQUERA,DE LA CALLE LOMBANA HUMBERTO,44
NARINO,MOSQUERA,DUQUE MARQUEZ IVAN,130
NARINO,MOSQUERA,FAJARDO VALDERRAMA SERGIO,79
NARINO,MOSQUERA,MORALES HOYOS VIVIANE ALEIDA,9
NARINO,MOSQUERA,PETRO URREGO GUSTAVO FRANCISCO,1680
NARINO,MOSQUERA,PROMOTORES VOTO EN BLANCO,4
NARINO,MOSQUERA,TARJETAS NO MARCADAS,6
NARINO,MOSQUERA,TRUJILLO SARMIENTO JORGE ANTONIO,7
NARINO,MOSQUERA,VARGAS LLERAS GERMAN,114
NARINO,MOSQUERA,VOTOS EN BLANCO,30
NARINO,MOSQUERA,VOTOS NULOS,25
NARINO,NARINO,DE LA CALLE LOMBANA HUMBERTO,35
NARINO,NARINO,DUQUE MARQUEZ IVAN,860
NARINO,NARINO,FAJARDO VALDERRAMA SERGIO,370
NARINO,NARINO,MORALES HOYOS VIVIANE ALEIDA,3
NARINO,NARINO,PETRO URREGO GUSTAVO FRANCISCO,1161
NARINO,NARINO,PROMOTORES VOTO EN BLANCO,12
NARINO,NARINO,TARJETAS NO MARCADAS,12
NARINO,NARINO,TRUJILLO SARMIENTO JORGE ANTONIO,4
NARINO,NARINO,VARGAS LLERAS GERMAN,141
NARINO,NARINO,VOTOS EN BLANCO,72
NARINO,NARINO,VOTOS NULOS,53
NARINO,OLAYA HERRERA,DE LA CALLE LOMBANA HUMBERTO,159
NARINO,OLAYA HERRERA,DUQUE MARQUEZ IVAN,474
NARINO,OLAYA HERRERA,FAJARDO VALDERRAMA SERGIO,85
NARINO,OLAYA HERRERA,MORALES HOYOS VIVIANE ALEIDA,21
NARINO,OLAYA HERRERA,PETRO URREGO GUSTAVO FRANCISCO,3179
NARINO,OLAYA HERRERA,PROMOTORES VOTO EN BLANCO,15
NARINO,OLAYA HERRERA,TARJETAS NO MARCADAS,19
NARINO,OLAYA HERRERA,TRUJILLO SARMIENTO JORGE ANTONIO,19
NARINO,OLAYA HERRERA,VARGAS LLERAS GERMAN,433
NARINO,OLAYA HERRERA,VOTOS EN BLANCO,59
NARINO,OLAYA HERRERA,VOTOS NULOS,81
NARINO,OSPINA,DE LA CALLE LOMBANA HUMBERTO,81
NARINO,OSPINA,DUQUE MARQUEZ IVAN,869
NARINO,OSPINA,FAJARDO VALDERRAMA SERGIO,185
NARINO,OSPINA,MORALES HOYOS VIVIANE ALEIDA,2
NARINO,OSPINA,PETRO URREGO GUSTAVO FRANCISCO,740
NARINO,OSPINA,PROMOTORES VOTO EN BLANCO,8
NARINO,OSPINA,TARJETAS NO MARCADAS,16
NARINO,OSPINA,TRUJILLO SARMIENTO JORGE ANTONIO,5
NARINO,OSPINA,VARGAS LLERAS GERMAN,158
NARINO,OSPINA,VOTOS EN BLANCO,99
NARINO,OSPINA,VOTOS NULOS,23
NARINO,PASTO,DE LA CALLE LOMBANA HUMBERTO,4329
NARINO,PASTO,DUQUE MARQUEZ IVAN,35329
NARINO,PASTO,FAJARDO VALDERRAMA SERGIO,37485
NARINO,PASTO,MORALES HOYOS VIVIANE ALEIDA,280
NARINO,PASTO,PETRO URREGO GUSTAVO FRANCISCO,71476
NARINO,PASTO,PROMOTORES VOTO EN BLANCO,261
NARINO,PASTO,TARJETAS NO MARCADAS,335
NARINO,PASTO,TRUJILLO SARMIENTO JORGE ANTONIO,347
NARINO,PASTO,VARGAS LLERAS GERMAN,9280
NARINO,PASTO,VOTOS EN BLANCO,4148
NARINO,PASTO,VOTOS NULOS,2619
NARINO,POLICARPA,DE LA CALLE LOMBANA HUMBERTO,54
NARINO,POLICARPA,DUQUE MARQUEZ IVAN,191
NARINO,POLICARPA,FAJARDO VALDERRAMA SERGIO,116
NARINO,POLICARPA,MORALES HOYOS VIVIANE ALEIDA,7
NARINO,POLICARPA,PETRO URREGO GUSTAVO FRANCISCO,3860
NARINO,POLICARPA,PROMOTORES VOTO EN BLANCO,4
NARINO,POLICARPA,TARJETAS NO MARCADAS,15
NARINO,POLICARPA,TRUJILLO SARMIENTO JORGE ANTONIO,2
NARINO,POLICARPA,VARGAS LLERAS GERMAN,80
NARINO,POLICARPA,VOTOS EN BLANCO,43
NARINO,POLICARPA,VOTOS NULOS,19
NARINO,POTOSI,DE LA CALLE LOMBANA HUMBERTO,40
NARINO,POTOSI,DUQUE MARQUEZ IVAN,1355
NARINO,POTOSI,FAJARDO VALDERRAMA SERGIO,934
NARINO,POTOSI,MORALES HOYOS VIVIANE ALEIDA,7
NARINO,POTOSI,PETRO URREGO GUSTAVO FRANCISCO,1360
NARINO,POTOSI,PROMOTORES VOTO EN BLANCO,16
NARINO,POTOSI,TARJETAS NO MARCADAS,26
NARINO,POTOSI,TRUJILLO SARMIENTO JORGE ANTONIO,7
NARINO,POTOSI,VARGAS LLERAS GERMAN,220
NARINO,POTOSI,VOTOS EN BLANCO,109
NARINO,POTOSI,VOTOS NULOS,45
NARINO,PROVIDENCIA,DE LA CALLE LOMBANA HUMBERTO,8
NARINO,PROVIDENCIA,DUQUE MARQUEZ IVAN,143
NARINO,PROVIDENCIA,FAJARDO VALDERRAMA SERGIO,82
NARINO,PROVIDENCIA,MORALES HOYOS VIVIANE ALEIDA,3
NARINO,PROVIDENCIA,PETRO URREGO GUSTAVO FRANCISCO,1657
NARINO,PROVIDENCIA,TARJETAS NO MARCADAS,17
NARINO,PROVIDENCIA,TRUJILLO SARMIENTO JORGE ANTONIO,2
NARINO,PROVIDENCIA,VARGAS LLERAS GERMAN,186
NARINO,PROVIDENCIA,VOTOS EN BLANCO,38
NARINO,PROVIDENCIA,VOTOS NULOS,8
NARINO,PUERRES,DE LA CALLE LOMBANA HUMBERTO,32
NARINO,PUERRES,DUQUE MARQUEZ IVAN,1072
NARINO,PUERRES,FAJARDO VALDERRAMA SERGIO,421
NARINO,PUERRES,MORALES HOYOS VIVIANE ALEIDA,3
NARINO,PUERRES,PETRO URREGO GUSTAVO FRANCISCO,2100
NARINO,PUERRES,PROMOTORES VOTO EN BLANCO,10
NARINO,PUERRES,TARJETAS NO MARCADAS,11
NARINO,PUERRES,TRUJILLO SARMIENTO JORGE ANTONIO,4
NARINO,PUERRES,VARGAS LLERAS GERMAN,433
NARINO,PUERRES,VOTOS EN BLANCO,95
NARINO,PUERRES,VOTOS NULOS,59
NARINO,PUPIALES,DE LA CALLE LOMBANA HUMBERTO,90
NARINO,PUPIALES,DUQUE MARQUEZ IVAN,2293
NARINO,PUPIALES,FAJARDO VALDERRAMA SERGIO,1684
NARINO,PUPIALES,MORALES HOYOS VIVIANE ALEIDA,16
NARINO,PUPIALES,PETRO URREGO GUSTAVO FRANCISCO,2325
NARINO,PUPIALES,PROMOTORES VOTO EN BLANCO,17
NARINO,PUPIALES,TARJETAS NO MARCADAS,44
NARINO,PUPIALES,TRUJILLO SARMIENTO JORGE ANTONIO,15
NARINO,PUPIALES,VARGAS LLERAS GERMAN,294
NARINO,PUPIALES,VOTOS EN BLANCO,276
NARINO,PUPIALES,VOTOS NULOS,168
NARINO,RICAURTE,DE LA CALLE LOMBANA HUMBERTO,79
NARINO,RICAURTE,DUQUE MARQUEZ IVAN,659
NARINO,RICAURTE,FAJARDO VALDERRAMA SERGIO,335
NARINO,RICAURTE,MORALES HOYOS VIVIANE ALEIDA,3
NARINO,RICAURTE,PETRO URREGO GUSTAVO FRANCISCO,3182
NARINO,RICAURTE,PROMOTORES VOTO EN BLANCO,16
NARINO,RICAURTE,TARJETAS NO MARCADAS,59
NARINO,RICAURTE,TRUJILLO SARMIENTO JORGE ANTONIO,19
NARINO,RICAURTE,VARGAS LLERAS GERMAN,141
NARINO,RICAURTE,VOTOS EN BLANCO,65
NARINO,RICAURTE,VOTOS NULOS,60
NARINO,ROBERTO PAYAN,DE LA CALLE LOMBANA HUMBERTO,55
NARINO,ROBERTO PAYAN,DUQUE MARQUEZ IVAN,247
NARINO,ROBERTO PAYAN,FAJARDO VALDERRAMA SERGIO,47
NARINO,ROBERTO PAYAN,MORALES HOYOS VIVIANE ALEIDA,6
NARINO,ROBERTO PAYAN,PETRO URREGO GUSTAVO FRANCISCO,1965
NARINO,ROBERTO PAYAN,PROMOTORES VOTO EN BLANCO,3
NARINO,ROBERTO PAYAN,TARJETAS NO MARCADAS,20
NARINO,ROBERTO PAYAN,TRUJILLO SARMIENTO JORGE ANTONIO,11
NARINO,ROBERTO PAYAN,VARGAS LLERAS GERMAN,256
NARINO,ROBERTO PAYAN,VOTOS EN BLANCO,41
NARINO,ROBERTO PAYAN,VOTOS NULOS,39
NARINO,SAMANIEGO,DE LA CALLE LOMBANA HUMBERTO,96
NARINO,SAMANIEGO,DUQUE MARQUEZ IVAN,1033
NARINO,SAMANIEGO,FAJARDO VALDERRAMA SERGIO,490
NARINO,SAMANIEGO,MORALES HOYOS VIVIANE ALEIDA,11
NARINO,SAMANIEGO,PETRO URREGO GUSTAVO FRANCISCO,6783
NARINO,SAMANIEGO,PROMOTORES VOTO EN BLANCO,15
NARINO,SAMANIEGO,TARJETAS NO MARCADAS,37
NARINO,SAMANIEGO,TRUJILLO SARMIENTO JORGE ANTONIO,20
NARINO,SAMANIEGO,VARGAS LLERAS GERMAN,326
NARINO,SAMANIEGO,VOTOS EN BLANCO,99
NARINO,SAMANIEGO,VOTOS NULOS,86
NARINO,SAN ANDRES DE TUMACO,DE LA CALLE LOMBANA HUMBERTO,843
NARINO,SAN ANDRES DE TUMACO,DUQUE MARQUEZ IVAN,15530
NARINO,SAN ANDRES DE TUMACO,FAJARDO VALDERRAMA SERGIO,2196
NARINO,SAN ANDRES DE TUMACO,MORALES HOYOS VIVIANE ALEIDA,156
NARINO,SAN ANDRES DE TUMACO,PETRO URREGO GUSTAVO FRANCISCO,13707
NARINO,SAN ANDRES DE TUMACO,PROMOTORES VOTO EN BLANCO,108
NARINO,SAN ANDRES DE TUMACO,TARJETAS NO MARCADAS,291
NARINO,SAN ANDRES DE TUMACO,TRUJILLO SARMIENTO JORGE ANTONIO,159
NARINO,SAN ANDRES DE TUMACO,VARGAS LLERAS GERMAN,13124
NARINO,SAN ANDRES DE TUMACO,VOTOS EN BLANCO,834
NARINO,SAN ANDRES DE TUMACO,VOTOS NULOS,865
NARINO,SAN BERNARDO,DE LA CALLE LOMBANA HUMBERTO,12
NARINO,SAN BERNARDO,DUQUE MARQUEZ IVAN,2132
NARINO,SAN BERNARDO,FAJARDO VALDERRAMA SERGIO,203
NARINO,SAN BERNARDO,MORALES HOYOS VIVIANE ALEIDA,4
NARINO,SAN BERNARDO,PETRO URREGO GUSTAVO FRANCISCO,1137
NARINO,SAN BERNARDO,PROMOTORES VOTO EN BLANCO,9
NARINO,SAN BERNARDO,TARJETAS NO MARCADAS,15
NARINO,SAN BERNARDO,TRUJILLO SARMIENTO JORGE ANTONIO,12
NARINO,SAN BERNARDO,VARGAS LLERAS GERMAN,125
NARINO,SAN BERNARDO,VOTOS EN BLANCO,55
NARINO,SAN BERNARDO,VOTOS NULOS,20
NARINO,SAN LORENZO,DE LA CALLE LOMBANA HUMBERTO,83
NARINO,SAN LORENZO,DUQUE MARQUEZ IVAN,2149
NARINO,SAN LORENZO,FAJARDO VALDERRAMA SERGIO,251
NARINO,SAN LORENZO,MORALES HOYOS VIVIANE ALEIDA,13
NARINO,SAN LORENZO,PETRO URREGO GUSTAVO FRANCISCO,2871
NARINO,SAN LORENZO,PROMOTORES VOTO EN BLANCO,21
NARINO,SAN LORENZO,TARJETAS NO MARCADAS,58
NARINO,SAN LORENZO,TRUJILLO SARMIENTO JORGE ANTONIO,11
NARINO,SAN LORENZO,VARGAS LLERAS GERMAN,267
NARINO,SAN LORENZO,VOTOS EN BLANCO,150
NARINO,SAN LORENZO,VOTOS NULOS,116
NARINO,SAN PABLO,DE LA CALLE LOMBANA HUMBERTO,46
NARINO,SAN PABLO,DUQUE MARQUEZ IVAN,1221
NARINO,SAN PABLO,FAJARDO VALDERRAMA SERGIO,278
NARINO,SAN PABLO,MORALES HOYOS VIVIANE ALEIDA,2
NARINO,SAN PABLO,PETRO URREGO GUSTAVO FRANCISCO,3525
NARINO,SAN PABLO,PROMOTORES VOTO EN BLANCO,11
NARINO,SAN PABLO,TARJETAS NO MARCADAS,32
NARINO,SAN PABLO,TRUJILLO SARMIENTO JORGE ANTONIO,5
NARINO,SAN PABLO,VARGAS LLERAS GERMAN,98
NARINO,SAN PABLO,VOTOS EN BLANCO,67
NARINO,SAN PABLO,VOTOS NULOS,47
NARINO,SAN PEDRO DE CARTAGO,DE LA CALLE LOMBANA HUMBERTO,35
NARINO,SAN PEDRO DE CARTAGO,DUQUE MARQUEZ IVAN,1951
NARINO,SAN PEDRO DE CARTAGO,FAJARDO VALDERRAMA SERGIO,134
NARINO,SAN PEDRO DE CARTAGO,MORALES HOYOS VIVIANE ALEIDA,10
NARINO,SAN PEDRO DE CARTAGO,PETRO URREGO GUSTAVO FRANCISCO,725
NARINO,SAN PEDRO DE CARTAGO,PROMOTORES VOTO EN BLANCO,4
NARINO,SAN PEDRO DE CARTAGO,TARJETAS NO MARCADAS,32
NARINO,SAN PEDRO DE CARTAGO,TRUJILLO SARMIENTO JORGE ANTONIO,4
NARINO,SAN PEDRO DE CARTAGO,VARGAS LLERAS GERMAN,52
NARINO,SAN PEDRO DE CARTAGO,VOTOS EN BLANCO,55
NARINO,SAN PEDRO DE CARTAGO,VOTOS NULOS,27
NARINO,SANDONA,DE LA CALLE LOMBANA HUMBERTO,169
NARINO,SANDONA,DUQUE MARQUEZ IVAN,1426
NARINO,SANDONA,FAJARDO VALDERRAMA SERGIO,941
NARINO,SANDONA,MORALES HOYOS VIVIANE ALEIDA,7
NARINO,SANDONA,PETRO URREGO GUSTAVO FRANCISCO,3472
NARINO,SANDONA,PROMOTORES VOTO EN BLANCO,16
NARINO,SANDONA,TARJETAS NO MARCADAS,28
NARINO,SANDONA,TRUJILLO SARMIENTO JORGE ANTONIO,17
NARINO,SANDONA,VARGAS LLERAS GERMAN,1398
NARINO,SANDONA,VOTOS EN BLANCO,132
NARINO,SANDONA,VOTOS NULOS,59
NARINO,SANTA BARBARA,DE LA CALLE LOMBANA HUMBERTO,40
NARINO,SANTA BARBARA,DUQUE MARQUEZ IVAN,457
NARINO,SANTA BARBARA,FAJARDO VALDERRAMA SERGIO,62
NARINO,SANTA BARBARA,MORALES HOYOS VIVIANE ALEIDA,5
NARINO,SANTA BARBARA,PETRO URREGO GUSTAVO FRANCISCO,775
NARINO,SANTA BARBARA,PROMOTORES VOTO EN BLANCO,1
NARINO,SANTA BARBARA,TARJETAS NO MARCADAS,19
NARINO,SANTA BARBARA,TRUJILLO SARMIENTO JORGE ANTONIO,12
NARINO,SANTA BARBARA,VARGAS LLERAS GERMAN,190
NARINO,SANTA BARBARA,VOTOS EN BLANCO,23
NARINO,SANTA BARBARA,VOTOS NULOS,16
NARINO,SANTACRUZ,DE LA CALLE LOMBANA HUMBERTO,71
NARINO,SANTACRUZ,DUQUE MARQUEZ IVAN,250
NARINO,SANTACRUZ,FAJARDO VALDERRAMA SERGIO,123
NARINO,SANTACRUZ,MORALES HOYOS VIVIANE ALEIDA,6
NARINO,SANTACRUZ,PETRO URREGO GUSTAVO FRANCISCO,1995
NARINO,SANTACRUZ,PROMOTORES VOTO EN BLANCO,10
NARINO,SANTACRUZ,TARJETAS NO MARCADAS,15
NARINO,SANTACRUZ,TRUJILLO SARMIENTO JORGE ANTONIO,4
NARINO,SANTACRUZ,VARGAS LLERAS GERMAN,67
NARINO,SANTACRUZ,VOTOS EN BLANCO,43
NARINO,SANTACRUZ,VOTOS NULOS,13
NARINO,SAPUYES,DE LA CALLE LOMBANA HUMBERTO,29
NARINO,SAPUYES,DUQUE MARQUEZ IVAN,737
NARINO,SAPUYES,FAJARDO VALDERRAMA SERGIO,188
NARINO,SAPUYES,MORALES HOYOS VIVIANE ALEIDA,3
NARINO,SAPUYES,PETRO URREGO GUSTAVO FRANCISCO,1208
NARINO,SAPUYES,PROMOTORES VOTO EN BLANCO,6
NARINO,SAPUYES,TARJETAS NO MARCADAS,6
NARINO,SAPUYES,TRUJILLO SARMIENTO JORGE ANTONIO,11
NARINO,SAPUYES,VARGAS LLERAS GERMAN,215
NARINO,SAPUYES,VOTOS EN BLANCO,55
NARINO,SAPUYES,VOTOS NULOS,11
NARINO,TAMINANGO,DE LA CALLE LOMBANA HUMBERTO,139
NARINO,TAMINANGO,DUQUE MARQUEZ IVAN,898
NARINO,TAMINANGO,FAJARDO VALDERRAMA SERGIO,172
NARINO,TAMINANGO,MORALES HOYOS VIVIANE ALEIDA,6
NARINO,TAMINANGO,PETRO URREGO GUSTAVO FRANCISCO,5283
NARINO,TAMINANGO,PROMOTORES VOTO EN BLANCO,9
NARINO,TAMINANGO,TARJETAS NO MARCADAS,22
NARINO,TAMINANGO,TRUJILLO SARMIENTO JORGE ANTONIO,3
NARINO,TAMINANGO,VARGAS LLERAS GERMAN,101
NARINO,TAMINANGO,VOTOS EN BLANCO,97
NARINO,TAMINANGO,VOTOS NULOS,44
NARINO,TANGUA,DE LA CALLE LOMBANA HUMBERTO,308
NARINO,TANGUA,DUQUE MARQUEZ IVAN,1007
NARINO,TANGUA,FAJARDO VALDERRAMA SERGIO,402
NARINO,TANGUA,MORALES HOYOS VIVIANE ALEIDA,15
NARINO,TANGUA,PETRO URREGO GUSTAVO FRANCISCO,1533
NARINO,TANGUA,PROMOTORES VOTO EN BLANCO,5
NARINO,TANGUA,TARJETAS NO MARCADAS,20
NARINO,TANGUA,TRUJILLO SARMIENTO JORGE ANTONIO,8
NARINO,TANGUA,VARGAS LLERAS GERMAN,515
NARINO,TANGUA,VOTOS EN BLANCO,90
NARINO,TANGUA,VOTOS NULOS,64
NARINO,TUQUERRES,DE LA CALLE LOMBANA HUMBERTO,253
NARINO,TUQUERRES,DUQUE MARQUEZ IVAN,3171
NARINO,TUQUERRES,FAJARDO VALDERRAMA SERGIO,1610
NARINO,TUQUERRES,MORALES HOYOS VIVIANE ALEIDA,28
NARINO,TUQUERRES,PETRO URREGO GUSTAVO FRANCISCO,8783
NARINO,TUQUERRES,PROMOTORES VOTO EN BLANCO,33
NARINO,TUQUERRES,TARJETAS NO MARCADAS,84
NARINO,TUQUERRES,TRUJILLO SARMIENTO JORGE ANTONIO,40
NARINO,TUQUERRES,VARGAS LLERAS GERMAN,1206
NARINO,TUQUERRES,VOTOS EN BLANCO,441
NARINO,TUQUERRES,VOTOS NULOS,335
NARINO,YACUANQUER,DE LA CALLE LOMBANA HUMBERTO,66
NARINO,YACUANQUER,DUQUE MARQUEZ IVAN,928
NARINO,YACUANQUER,FAJARDO VALDERRAMA SERGIO,272
NARINO,YACUANQUER,MORALES HOYOS VIVIANE ALEIDA,3
NARINO,YACUANQUER,PETRO URREGO GUSTAVO FRANCISCO,2143
NARINO,YACUANQUER,PROMOTORES VOTO EN BLANCO,1
NARINO,YACUANQUER,TARJETAS NO MARCADAS,38
NARINO,YACUANQUER,TRUJILLO SARMIENTO JORGE ANTONIO,9
NARINO,YACUANQUER,VARGAS LLERAS GERMAN,667
NARINO,YACUANQUER,VOTOS EN BLANCO,129
NARINO,YACUANQUER,VOTOS NULOS,98
NORTE DE SANTANDER,ABREGO,DE LA CALLE LOMBANA HUMBERTO,63
NORTE DE SANTANDER,ABREGO,DUQUE MARQUEZ IVAN,8635
NORTE DE SANTANDER,ABREGO,FAJARDO VALDERRAMA SERGIO,895
NORTE DE SANTANDER,ABREGO,MORALES HOYOS VIVIANE ALEIDA,14
NORTE DE SANTANDER,ABREGO,PETRO URREGO GUSTAVO FRANCISCO,877
NORTE DE SANTANDER,ABREGO,PROMOTORES VOTO EN BLANCO,13
NORTE DE SANTANDER,ABREGO,TARJETAS NO MARCADAS,29
NORTE DE SANTANDER,ABREGO,TRUJILLO SARMIENTO JORGE ANTONIO,17
NORTE DE SANTANDER,ABREGO,VARGAS LLERAS GERMAN,614
NORTE DE SANTANDER,ABREGO,VOTOS EN BLANCO,86
NORTE DE SANTANDER,ABREGO,VOTOS NULOS,67
NORTE DE SANTANDER,ARBOLEDAS,DE LA CALLE LOMBANA HUMBERTO,14
NORTE DE SANTANDER,ARBOLEDAS,DUQUE MARQUEZ IVAN,2871
NORTE DE SANTANDER,ARBOLEDAS,FAJARDO VALDERRAMA SERGIO,187
NORTE DE SANTANDER,ARBOLEDAS,MORALES HOYOS VIVIANE ALEIDA,6
NORTE DE SANTANDER,ARBOLEDAS,PETRO URREGO GUSTAVO FRANCISCO,106
NORTE DE SANTANDER,ARBOLEDAS,PROMOTORES VOTO EN BLANCO,1
NORTE DE SANTANDER,ARBOLEDAS,TARJETAS NO MARCADAS,21
NORTE DE SANTANDER,ARBOLEDAS,TRUJILLO SARMIENTO JORGE ANTONIO,2
NORTE DE SANTANDER,ARBOLEDAS,VARGAS LLERAS GERMAN,847
NORTE DE SANTANDER,ARBOLEDAS,VOTOS EN BLANCO,41
NORTE DE SANTANDER,ARBOLEDAS,VOTOS NULOS,38
NORTE DE SANTANDER,BOCHALEMA,DE LA CALLE LOMBANA HUMBERTO,229
NORTE DE SANTANDER,BOCHALEMA,DUQUE MARQUEZ IVAN,2829
NORTE DE SANTANDER,BOCHALEMA,FAJARDO VALDERRAMA SERGIO,459
NORTE DE SANTANDER,BOCHALEMA,MORALES HOYOS VIVIANE ALEIDA,4
NORTE DE SANTANDER,BOCHALEMA,PETRO URREGO GUSTAVO FRANCISCO,157
NORTE DE SANTANDER,BOCHALEMA,PROMOTORES VOTO EN BLANCO,2
NORTE DE SANTANDER,BOCHALEMA,TARJETAS NO MARCADAS,9
NORTE DE SANTANDER,BOCHALEMA,TRUJILLO SARMIENTO JORGE ANTONIO,6
NORTE DE SANTANDER,BOCHALEMA,VARGAS LLERAS GERMAN,341
NORTE DE SANTANDER,BOCHALEMA,VOTOS EN BLANCO,31
NORTE DE SANTANDER,BOCHALEMA,VOTOS NULOS,27
NORTE DE SANTANDER,BUCARASICA,DE LA CALLE LOMBANA HUMBERTO,11
NORTE DE SANTANDER,BUCARASICA,DUQUE MARQUEZ IVAN,1668
NORTE DE SANTANDER,BUCARASICA,FAJARDO VALDERRAMA SERGIO,116
NORTE DE SANTANDER,BUCARASICA,MORALES HOYOS VIVIANE ALEIDA,5
NORTE DE SANTANDER,BUCARASICA,PETRO URREGO GUSTAVO FRANCISCO,66
NORTE DE SANTANDER,BUCARASICA,PROMOTORES VOTO EN BLANCO,3
NORTE DE SANTANDER,BUCARASICA,TARJETAS NO MARCADAS,14
NORTE DE SANTANDER,BUCARASICA,TRUJILLO SARMIENTO JORGE ANTONIO,7
NORTE DE SANTANDER,BUCARASICA,VARGAS LLERAS GERMAN,204
NORTE DE SANTANDER,BUCARASICA,VOTOS EN BLANCO,26
NORTE DE SANTANDER,BUCARASICA,VOTOS NULOS,26
NORTE DE SANTANDER,CACHIRA,DE LA CALLE LOMBANA HUMBERTO,14
NORTE DE SANTANDER,CACHIRA,DUQUE MARQUEZ IVAN,3470
NORTE DE SANTANDER,CACHIRA,FAJARDO VALDERRAMA SERGIO,294
NORTE DE SANTANDER,CACHIRA,MORALES HOYOS VIVIANE ALEIDA,6
NORTE DE SANTANDER,CACHIRA,PETRO URREGO GUSTAVO FRANCISCO,120
NORTE DE SANTANDER,CACHIRA,PROMOTORES VOTO EN BLANCO,3
NORTE DE SANTANDER,CACHIRA,TARJETAS NO MARCADAS,14
NORTE DE SANTANDER,CACHIRA,TRUJILLO SARMIENTO JORGE ANTONIO,1
NORTE DE SANTANDER,CACHIRA,VARGAS LLERAS GERMAN,121
NORTE DE SANTANDER,CACHIRA,VOTOS EN BLANCO,32
NORTE DE SANTANDER,CACHIRA,VOTOS NULOS,20
NORTE DE SANTANDER,CACOTA,DE LA CALLE LOMBANA HUMBERTO,94
NORTE DE SANTANDER,CACOTA,DUQUE MARQUEZ IVAN,1078
NORTE DE SANTANDER,CACOTA,FAJARDO VALDERRAMA SERGIO,124
NORTE DE SANTANDER,CACOTA,MORALES HOYOS VIVIANE ALEIDA,1
NORTE DE SANTANDER,CACOTA,PETRO URREGO GUSTAVO FRANCISCO,36
NORTE DE SANTANDER,CACOTA,TARJETAS NO MARCADAS,3
NORTE DE SANTANDER,CACOTA,TRUJILLO SARMIENTO JORGE ANTONIO,1
NORTE DE SANTANDER,CACOTA,VARGAS LLERAS GERMAN,73
NORTE DE SANTANDER,CACOTA,VOTOS EN BLANCO,8
NORTE DE SANTANDER,CACOTA,VOTOS NULOS,4
NORTE DE SANTANDER,CHINACOTA,DE LA CALLE LOMBANA HUMBERTO,52
NORTE DE SANTANDER,CHINACOTA,DUQUE MARQUEZ IVAN,5242
NORTE DE SANTANDER,CHINACOTA,FAJARDO VALDERRAMA SERGIO,1575
NORTE DE SANTANDER,CHINACOTA,MORALES HOYOS VIVIANE ALEIDA,10
NORTE DE SANTANDER,CHINACOTA,PETRO URREGO GUSTAVO FRANCISCO,543
NORTE DE SANTANDER,CHINACOTA,PROMOTORES VOTO EN BLANCO,7
NORTE DE SANTANDER,CHINACOTA,TARJETAS NO MARCADAS,23
NORTE DE SANTANDER,CHINACOTA,TRUJILLO SARMIENTO JORGE ANTONIO,12
NORTE DE SANTANDER,CHINACOTA,VARGAS LLERAS GERMAN,628
NORTE DE SANTANDER,CHINACOTA,VOTOS EN BLANCO,98
NORTE DE SANTANDER,CHINACOTA,VOTOS NULOS,90
NORTE DE SANTANDER,CHITAGA,DE LA CALLE LOMBANA HUMBERTO,37
NORTE DE SANTANDER,CHITAGA,DUQUE MARQUEZ IVAN,3688
NORTE DE SANTANDER,CHITAGA,FAJARDO VALDERRAMA SERGIO,484
NORTE DE SANTANDER,CHITAGA,MORALES HOYOS VIVIANE ALEIDA,17
NORTE DE SANTANDER,CHITAGA,PETRO URREGO GUSTAVO FRANCISCO,203
NORTE DE SANTANDER,CHITAGA,PROMOTORES VOTO EN BLANCO,2
NORTE DE SANTANDER,CHITAGA,TARJETAS NO MARCADAS,16
NORTE DE SANTANDER,CHITAGA,TRUJILLO SARMIENTO JORGE ANTONIO,14
NORTE DE SANTANDER,CHITAGA,VARGAS LLERAS GERMAN,386
NORTE DE SANTANDER,CHITAGA,VOTOS EN BLANCO,29
NORTE DE SANTANDER,CHITAGA,VOTOS NULOS,44
NORTE DE SANTANDER,CONVENCION,DE LA CALLE LOMBANA HUMBERTO,61
NORTE DE SANTANDER,CONVENCION,DUQUE MARQUEZ IVAN,1884
NORTE DE SANTANDER,CONVENCION,FAJARDO VALDERRAMA SERGIO,549
NORTE DE SANTANDER,CONVENCION,MORALES HOYOS VIVIANE ALEIDA,5
NORTE DE SANTANDER,CONVENCION,PETRO URREGO GUSTAVO FRANCISCO,1246
NORTE DE SANTANDER,CONVENCION,PROMOTORES VOTO EN BLANCO,5
NORTE DE SANTANDER,CONVENCION,TARJETAS NO MARCADAS,33
NORTE DE SANTANDER,CONVENCION,TRUJILLO SARMIENTO JORGE ANTONIO,24
NORTE DE SANTANDER,CONVENCION,VARGAS LLERAS GERMAN,680
NORTE DE SANTANDER,CONVENCION,VOTOS EN BLANCO,95
NORTE DE SANTANDER,CONVENCION,VOTOS NULOS,54
NORTE DE SANTANDER,CUCUTILLA,DE LA CALLE LOMBANA HUMBERTO,22
NORTE DE SANTANDER,CUCUTILLA,DUQUE MARQUEZ IVAN,2649
NORTE DE SANTANDER,CUCUTILLA,FAJARDO VALDERRAMA SERGIO,258
NORTE DE SANTANDER,CUCUTILLA,MORALES HOYOS VIVIANE ALEIDA,16
NORTE DE SANTANDER,CUCUTILLA,PETRO URREGO GUSTAVO FRANCISCO,216
NORTE DE SANTANDER,CUCUTILLA,PROMOTORES VOTO EN BLANCO,5
NORTE DE SANTANDER,CUCUTILLA,TARJETAS NO MARCADAS,37
NORTE DE SANTANDER,CUCUTILLA,TRUJILLO SARMIENTO JORGE ANTONIO,7
NORTE DE SANTANDER,CUCUTILLA,VARGAS LLERAS GERMAN,380
NORTE DE SANTANDER,CUCUTILLA,VOTOS EN BLANCO,43
NORTE DE SANTANDER,CUCUTILLA,VOTOS NULOS,56
NORTE DE SANTANDER,DURANIA,DE LA CALLE LOMBANA HUMBERTO,28
NORTE DE SANTANDER,DURANIA,DUQUE MARQUEZ IVAN,1417
NORTE DE SANTANDER,DURANIA,FAJARDO VALDERRAMA SERGIO,220
NORTE DE SANTANDER,DURANIA,MORALES HOYOS VIVIANE ALEIDA,5
NORTE DE SANTANDER,DURANIA,PETRO URREGO GUSTAVO FRANCISCO,64
NORTE DE SANTANDER,DURANIA,PROMOTORES VOTO EN BLANCO,2
NORTE DE SANTANDER,DURANIA,TARJETAS NO MARCADAS,5
NORTE DE SANTANDER,DURANIA,VARGAS LLERAS GERMAN,761
NORTE DE SANTANDER,DURANIA,VOTOS EN BLANCO,18
NORTE DE SANTANDER,DURANIA,VOTOS NULOS,25
NORTE DE SANTANDER,EL CARMEN,DE LA CALLE LOMBANA HUMBERTO,60
NORTE DE SANTANDER,EL CARMEN,DUQUE MARQUEZ IVAN,2523
NORTE DE SANTANDER,EL CARMEN,FAJARDO VALDERRAMA SERGIO,250
NORTE DE SANTANDER,EL CARMEN,MORALES HOYOS VIVIANE ALEIDA,6
NORTE DE SANTANDER,EL CARMEN,PETRO URREGO GUSTAVO FRANCISCO,628
NORTE DE SANTANDER,EL CARMEN,PROMOTORES VOTO EN BLANCO,5
NORTE DE SANTANDER,EL CARMEN,TARJETAS NO MARCADAS,19
NORTE DE SANTANDER,EL CARMEN,TRUJILLO SARMIENTO JORGE ANTONIO,8
NORTE DE SANTANDER,EL CARMEN,VARGAS LLERAS GERMAN,310
NORTE DE SANTANDER,EL CARMEN,VOTOS EN BLANCO,47
NORTE DE SANTANDER,EL CARMEN,VOTOS NULOS,43
NORTE DE SANTANDER,EL TARRA,DE LA CALLE LOMBANA HUMBERTO,59
NORTE DE SANTANDER,EL TARRA,DUQUE MARQUEZ IVAN,434
NORTE DE SANTANDER,EL TARRA,FAJARDO VALDERRAMA SERGIO,384
NORTE DE SANTANDER,EL TARRA,MORALES HOYOS VIVIANE ALEIDA,7
NORTE DE SANTANDER,EL TARRA,PETRO URREGO GUSTAVO FRANCISCO,3230
NORTE DE SANTANDER,EL TARRA,PROMOTORES VOTO EN BLANCO,7
NORTE DE SANTANDER,EL TARRA,TARJETAS NO MARCADAS,30
NORTE DE SANTANDER,EL TARRA,TRUJILLO SARMIENTO JORGE ANTONIO,8
NORTE DE SANTANDER,EL TARRA,VARGAS LLERAS GERMAN,141
NORTE DE SANTANDER,EL TARRA,VOTOS EN BLANCO,82
NORTE DE SANTANDER,EL TARRA,VOTOS NULOS,59
NORTE DE SANTANDER,EL ZULIA,DE LA CALLE LOMBANA HUMBERTO,141
NORTE DE SANTANDER,EL ZULIA,DUQUE MARQUEZ IVAN,7377
NORTE DE SANTANDER,EL ZULIA,FAJARDO VALDERRAMA SERGIO,1273
NORTE DE SANTANDER,EL ZULIA,MORALES HOYOS VIVIANE ALEIDA,17
NORTE DE SANTANDER,EL ZULIA,PETRO URREGO GUSTAVO FRANCISCO,673
NORTE DE SANTANDER,EL ZULIA,PROMOTORES VOTO EN BLANCO,8
NORTE DE SANTANDER,EL ZULIA,TARJETAS NO MARCADAS,51
NORTE DE SANTANDER,EL ZULIA,TRUJILLO SARMIENTO JORGE ANTONIO,47
NORTE DE SANTANDER,EL ZULIA,VARGAS LLERAS GERMAN,1268
NORTE DE SANTANDER,EL ZULIA,VOTOS EN BLANCO,116
NORTE DE SANTANDER,EL ZULIA,VOTOS NULOS,120
NORTE DE SANTANDER,GRAMALOTE,DE LA CALLE LOMBANA HUMBERTO,33
NORTE DE SANTANDER,GRAMALOTE,DUQUE MARQUEZ IVAN,2305
NORTE DE SANTANDER,GRAMALOTE,FAJARDO VALDERRAMA SERGIO,271
NORTE DE SANTANDER,GRAMALOTE,MORALES HOYOS VIVIANE ALEIDA,10
NORTE DE SANTANDER,GRAMALOTE,PETRO URREGO GUSTAVO FRANCISCO,118
NORTE DE SANTANDER,GRAMALOTE,PROMOTORES VOTO EN BLANCO,1
NORTE DE SANTANDER,GRAMALOTE,TARJETAS NO MARCADAS,14
NORTE DE SANTANDER,GRAMALOTE,TRUJILLO SARMIENTO JORGE ANTONIO,2
NORTE DE SANTANDER,GRAMALOTE,VARGAS LLERAS GERMAN,305
NORTE DE SANTANDER,GRAMALOTE,VOTOS EN BLANCO,19
NORTE DE SANTANDER,GRAMALOTE,VOTOS NULOS,21
NORTE DE SANTANDER,HACARI,DE LA CALLE LOMBANA HUMBERTO,34
NORTE DE SANTANDER,HACARI,DUQUE MARQUEZ IVAN,468
NORTE DE SANTANDER,HACARI,FAJARDO VALDERRAMA SERGIO,155
NORTE DE SANTANDER,HACARI,MORALES HOYOS VIVIANE ALEIDA,7
NORTE DE SANTANDER,HACARI,PETRO URREGO GUSTAVO FRANCISCO,1746
NORTE DE SANTANDER,HACARI,PROMOTORES VOTO EN BLANCO,10
NORTE DE SANTANDER,HACARI,TARJETAS NO MARCADAS,18
NORTE DE SANTANDER,HACARI,TRUJILLO SARMIENTO JORGE ANTONIO,6
NORTE DE SANTANDER,HACARI,VARGAS LLERAS GERMAN,49
NORTE DE SANTANDER,HACARI,VOTOS EN BLANCO,33
NORTE DE SANTANDER,HACARI,VOTOS NULOS,31
NORTE DE SANTANDER,HERRAN,DE LA CALLE LOMBANA HUMBERTO,17
NORTE DE SANTANDER,HERRAN,DUQUE MARQUEZ IVAN,1598
NORTE DE SANTANDER,HERRAN,FAJARDO VALDERRAMA SERGIO,114
NORTE DE SANTANDER,HERRAN,MORALES HOYOS VIVIANE ALEIDA,6
NORTE DE SANTANDER,HERRAN,PETRO URREGO GUSTAVO FRANCISCO,49
NORTE DE SANTANDER,HERRAN,PROMOTORES VOTO EN BLANCO,1
NORTE DE SANTANDER,HERRAN,TARJETAS NO MARCADAS,6
NORTE DE SANTANDER,HERRAN,TRUJILLO SARMIENTO JORGE ANTONIO,1
NORTE DE SANTANDER,HERRAN,VARGAS LLERAS GERMAN,106
NORTE DE SANTANDER,HERRAN,VOTOS EN BLANCO,9
NORTE DE SANTANDER,HERRAN,VOTOS NULOS,10
NORTE DE SANTANDER,LA ESPERANZA,DE LA CALLE LOMBANA HUMBERTO,32
NORTE DE SANTANDER,LA ESPERANZA,DUQUE MARQUEZ IVAN,3039
NORTE DE SANTANDER,LA ESPERANZA,FAJARDO VALDERRAMA SERGIO,318
NORTE DE SANTANDER,LA ESPERANZA,MORALES HOYOS VIVIANE ALEIDA,21
NORTE DE SANTANDER,LA ESPERANZA,PETRO URREGO GUSTAVO FRANCISCO,556
NORTE DE SANTANDER,LA ESPERANZA,PROMOTORES VOTO EN BLANCO,9
NORTE DE SANTANDER,LA ESPERANZA,TARJETAS NO MARCADAS,20
NORTE DE SANTANDER,LA ESPERANZA,TRUJILLO SARMIENTO JORGE ANTONIO,11
NORTE DE SANTANDER,LA ESPERANZA,VARGAS LLERAS GERMAN,399
NORTE DE SANTANDER,LA ESPERANZA,VOTOS EN BLANCO,54
NORTE DE SANTANDER,LA ESPERANZA,VOTOS NULOS,47
NORTE DE SANTANDER,LA PLAYA,DE LA CALLE LOMBANA HUMBERTO,24
NORTE DE SANTANDER,LA PLAYA,DUQUE MARQUEZ IVAN,1493
NORTE DE SANTANDER,LA PLAYA,FAJARDO VALDERRAMA SERGIO,202
NORTE DE SANTANDER,LA PLAYA,MORALES HOYOS VIVIANE ALEIDA,10
NORTE DE SANTANDER,LA PLAYA,PETRO URREGO GUSTAVO FRANCISCO,388
NORTE DE SANTANDER,LA PLAYA,PROMOTORES VOTO EN BLANCO,6
NORTE DE SANTANDER,LA PLAYA,TARJETAS NO MARCADAS,14
NORTE DE SANTANDER,LA PLAYA,TRUJILLO SARMIENTO JORGE ANTONIO,7
NORTE DE SANTANDER,LA PLAYA,VARGAS LLERAS GERMAN,274
NORTE DE SANTANDER,LA PLAYA,VOTOS EN BLANCO,36
NORTE DE SANTANDER,LA PLAYA,VOTOS NULOS,29
NORTE DE SANTANDER,LABATECA,DE LA CALLE LOMBANA HUMBERTO,20
NORTE DE SANTANDER,LABATECA,DUQUE MARQUEZ IVAN,1655
NORTE DE SANTANDER,LABATECA,FAJARDO VALDERRAMA SERGIO,128
NORTE DE SANTANDER,LABATECA,MORALES HOYOS VIVIANE ALEIDA,5
NORTE DE SANTANDER,LABATECA,PETRO URREGO GUSTAVO FRANCISCO,62
NORTE DE SANTANDER,LABATECA,PROMOTORES VOTO EN BLANCO,3
NORTE DE SANTANDER,LABATECA,TARJETAS NO MARCADAS,9
NORTE DE SANTANDER,LABATECA,TRUJILLO SARMIENTO JORGE ANTONIO,5
NORTE DE SANTANDER,LABATECA,VARGAS LLERAS GERMAN,705
NORTE DE SANTANDER,LABATECA,VOTOS EN BLANCO,14
NORTE DE SANTANDER,LABATECA,VOTOS NULOS,17
NORTE DE SANTANDER,LOS PATIOS,DE LA CALLE LOMBANA HUMBERTO,413
NORTE DE SANTANDER,LOS PATIOS,DUQUE MARQUEZ IVAN,25739
NORTE DE SANTANDER,LOS PATIOS,FAJARDO VALDERRAMA SERGIO,8067
NORTE DE SANTANDER,LOS PATIOS,MORALES HOYOS VIVIANE ALEIDA,48
NORTE DE SANTANDER,LOS PATIOS,PETRO URREGO GUSTAVO FRANCISCO,2626
NORTE DE SANTANDER,LOS PATIOS,PROMOTORES VOTO EN BLANCO,39
NORTE DE SANTANDER,LOS PATIOS,TARJETAS NO MARCADAS,46
NORTE DE SANTANDER,LOS PATIOS,TRUJILLO SARMIENTO JORGE ANTONIO,153
NORTE DE SANTANDER,LOS PATIOS,VARGAS LLERAS GERMAN,2995
NORTE DE SANTANDER,LOS PATIOS,VOTOS EN BLANCO,456
NORTE DE SANTANDER,LOS PATIOS,VOTOS NULOS,335
NORTE DE SANTANDER,LOURDES,DE LA CALLE LOMBANA HUMBERTO,13
NORTE DE SANTANDER,LOURDES,DUQUE MARQUEZ IVAN,1707
NORTE DE SANTANDER,LOURDES,FAJARDO VALDERRAMA SERGIO,110
NORTE DE SANTANDER,LOURDES,MORALES HOYOS VIVIANE ALEIDA,4
NORTE DE SANTANDER,LOURDES,PETRO URREGO GUSTAVO FRANCISCO,22
NORTE DE SANTANDER,LOURDES,PROMOTORES VOTO EN BLANCO,1
NORTE DE SANTANDER,LOURDES,TARJETAS NO MARCADAS,7
NORTE DE SANTANDER,LOURDES,VARGAS LLERAS GERMAN,183
NORTE DE SANTANDER,LOURDES,VOTOS EN BLANCO,9
NORTE DE SANTANDER,LOURDES,VOTOS NULOS,15
NORTE DE SANTANDER,MUTISCUA,DE LA CALLE LOMBANA HUMBERTO,7
NORTE DE SANTANDER,MUTISCUA,DUQUE MARQUEZ IVAN,1362
NORTE DE SANTANDER,MUTISCUA,FAJARDO VALDERRAMA SERGIO,169
NORTE DE SANTANDER,MUTISCUA,MORALES HOYOS VIVIANE ALEIDA,5
NORTE DE SANTANDER,MUTISCUA,PETRO URREGO GUSTAVO FRANCISCO,38
NORTE DE SANTANDER,MUTISCUA,PROMOTORES VOTO EN BLANCO,2
NORTE DE SANTANDER,MUTISCUA,TARJETAS NO MARCADAS,7
NORTE DE SANTANDER,MUTISCUA,TRUJILLO SARMIENTO JORGE ANTONIO,4
NORTE DE SANTANDER,MUTISCUA,VARGAS LLERAS GERMAN,117
NORTE DE SANTANDER,MUTISCUA,VOTOS EN BLANCO,20
NORTE DE SANTANDER,MUTISCUA,VOTOS NULOS,13
NORTE DE SANTANDER,OCANA,DE LA CALLE LOMBANA HUMBERTO,457
NORTE DE SANTANDER,OCANA,DUQUE MARQUEZ IVAN,24586
NORTE DE SANTANDER,OCANA,FAJARDO VALDERRAMA SERGIO,8470
NORTE DE SANTANDER,OCANA,MORALES HOYOS VIVIANE ALEIDA,54
NORTE DE SANTANDER,OCANA,PETRO URREGO GUSTAVO FRANCISCO,6245
NORTE DE SANTANDER,OCANA,PROMOTORES VOTO EN BLANCO,36
NORTE DE SANTANDER,OCANA,TARJETAS NO MARCADAS,88
NORTE DE SANTANDER,OCANA,TRUJILLO SARMIENTO JORGE ANTONIO,116
NORTE DE SANTANDER,OCANA,VARGAS LLERAS GERMAN,2912
NORTE DE SANTANDER,OCANA,VOTOS EN BLANCO,534
NORTE DE SANTANDER,OCANA,VOTOS NULOS,365
NORTE DE SANTANDER,PAMPLONA,DE LA CALLE LOMBANA HUMBERTO,287
NORTE DE SANTANDER,PAMPLONA,DUQUE MARQUEZ IVAN,12876
NORTE DE SANTANDER,PAMPLONA,FAJARDO VALDERRAMA SERGIO,9277
NORTE DE SANTANDER,PAMPLONA,MORALES HOYOS VIVIANE ALEIDA,33
NORTE DE SANTANDER,PAMPLONA,PETRO URREGO GUSTAVO FRANCISCO,3904
NORTE DE SANTANDER,PAMPLONA,PROMOTORES VOTO EN BLANCO,23
NORTE DE SANTANDER,PAMPLONA,TARJETAS NO MARCADAS,45
NORTE DE SANTANDER,PAMPLONA,TRUJILLO SARMIENTO JORGE ANTONIO,73
NORTE DE SANTANDER,PAMPLONA,VARGAS LLERAS GERMAN,1404
NORTE DE SANTANDER,PAMPLONA,VOTOS EN BLANCO,441
NORTE DE SANTANDER,PAMPLONA,VOTOS NULOS,300
NORTE DE SANTANDER,PAMPLONITA,DE LA CALLE LOMBANA HUMBERTO,21
NORTE DE SANTANDER,PAMPLONITA,DUQUE MARQUEZ IVAN,2131
NORTE DE SANTANDER,PAMPLONITA,FAJARDO VALDERRAMA SERGIO,288
NORTE DE SANTANDER,PAMPLONITA,MORALES HOYOS VIVIANE ALEIDA,3
NORTE DE SANTANDER,PAMPLONITA,PETRO URREGO GUSTAVO FRANCISCO,91
NORTE DE SANTANDER,PAMPLONITA,PROMOTORES VOTO EN BLANCO,4
NORTE DE SANTANDER,PAMPLONITA,TARJETAS NO MARCADAS,13
NORTE DE SANTANDER,PAMPLONITA,TRUJILLO SARMIENTO JORGE ANTONIO,5
NORTE DE SANTANDER,PAMPLONITA,VARGAS LLERAS GERMAN,99
NORTE DE SANTANDER,PAMPLONITA,VOTOS EN BLANCO,26
NORTE DE SANTANDER,PAMPLONITA,VOTOS NULOS,24
NORTE DE SANTANDER,PUERTO SANTANDER,DE LA CALLE LOMBANA HUMBERTO,28
NORTE DE SANTANDER,PUERTO SANTANDER,DUQUE MARQUEZ IVAN,3579
NORTE DE SANTANDER,PUERTO SANTANDER,FAJARDO VALDERRAMA SERGIO,220
NORTE DE SANTANDER,PUERTO SANTANDER,MORALES HOYOS VIVIANE ALEIDA,11
NORTE DE SANTANDER,PUERTO SANTANDER,PETRO URREGO GUSTAVO FRANCISCO,276
NORTE DE SANTANDER,PUERTO SANTANDER,PROMOTORES VOTO EN BLANCO,4
NORTE DE SANTANDER,PUERTO SANTANDER,TARJETAS NO MARCADAS,16
NORTE DE SANTANDER,PUERTO SANTANDER,TRUJILLO SARMIENTO JORGE ANTONIO,11
NORTE DE SANTANDER,PUERTO SANTANDER,VARGAS LLERAS GERMAN,1051
NORTE DE SANTANDER,PUERTO SANTANDER,VOTOS EN BLANCO,27
NORTE DE SANTANDER,PUERTO SANTANDER,VOTOS NULOS,56
NORTE DE SANTANDER,RAGONVALIA,DE LA CALLE LOMBANA HUMBERTO,13
NORTE DE SANTANDER,RAGONVALIA,DUQUE MARQUEZ IVAN,2585
NORTE DE SANTANDER,RAGONVALIA,FAJARDO VALDERRAMA SERGIO,157
NORTE DE SANTANDER,RAGONVALIA,MORALES HOYOS VIVIANE ALEIDA,4
NORTE DE SANTANDER,RAGONVALIA,PETRO URREGO GUSTAVO FRANCISCO,104
NORTE DE SANTANDER,RAGONVALIA,TARJETAS NO MARCADAS,9
NORTE DE SANTANDER,RAGONVALIA,TRUJILLO SARMIENTO JORGE ANTONIO,18
NORTE DE SANTANDER,RAGONVALIA,VARGAS LLERAS GERMAN,293
NORTE DE SANTANDER,RAGONVALIA,VOTOS EN BLANCO,16
NORTE DE SANTANDER,RAGONVALIA,VOTOS NULOS,24
NORTE DE SANTANDER,SALAZAR,DE LA CALLE LOMBANA HUMBERTO,19
NORTE DE SANTANDER,SALAZAR,DUQUE MARQUEZ IVAN,3187
NORTE DE SANTANDER,SALAZAR,FAJARDO VALDERRAMA SERGIO,321
NORTE DE SANTANDER,SALAZAR,MORALES HOYOS VIVIANE ALEIDA,12
NORTE DE SANTANDER,SALAZAR,PETRO URREGO GUSTAVO FRANCISCO,159
NORTE DE SANTANDER,SALAZAR,PROMOTORES VOTO EN BLANCO,10
NORTE DE SANTANDER,SALAZAR,TARJETAS NO MARCADAS,17
NORTE DE SANTANDER,SALAZAR,TRUJILLO SARMIENTO JORGE ANTONIO,11
NORTE DE SANTANDER,SALAZAR,VARGAS LLERAS GERMAN,869
NORTE DE SANTANDER,SALAZAR,VOTOS EN BLANCO,46
NORTE DE SANTANDER,SALAZAR,VOTOS NULOS,52
NORTE DE SANTANDER,SAN CALIXTO,DE LA CALLE LOMBANA HUMBERTO,18
NORTE DE SANTANDER,SAN CALIXTO,DUQUE MARQUEZ IVAN,163
NORTE DE SANTANDER,SAN CALIXTO,FAJARDO VALDERRAMA SERGIO,123
NORTE DE SANTANDER,SAN CALIXTO,MORALES HOYOS VIVIANE ALEIDA,1
NORTE DE SANTANDER,SAN CALIXTO,PETRO URREGO GUSTAVO FRANCISCO,2287
NORTE DE SANTANDER,SAN CALIXTO,PROMOTORES VOTO EN BLANCO,5
NORTE DE SANTANDER,SAN CALIXTO,TARJETAS NO MARCADAS,10
NORTE DE SANTANDER,SAN CALIXTO,TRUJILLO SARMIENTO JORGE ANTONIO,6
NORTE DE SANTANDER,SAN CALIXTO,VARGAS LLERAS GERMAN,66
NORTE DE SANTANDER,SAN CALIXTO,VOTOS EN BLANCO,31
NORTE DE SANTANDER,SAN CALIXTO,VOTOS NULOS,29
NORTE DE SANTANDER,SAN CAYETANO,DE LA CALLE LOMBANA HUMBERTO,24
NORTE DE SANTANDER,SAN CAYETANO,DUQUE MARQUEZ IVAN,2645
NORTE DE SANTANDER,SAN CAYETANO,FAJARDO VALDERRAMA SERGIO,449
NORTE DE SANTANDER,SAN CAYETANO,MORALES HOYOS VIVIANE ALEIDA,6
NORTE DE SANTANDER,SAN CAYETANO,PETRO URREGO GUSTAVO FRANCISCO,204
NORTE DE SANTANDER,SAN CAYETANO,PROMOTORES VOTO EN BLANCO,5
NORTE DE SANTANDER,SAN CAYETANO,TARJETAS NO MARCADAS,7
NORTE DE SANTANDER,SAN CAYETANO,TRUJILLO SARMIENTO JORGE ANTONIO,11
NORTE DE SANTANDER,SAN CAYETANO,VARGAS LLERAS GERMAN,346
NORTE DE SANTANDER,SAN CAYETANO,VOTOS EN BLANCO,38
NORTE DE SANTANDER,SAN CAYETANO,VOTOS NULOS,46
NORTE DE SANTANDER,SAN JOSE DE CUCUTA,DE LA CALLE LOMBANA HUMBERTO,2822
NORTE DE SANTANDER,SAN JOSE DE CUCUTA,DUQUE MARQUEZ IVAN,191221
NORTE DE SANTANDER,SAN JOSE DE CUCUTA,FAJARDO VALDERRAMA SERGIO,57329
NORTE DE SANTANDER,SAN JOSE DE CUCUTA,MORALES HOYOS VIVIANE ALEIDA,553
NORTE DE SANTANDER,SAN JOSE DE CUCUTA,PETRO URREGO GUSTAVO FRANCISCO,20609
NORTE DE SANTANDER,SAN JOSE DE CUCUTA,PROMOTORES VOTO EN BLANCO,470
NORTE DE SANTANDER,SAN JOSE DE CUCUTA,TARJETAS NO MARCADAS,581
NORTE DE SANTANDER,SAN JOSE DE CUCUTA,TRUJILLO SARMIENTO JORGE ANTONIO,1479
NORTE DE SANTANDER,SAN JOSE DE CUCUTA,VARGAS LLERAS GERMAN,38430
NORTE DE SANTANDER,SAN JOSE DE CUCUTA,VOTOS EN BLANCO,3963
NORTE DE SANTANDER,SAN JOSE DE CUCUTA,VOTOS NULOS,3265
NORTE DE SANTANDER,SANTIAGO,DE LA CALLE LOMBANA HUMBERTO,7
NORTE DE SANTANDER,SANTIAGO,DUQUE MARQUEZ IVAN,1100
NORTE DE SANTANDER,SANTIAGO,FAJARDO VALDERRAMA SERGIO,197
NORTE DE SANTANDER,SANTIAGO,MORALES HOYOS VIVIANE ALEIDA,4
NORTE DE SANTANDER,SANTIAGO,PETRO URREGO GUSTAVO FRANCISCO,112
NORTE DE SANTANDER,SANTIAGO,TARJETAS NO MARCADAS,4
NORTE DE SANTANDER,SANTIAGO,TRUJILLO SARMIENTO JORGE ANTONIO,1
NORTE DE SANTANDER,SANTIAGO,VARGAS LLERAS GERMAN,416
NORTE DE SANTANDER,SANTIAGO,VOTOS EN BLANCO,12
NORTE DE SANTANDER,SANTIAGO,VOTOS NULOS,11
NORTE DE SANTANDER,SARDINATA,DE LA CALLE LOMBANA HUMBERTO,90
NORTE DE SANTANDER,SARDINATA,DUQUE MARQUEZ IVAN,5472
NORTE DE SANTANDER,SARDINATA,FAJARDO VALDERRAMA SERGIO,598
NORTE DE SANTANDER,SARDINATA,MORALES HOYOS VIVIANE ALEIDA,23
NORTE DE SANTANDER,SARDINATA,PETRO URREGO GUSTAVO FRANCISCO,593
NORTE DE SANTANDER,SARDINATA,PROMOTORES VOTO EN BLANCO,21
NORTE DE SANTANDER,SARDINATA,TARJETAS NO MARCADAS,43
NORTE DE SANTANDER,SARDINATA,TRUJILLO SARMIENTO JORGE ANTONIO,21
NORTE DE SANTANDER,SARDINATA,VARGAS LLERAS GERMAN,627
NORTE DE SANTANDER,SARDINATA,VOTOS EN BLANCO,127
NORTE DE SANTANDER,SARDINATA,VOTOS NULOS,110
NORTE DE SANTANDER,SILOS,DE LA CALLE LOMBANA HUMBERTO,8
NORTE DE SANTANDER,SILOS,DUQUE MARQUEZ IVAN,2258
NORTE DE SANTANDER,SILOS,FAJARDO VALDERRAMA SERGIO,142
NORTE DE SANTANDER,SILOS,MORALES HOYOS VIVIANE ALEIDA,18
NORTE DE SANTANDER,SILOS,PETRO URREGO GUSTAVO FRANCISCO,42
NORTE DE SANTANDER,SILOS,PROMOTORES VOTO EN BLANCO,1
NORTE DE SANTANDER,SILOS,TARJETAS NO MARCADAS,12
NORTE DE SANTANDER,SILOS,TRUJILLO SARMIENTO JORGE ANTONIO,13
NORTE DE SANTANDER,SILOS,VARGAS LLERAS GERMAN,113
NORTE DE SANTANDER,SILOS,VOTOS EN BLANCO,14
NORTE DE SANTANDER,SILOS,VOTOS NULOS,10
NORTE DE SANTANDER,TEORAMA,DE LA CALLE LOMBANA HUMBERTO,46
NORTE DE SANTANDER,TEORAMA,DUQUE MARQUEZ IVAN,593
NORTE DE SANTANDER,TEORAMA,FAJARDO VALDERRAMA SERGIO,345
NORTE DE SANTANDER,TEORAMA,MORALES HOYOS VIVIANE ALEIDA,3
NORTE DE SANTANDER,TEORAMA,PETRO URREGO GUSTAVO FRANCISCO,2014
NORTE DE SANTANDER,TEORAMA,PROMOTORES VOTO EN BLANCO,4
NORTE DE SANTANDER,TEORAMA,TARJETAS NO MARCADAS,17
NORTE DE SANTANDER,TEORAMA,TRUJILLO SARMIENTO JORGE ANTONIO,4
NORTE DE SANTANDER,TEORAMA,VARGAS LLERAS GERMAN,235
NORTE DE SANTANDER,TEORAMA,VOTOS EN BLANCO,47
NORTE DE SANTANDER,TEORAMA,VOTOS NULOS,61
NORTE DE SANTANDER,TIBU,DE LA CALLE LOMBANA HUMBERTO,281
NORTE DE SANTANDER,TIBU,DUQUE MARQUEZ IVAN,5910
NORTE DE SANTANDER,TIBU,FAJARDO VALDERRAMA SERGIO,2004
NORTE DE SANTANDER,TIBU,MORALES HOYOS VIVIANE ALEIDA,58
NORTE DE SANTANDER,TIBU,PETRO URREGO GUSTAVO FRANCISCO,4085
NORTE DE SANTANDER,TIBU,PROMOTORES VOTO EN BLANCO,38
NORTE DE SANTANDER,TIBU,TARJETAS NO MARCADAS,85
NORTE DE SANTANDER,TIBU,TRUJILLO SARMIENTO JORGE ANTONIO,52
NORTE DE SANTANDER,TIBU,VARGAS LLERAS GERMAN,1409
NORTE DE SANTANDER,TIBU,VOTOS EN BLANCO,367
NORTE DE SANTANDER,TIBU,VOTOS NULOS,341
NORTE DE SANTANDER,TOLEDO,DE LA CALLE LOMBANA HUMBERTO,81
NORTE DE SANTANDER,TOLEDO,DUQUE MARQUEZ IVAN,4878
NORTE DE SANTANDER,TOLEDO,FAJARDO VALDERRAMA SERGIO,590
NORTE DE SANTANDER,TOLEDO,MORALES HOYOS VIVIANE ALEIDA,19
NORTE DE SANTANDER,TOLEDO,PETRO URREGO GUSTAVO FRANCISCO,384
NORTE DE SANTANDER,TOLEDO,PROMOTORES VOTO EN BLANCO,15
NORTE DE SANTANDER,TOLEDO,TARJETAS NO MARCADAS,55
NORTE DE SANTANDER,TOLEDO,TRUJILLO SARMIENTO JORGE ANTONIO,15
NORTE DE SANTANDER,TOLEDO,VARGAS LLERAS GERMAN,269
NORTE DE SANTANDER,TOLEDO,VOTOS EN BLANCO,117
NORTE DE SANTANDER,TOLEDO,VOTOS NULOS,105
NORTE DE SANTANDER,VILLA CARO,DE LA CALLE LOMBANA HUMBERTO,5
NORTE DE SANTANDER,VILLA CARO,DUQUE MARQUEZ IVAN,1772
NORTE DE SANTANDER,VILLA CARO,FAJARDO VALDERRAMA SERGIO,68
NORTE DE SANTANDER,VILLA CARO,MORALES HOYOS VIVIANE ALEIDA,4
NORTE DE SANTANDER,VILLA CARO,PETRO URREGO GUSTAVO FRANCISCO,49
NORTE DE SANTANDER,VILLA CARO,PROMOTORES VOTO EN BLANCO,1
NORTE DE SANTANDER,VILLA CARO,TARJETAS NO MARCADAS,14
NORTE DE SANTANDER,VILLA CARO,TRUJILLO SARMIENTO JORGE ANTONIO,2
NORTE DE SANTANDER,VILLA CARO,VARGAS LLERAS GERMAN,180
NORTE DE SANTANDER,VILLA CARO,VOTOS EN BLANCO,12
NORTE DE SANTANDER,VILLA CARO,VOTOS NULOS,12
NORTE DE SANTANDER,VILLA DEL ROSARIO,DE LA CALLE LOMBANA HUMBERTO,357
NORTE DE SANTANDER,VILLA DEL ROSARIO,DUQUE MARQUEZ IVAN,28105
NORTE DE SANTANDER,VILLA DEL ROSARIO,FAJARDO VALDERRAMA SERGIO,5196
NORTE DE SANTANDER,VILLA DEL ROSARIO,MORALES HOYOS VIVIANE ALEIDA,47
NORTE DE SANTANDER,VILLA DEL ROSARIO,PETRO URREGO GUSTAVO FRANCISCO,2044
NORTE DE SANTANDER,VILLA DEL ROSARIO,PROMOTORES VOTO EN BLANCO,31
NORTE DE SANTANDER,VILLA DEL ROSARIO,TARJETAS NO MARCADAS,59
NORTE DE SANTANDER,VILLA DEL ROSARIO,TRUJILLO SARMIENTO JORGE ANTONIO,146
NORTE DE SANTANDER,VILLA DEL ROSARIO,VARGAS LLERAS GERMAN,3071
NORTE DE SANTANDER,VILLA DEL ROSARIO,VOTOS EN BLANCO,380
NORTE DE SANTANDER,VILLA DEL ROSARIO,VOTOS NULOS,316
PUTUMAYO,COLON,DE LA CALLE LOMBANA HUMBERTO,181
PUTUMAYO,COLON,DUQUE MARQUEZ IVAN,737
PUTUMAYO,COLON,FAJARDO VALDERRAMA SERGIO,199
PUTUMAYO,COLON,MORALES HOYOS VIVIANE ALEIDA,2
PUTUMAYO,COLON,PETRO URREGO GUSTAVO FRANCISCO,1040
PUTUMAYO,COLON,PROMOTORES VOTO EN BLANCO,2
PUTUMAYO,COLON,TARJETAS NO MARCADAS,6
PUTUMAYO,COLON,TRUJILLO SARMIENTO JORGE ANTONIO,6
PUTUMAYO,COLON,VARGAS LLERAS GERMAN,66
PUTUMAYO,COLON,VOTOS EN BLANCO,37
PUTUMAYO,COLON,VOTOS NULOS,10
PUTUMAYO,MOCOA,DE LA CALLE LOMBANA HUMBERTO,590
PUTUMAYO,MOCOA,DUQUE MARQUEZ IVAN,4730
PUTUMAYO,MOCOA,FAJARDO VALDERRAMA SERGIO,2339
PUTUMAYO,MOCOA,MORALES HOYOS VIVIANE ALEIDA,20
PUTUMAYO,MOCOA,PETRO URREGO GUSTAVO FRANCISCO,10260
PUTUMAYO,MOCOA,PROMOTORES VOTO EN BLANCO,38
PUTUMAYO,MOCOA,TARJETAS NO MARCADAS,73
PUTUMAYO,MOCOA,TRUJILLO SARMIENTO JORGE ANTONIO,50
PUTUMAYO,MOCOA,VARGAS LLERAS GERMAN,357
PUTUMAYO,MOCOA,VOTOS EN BLANCO,418
PUTUMAYO,MOCOA,VOTOS NULOS,244
PUTUMAYO,ORITO,DE LA CALLE LOMBANA HUMBERTO,194
PUTUMAYO,ORITO,DUQUE MARQUEZ IVAN,1220
PUTUMAYO,ORITO,FAJARDO VALDERRAMA SERGIO,1139
PUTUMAYO,ORITO,MORALES HOYOS VIVIANE ALEIDA,20
PUTUMAYO,ORITO,PETRO URREGO GUSTAVO FRANCISCO,9927
PUTUMAYO,ORITO,PROMOTORES VOTO EN BLANCO,19
PUTUMAYO,ORITO,TARJETAS NO MARCADAS,50
PUTUMAYO,ORITO,TRUJILLO SARMIENTO JORGE ANTONIO,23
PUTUMAYO,ORITO,VARGAS LLERAS GERMAN,161
PUTUMAYO,ORITO,VOTOS EN BLANCO,175
PUTUMAYO,ORITO,VOTOS NULOS,126
PUTUMAYO,PUERTO ASIS,DE LA CALLE LOMBANA HUMBERTO,446
PUTUMAYO,PUERTO ASIS,DUQUE MARQUEZ IVAN,5023
PUTUMAYO,PUERTO ASIS,FAJARDO VALDERRAMA SERGIO,2412
PUTUMAYO,PUERTO ASIS,MORALES HOYOS VIVIANE ALEIDA,43
PUTUMAYO,PUERTO ASIS,PETRO URREGO GUSTAVO FRANCISCO,10176
PUTUMAYO,PUERTO ASIS,PROMOTORES VOTO EN BLANCO,55
PUTUMAYO,PUERTO ASIS,TARJETAS NO MARCADAS,124
PUTUMAYO,PUERTO ASIS,TRUJILLO SARMIENTO JORGE ANTONIO,78
PUTUMAYO,PUERTO ASIS,VARGAS LLERAS GERMAN,447
PUTUMAYO,PUERTO ASIS,VOTOS EN BLANCO,612
PUTUMAYO,PUERTO ASIS,VOTOS NULOS,380
PUTUMAYO,PUERTO CAICEDO,DE LA CALLE LOMBANA HUMBERTO,137
PUTUMAYO,PUERTO CAICEDO,DUQUE MARQUEZ IVAN,414
PUTUMAYO,PUERTO CAICEDO,FAJARDO VALDERRAMA SERGIO,222
PUTUMAYO,PUERTO CAICEDO,MORALES HOYOS VIVIANE ALEIDA,6
PUTUMAYO,PUERTO CAICEDO,PETRO URREGO GUSTAVO FRANCISCO,3107
PUTUMAYO,PUERTO CAICEDO,PROMOTORES VOTO EN BLANCO,7
PUTUMAYO,PUERTO CAICEDO,TARJETAS NO MARCADAS,34
PUTUMAYO,PUERTO CAICEDO,TRUJILLO SARMIENTO JORGE ANTONIO,7
PUTUMAYO,PUERTO CAICEDO,VARGAS LLERAS GERMAN,99
PUTUMAYO,PUERTO CAICEDO,VOTOS EN BLANCO,105
PUTUMAYO,PUERTO CAICEDO,VOTOS NULOS,66
PUTUMAYO,PUERTO GUZMAN,DE LA CALLE LOMBANA HUMBERTO,127
PUTUMAYO,PUERTO GUZMAN,DUQUE MARQUEZ IVAN,1293
PUTUMAYO,PUERTO GUZMAN,FAJARDO VALDERRAMA SERGIO,260
PUTUMAYO,PUERTO GUZMAN,MORALES HOYOS VIVIANE ALEIDA,23
PUTUMAYO,PUERTO GUZMAN,PETRO URREGO GUSTAVO FRANCISCO,2273
PUTUMAYO,PUERTO GUZMAN,PROMOTORES VOTO EN BLANCO,17
PUTUMAYO,PUERTO GUZMAN,TARJETAS NO MARCADAS,42
PUTUMAYO,PUERTO GUZMAN,TRUJILLO SARMIENTO JORGE ANTONIO,32
PUTUMAYO,PUERTO GUZMAN,VARGAS LLERAS GERMAN,88
PUTUMAYO,PUERTO GUZMAN,VOTOS EN BLANCO,183
PUTUMAYO,PUERTO GUZMAN,VOTOS NULOS,72
PUTUMAYO,PUERTO LEGUIZAMO,DE LA CALLE LOMBANA HUMBERTO,118
PUTUMAYO,PUERTO LEGUIZAMO,DUQUE MARQUEZ IVAN,2731
PUTUMAYO,PUERTO LEGUIZAMO,FAJARDO VALDERRAMA SERGIO,327
PUTUMAYO,PUERTO LEGUIZAMO,MORALES HOYOS VIVIANE ALEIDA,23
PUTUMAYO,PUERTO LEGUIZAMO,PETRO URREGO GUSTAVO FRANCISCO,1610
PUTUMAYO,PUERTO LEGUIZAMO,PROMOTORES VOTO EN BLANCO,11
PUTUMAYO,PUERTO LEGUIZAMO,TARJETAS NO MARCADAS,54
PUTUMAYO,PUERTO LEGUIZAMO,TRUJILLO SARMIENTO JORGE ANTONIO,14
PUTUMAYO,PUERTO LEGUIZAMO,VARGAS LLERAS GERMAN,86
PUTUMAYO,PUERTO LEGUIZAMO,VOTOS EN BLANCO,84
PUTUMAYO,PUERTO LEGUIZAMO,VOTOS NULOS,66
PUTUMAYO,SAN FRANCISCO,DE LA CALLE LOMBANA HUMBERTO,173
PUTUMAYO,SAN FRANCISCO,DUQUE MARQUEZ IVAN,834
PUTUMAYO,SAN FRANCISCO,FAJARDO VALDERRAMA SERGIO,211
PUTUMAYO,SAN FRANCISCO,MORALES HOYOS VIVIANE ALEIDA,2
PUTUMAYO,SAN FRANCISCO,PETRO URREGO GUSTAVO FRANCISCO,835
PUTUMAYO,SAN FRANCISCO,PROMOTORES VOTO EN BLANCO,6
PUTUMAYO,SAN FRANCISCO,TARJETAS NO MARCADAS,7
PUTUMAYO,SAN FRANCISCO,TRUJILLO SARMIENTO JORGE ANTONIO,2
PUTUMAYO,SAN FRANCISCO,VARGAS LLERAS GERMAN,76
PUTUMAYO,SAN FRANCISCO,VOTOS EN BLANCO,51
PUTUMAYO,SAN FRANCISCO,VOTOS NULOS,12
PUTUMAYO,SAN MIGUEL,DE LA CALLE LOMBANA HUMBERTO,87
PUTUMAYO,SAN MIGUEL,DUQUE MARQUEZ IVAN,458
PUTUMAYO,SAN MIGUEL,FAJARDO VALDERRAMA SERGIO,212
PUTUMAYO,SAN MIGUEL,MORALES HOYOS VIVIANE ALEIDA,12
PUTUMAYO,SAN MIGUEL,PETRO URREGO GUSTAVO FRANCISCO,4113
PUTUMAYO,SAN MIGUEL,PROMOTORES VOTO EN BLANCO,15
PUTUMAYO,SAN MIGUEL,TARJETAS NO MARCADAS,26
PUTUMAYO,SAN MIGUEL,TRUJILLO SARMIENTO JORGE ANTONIO,9
PUTUMAYO,SAN MIGUEL,VARGAS LLERAS GERMAN,58
PUTUMAYO,SAN MIGUEL,VOTOS EN BLANCO,89
PUTUMAYO,SAN MIGUEL,VOTOS NULOS,71
PUTUMAYO,SANTIAGO,DE LA CALLE LOMBANA HUMBERTO,76
PUTUMAYO,SANTIAGO,DUQUE MARQUEZ IVAN,634
PUTUMAYO,SANTIAGO,FAJARDO VALDERRAMA SERGIO,198
PUTUMAYO,SANTIAGO,MORALES HOYOS VIVIANE ALEIDA,3
PUTUMAYO,SANTIAGO,PETRO URREGO GUSTAVO FRANCISCO,1540
PUTUMAYO,SANTIAGO,PROMOTORES VOTO EN BLANCO,5
PUTUMAYO,SANTIAGO,TARJETAS NO MARCADAS,17
PUTUMAYO,SANTIAGO,TRUJILLO SARMIENTO JORGE ANTONIO,1
PUTUMAYO,SANTIAGO,VARGAS LLERAS GERMAN,42
PUTUMAYO,SANTIAGO,VOTOS EN BLANCO,40
PUTUMAYO,SANTIAGO,VOTOS NULOS,33
PUTUMAYO,SIBUNDOY,DE LA CALLE LOMBANA HUMBERTO,365
PUTUMAYO,SIBUNDOY,DUQUE MARQUEZ IVAN,1522
PUTUMAYO,SIBUNDOY,FAJARDO VALDERRAMA SERGIO,637
PUTUMAYO,SIBUNDOY,MORALES HOYOS VIVIANE ALEIDA,5
PUTUMAYO,SIBUNDOY,PETRO URREGO GUSTAVO FRANCISCO,2690
PUTUMAYO,SIBUNDOY,PROMOTORES VOTO EN BLANCO,9
PUTUMAYO,SIBUNDOY,TARJETAS NO MARCADAS,25
PUTUMAYO,SIBUNDOY,TRUJILLO SARMIENTO JORGE ANTONIO,17
PUTUMAYO,SIBUNDOY,VARGAS LLERAS GERMAN,77
PUTUMAYO,SIBUNDOY,VOTOS EN BLANCO,110
PUTUMAYO,SIBUNDOY,VOTOS NULOS,35
PUTUMAYO,VALLE DEL GUAMUEZ,DE LA CALLE LOMBANA HUMBERTO,292
PUTUMAYO,VALLE DEL GUAMUEZ,DUQUE MARQUEZ IVAN,866
PUTUMAYO,VALLE DEL GUAMUEZ,FAJARDO VALDERRAMA SERGIO,658
PUTUMAYO,VALLE DEL GUAMUEZ,MORALES HOYOS VIVIANE ALEIDA,12
PUTUMAYO,VALLE DEL GUAMUEZ,PETRO URREGO GUSTAVO FRANCISCO,9293
PUTUMAYO,VALLE DEL GUAMUEZ,PROMOTORES VOTO EN BLANCO,24
PUTUMAYO,VALLE DEL GUAMUEZ,TARJETAS NO MARCADAS,44
PUTUMAYO,VALLE DEL GUAMUEZ,TRUJILLO SARMIENTO JORGE ANTONIO,7
PUTUMAYO,VALLE DEL GUAMUEZ,VARGAS LLERAS GERMAN,119
PUTUMAYO,VALLE DEL GUAMUEZ,VOTOS EN BLANCO,156
PUTUMAYO,VALLE DEL GUAMUEZ,VOTOS NULOS,106
PUTUMAYO,VILLAGARZON,DE LA CALLE LOMBANA HUMBERTO,188
PUTUMAYO,VILLAGARZON,DUQUE MARQUEZ IVAN,2925
PUTUMAYO,VILLAGARZON,FAJARDO VALDERRAMA SERGIO,970
PUTUMAYO,VILLAGARZON,MORALES HOYOS VIVIANE ALEIDA,22
PUTUMAYO,VILLAGARZON,PETRO URREGO GUSTAVO FRANCISCO,3819
PUTUMAYO,VILLAGARZON,PROMOTORES VOTO EN BLANCO,30
PUTUMAYO,VILLAGARZON,TARJETAS NO MARCADAS,55
PUTUMAYO,VILLAGARZON,TRUJILLO SARMIENTO JORGE ANTONIO,23
PUTUMAYO,VILLAGARZON,VARGAS LLERAS GERMAN,189
PUTUMAYO,VILLAGARZON,VOTOS EN BLANCO,276
PUTUMAYO,VILLAGARZON,VOTOS NULOS,197
QUINDIO,ARMENIA,DE LA CALLE LOMBANA HUMBERTO,2415
QUINDIO,ARMENIA,DUQUE MARQUEZ IVAN,55700
QUINDIO,ARMENIA,FAJARDO VALDERRAMA SERGIO,61714
QUINDIO,ARMENIA,MORALES HOYOS VIVIANE ALEIDA,195
QUINDIO,ARMENIA,PETRO URREGO GUSTAVO FRANCISCO,17420
QUINDIO,ARMENIA,PROMOTORES VOTO EN BLANCO,166
QUINDIO,ARMENIA,TARJETAS NO MARCADAS,294
QUINDIO,ARMENIA,TRUJILLO SARMIENTO JORGE ANTONIO,384
QUINDIO,ARMENIA,VARGAS LLERAS GERMAN,5768
QUINDIO,ARMENIA,VOTOS EN BLANCO,2601
QUINDIO,ARMENIA,VOTOS NULOS,1953
QUINDIO,BUENAVISTA,DE LA CALLE LOMBANA HUMBERTO,12
QUINDIO,BUENAVISTA,DUQUE MARQUEZ IVAN,703
QUINDIO,BUENAVISTA,FAJARDO VALDERRAMA SERGIO,304
QUINDIO,BUENAVISTA,MORALES HOYOS VIVIANE ALEIDA,3
QUINDIO,BUENAVISTA,PETRO URREGO GUSTAVO FRANCISCO,139
QUINDIO,BUENAVISTA,PROMOTORES VOTO EN BLANCO,3
QUINDIO,BUENAVISTA,TARJETAS NO MARCADAS,5
QUINDIO,BUENAVISTA,TRUJILLO SARMIENTO JORGE ANTONIO,3
QUINDIO,BUENAVISTA,VARGAS LLERAS GERMAN,203
QUINDIO,BUENAVISTA,VOTOS EN BLANCO,21
QUINDIO,BUENAVISTA,VOTOS NULOS,13
QUINDIO,CALARCA,DE LA CALLE LOMBANA HUMBERTO,531
QUINDIO,CALARCA,DUQUE MARQUEZ IVAN,15965
QUINDIO,CALARCA,FAJARDO VALDERRAMA SERGIO,11489
QUINDIO,CALARCA,MORALES HOYOS VIVIANE ALEIDA,55
QUINDIO,CALARCA,PETRO URREGO GUSTAVO FRANCISCO,3722
QUINDIO,CALARCA,PROMOTORES VOTO EN BLANCO,30
QUINDIO,CALARCA,TARJETAS NO MARCADAS,120
QUINDIO,CALARCA,TRUJILLO SARMIENTO JORGE ANTONIO,76
QUINDIO,CALARCA,VARGAS LLERAS GERMAN,1305
QUINDIO,CALARCA,VOTOS EN BLANCO,647
QUINDIO,CALARCA,VOTOS NULOS,593
QUINDIO,CIRCASIA,DE LA CALLE LOMBANA HUMBERTO,228
QUINDIO,CIRCASIA,DUQUE MARQUEZ IVAN,6456
QUINDIO,CIRCASIA,FAJARDO VALDERRAMA SERGIO,4359
QUINDIO,CIRCASIA,MORALES HOYOS VIVIANE ALEIDA,24
QUINDIO,CIRCASIA,PETRO URREGO GUSTAVO FRANCISCO,1425
QUINDIO,CIRCASIA,PROMOTORES VOTO EN BLANCO,12
QUINDIO,CIRCASIA,TARJETAS NO MARCADAS,71
QUINDIO,CIRCASIA,TRUJILLO SARMIENTO JORGE ANTONIO,28
QUINDIO,CIRCASIA,VARGAS LLERAS GERMAN,762
QUINDIO,CIRCASIA,VOTOS EN BLANCO,241
QUINDIO,CIRCASIA,VOTOS NULOS,199
QUINDIO,CORDOBA,DE LA CALLE LOMBANA HUMBERTO,58
QUINDIO,CORDOBA,DUQUE MARQUEZ IVAN,1064
QUINDIO,CORDOBA,FAJARDO VALDERRAMA SERGIO,606
QUINDIO,CORDOBA,MORALES HOYOS VIVIANE ALEIDA,8
QUINDIO,CORDOBA,PETRO URREGO GUSTAVO FRANCISCO,453
QUINDIO,CORDOBA,PROMOTORES VOTO EN BLANCO,4
QUINDIO,CORDOBA,TARJETAS NO MARCADAS,13
QUINDIO,CORDOBA,TRUJILLO SARMIENTO JORGE ANTONIO,5
QUINDIO,CORDOBA,VARGAS LLERAS GERMAN,329
QUINDIO,CORDOBA,VOTOS EN BLANCO,35
QUINDIO,CORDOBA,VOTOS NULOS,57
QUINDIO,FILANDIA,DE LA CALLE LOMBANA HUMBERTO,76
QUINDIO,FILANDIA,DUQUE MARQUEZ IVAN,2811
QUINDIO,FILANDIA,FAJARDO VALDERRAMA SERGIO,2009
QUINDIO,FILANDIA,MORALES HOYOS VIVIANE ALEIDA,11
QUINDIO,FILANDIA,PETRO URREGO GUSTAVO FRANCISCO,415
QUINDIO,FILANDIA,PROMOTORES VOTO EN BLANCO,7
QUINDIO,FILANDIA,TARJETAS NO MARCADAS,30
QUINDIO,FILANDIA,TRUJILLO SARMIENTO JORGE ANTONIO,25
QUINDIO,FILANDIA,VARGAS LLERAS GERMAN,323
QUINDIO,FILANDIA,VOTOS EN BLANCO,103
QUINDIO,FILANDIA,VOTOS NULOS,96
QUINDIO,GENOVA,DE LA CALLE LOMBANA HUMBERTO,83
QUINDIO,GENOVA,DUQUE MARQUEZ IVAN,2062
QUINDIO,GENOVA,FAJARDO VALDERRAMA SERGIO,689
QUINDIO,GENOVA,MORALES HOYOS VIVIANE ALEIDA,6
QUINDIO,GENOVA,PETRO URREGO GUSTAVO FRANCISCO,406
QUINDIO,GENOVA,PROMOTORES VOTO EN BLANCO,7
QUINDIO,GENOVA,TARJETAS NO MARCADAS,20
QUINDIO,GENOVA,TRUJILLO SARMIENTO JORGE ANTONIO,9
QUINDIO,GENOVA,VARGAS LLERAS GERMAN,340
QUINDIO,GENOVA,VOTOS EN BLANCO,59
QUINDIO,GENOVA,VOTOS NULOS,77
QUINDIO,LA TEBAIDA,DE LA CALLE LOMBANA HUMBERTO,211
QUINDIO,LA TEBAIDA,DUQUE MARQUEZ IVAN,6155
QUINDIO,LA TEBAIDA,FAJARDO VALDERRAMA SERGIO,5312
QUINDIO,LA TEBAIDA,MORALES HOYOS VIVIANE ALEIDA,31
QUINDIO,LA TEBAIDA,PETRO URREGO GUSTAVO FRANCISCO,2165
QUINDIO,LA TEBAIDA,PROMOTORES VOTO EN BLANCO,26
QUINDIO,LA TEBAIDA,TARJETAS NO MARCADAS,92
QUINDIO,LA TEBAIDA,TRUJILLO SARMIENTO JORGE ANTONIO,66
QUINDIO,LA TEBAIDA,VARGAS LLERAS GERMAN,732
QUINDIO,LA TEBAIDA,VOTOS EN BLANCO,290
QUINDIO,LA TEBAIDA,VOTOS NULOS,435
QUINDIO,MONTENEGRO,DE LA CALLE LOMBANA HUMBERTO,329
QUINDIO,MONTENEGRO,DUQUE MARQUEZ IVAN,8384
QUINDIO,MONTENEGRO,FAJARDO VALDERRAMA SERGIO,5195
QUINDIO,MONTENEGRO,MORALES HOYOS VIVIANE ALEIDA,63
QUINDIO,MONTENEGRO,PETRO URREGO GUSTAVO FRANCISCO,1491
QUINDIO,MONTENEGRO,PROMOTORES VOTO EN BLANCO,40
QUINDIO,MONTENEGRO,TARJETAS NO MARCADAS,106
QUINDIO,MONTENEGRO,TRUJILLO SARMIENTO JORGE ANTONIO,61
QUINDIO,MONTENEGRO,VARGAS LLERAS GERMAN,938
QUINDIO,MONTENEGRO,VOTOS EN BLANCO,369
QUINDIO,MONTENEGRO,VOTOS NULOS,561
QUINDIO,PIJAO,DE LA CALLE LOMBANA HUMBERTO,37
QUINDIO,PIJAO,DUQUE MARQUEZ IVAN,1885
QUINDIO,PIJAO,FAJARDO VALDERRAMA SERGIO,662
QUINDIO,PIJAO,MORALES HOYOS VIVIANE ALEIDA,4
QUINDIO,PIJAO,PETRO URREGO GUSTAVO FRANCISCO,323
QUINDIO,PIJAO,PROMOTORES VOTO EN BLANCO,7
QUINDIO,PIJAO,TARJETAS NO MARCADAS,18
QUINDIO,PIJAO,TRUJILLO SARMIENTO JORGE ANTONIO,4
QUINDIO,PIJAO,VARGAS LLERAS GERMAN,181
QUINDIO,PIJAO,VOTOS EN BLANCO,50
QUINDIO,PIJAO,VOTOS NULOS,53
QUINDIO,QUIMBAYA,DE LA CALLE LOMBANA HUMBERTO,321
QUINDIO,QUIMBAYA,DUQUE MARQUEZ IVAN,6690
QUINDIO,QUIMBAYA,FAJARDO VALDERRAMA SERGIO,4661
QUINDIO,QUIMBAYA,MORALES HOYOS VIVIANE ALEIDA,30
QUINDIO,QUIMBAYA,PETRO URREGO GUSTAVO FRANCISCO,2162
QUINDIO,QUIMBAYA,PROMOTORES VOTO EN BLANCO,31
QUINDIO,QUIMBAYA,TARJETAS NO MARCADAS,97
QUINDIO,QUIMBAYA,TRUJILLO SARMIENTO JORGE ANTONIO,34
QUINDIO,QUIMBAYA,VARGAS LLERAS GERMAN,948
QUINDIO,QUIMBAYA,VOTOS EN BLANCO,303
QUINDIO,QUIMBAYA,VOTOS NULOS,349
QUINDIO,SALENTO,DE LA CALLE LOMBANA HUMBERTO,38
QUINDIO,SALENTO,DUQUE MARQUEZ IVAN,1756
QUINDIO,SALENTO,FAJARDO VALDERRAMA SERGIO,1078
QUINDIO,SALENTO,MORALES HOYOS VIVIANE ALEIDA,6
QUINDIO,SALENTO,PETRO URREGO GUSTAVO FRANCISCO,291
QUINDIO,SALENTO,PROMOTORES VOTO EN BLANCO,4
QUINDIO,SALENTO,TARJETAS NO MARCADAS,8
QUINDIO,SALENTO,TRUJILLO SARMIENTO JORGE ANTONIO,9
QUINDIO,SALENTO,VARGAS LLERAS GERMAN,94
QUINDIO,SALENTO,VOTOS EN BLANCO,53
QUINDIO,SALENTO,VOTOS NULOS,36
RISARALDA,APIA,DE LA CALLE LOMBANA HUMBERTO,40
RISARALDA,APIA,DUQUE MARQUEZ IVAN,3448
RISARALDA,APIA,FAJARDO VALDERRAMA SERGIO,1358
RISARALDA,APIA,MORALES HOYOS VIVIANE ALEIDA,11
RISARALDA,APIA,PETRO URREGO GUSTAVO FRANCISCO,311
RISARALDA,APIA,PROMOTORES VOTO EN BLANCO,8
RISARALDA,APIA,TARJETAS NO MARCADAS,32
RISARALDA,APIA,TRUJILLO SARMIENTO JORGE ANTONIO,7
RISARALDA,APIA,VARGAS LLERAS GERMAN,209
RISARALDA,APIA,VOTOS EN BLANCO,74
RISARALDA,APIA,VOTOS NULOS,126
RISARALDA,BALBOA,DE LA CALLE LOMBANA HUMBERTO,224
RISARALDA,BALBOA,DUQUE MARQUEZ IVAN,1429
RISARALDA,BALBOA,FAJARDO VALDERRAMA SERGIO,556
RISARALDA,BALBOA,MORALES HOYOS VIVIANE ALEIDA,9
RISARALDA,BALBOA,PETRO URREGO GUSTAVO FRANCISCO,229
RISARALDA,BALBOA,PROMOTORES VOTO EN BLANCO,9
RISARALDA,BALBOA,TARJETAS NO MARCADAS,26
RISARALDA,BALBOA,TRUJILLO SARMIENTO JORGE ANTONIO,13
RISARALDA,BALBOA,VARGAS LLERAS GERMAN,101
RISARALDA,BALBOA,VOTOS EN BLANCO,56
RISARALDA,BALBOA,VOTOS NULOS,61
RISARALDA,BELEN DE UMBRIA,DE LA CALLE LOMBANA HUMBERTO,118
RISARALDA,BELEN DE UMBRIA,DUQUE MARQUEZ IVAN,7037
RISARALDA,BELEN DE UMBRIA,FAJARDO VALDERRAMA SERGIO,2359
RISARALDA,BELEN DE UMBRIA,MORALES HOYOS VIVIANE ALEIDA,23
RISARALDA,BELEN DE UMBRIA,PETRO URREGO GUSTAVO FRANCISCO,774
RISARALDA,BELEN DE UMBRIA,PROMOTORES VOTO EN BLANCO,14
RISARALDA,BELEN DE UMBRIA,TARJETAS NO MARCADAS,64
RISARALDA,BELEN DE UMBRIA,TRUJILLO SARMIENTO JORGE ANTONIO,17
RISARALDA,BELEN DE UMBRIA,VARGAS LLERAS GERMAN,572
RISARALDA,BELEN DE UMBRIA,VOTOS EN BLANCO,176
RISARALDA,BELEN DE UMBRIA,VOTOS NULOS,205
RISARALDA,DOSQUEBRADAS,DE LA CALLE LOMBANA HUMBERTO,1328
RISARALDA,DOSQUEBRADAS,DUQUE MARQUEZ IVAN,34029
RISARALDA,DOSQUEBRADAS,FAJARDO VALDERRAMA SERGIO,40301
RISARALDA,DOSQUEBRADAS,MORALES HOYOS VIVIANE ALEIDA,130
RISARALDA,DOSQUEBRADAS,PETRO URREGO GUSTAVO FRANCISCO,11145
RISARALDA,DOSQUEBRADAS,PROMOTORES VOTO EN BLANCO,127
RISARALDA,DOSQUEBRADAS,TARJETAS NO MARCADAS,246
RISARALDA,DOSQUEBRADAS,TRUJILLO SARMIENTO JORGE ANTONIO,286
RISARALDA,DOSQUEBRADAS,VARGAS LLERAS GERMAN,4095
RISARALDA,DOSQUEBRADAS,VOTOS EN BLANCO,1702
RISARALDA,DOSQUEBRADAS,VOTOS NULOS,1515
RISARALDA,GUATICA,DE LA CALLE LOMBANA HUMBERTO,59
RISARALDA,GUATICA,DUQUE MARQUEZ IVAN,3648
RISARALDA,GUATICA,FAJARDO VALDERRAMA SERGIO,984
RISARALDA,GUATICA,MORALES HOYOS VIVIANE ALEIDA,13
RISARALDA,GUATICA,PETRO URREGO GUSTAVO FRANCISCO,420
RISARALDA,GUATICA,PROMOTORES VOTO EN BLANCO,18
RISARALDA,GUATICA,TARJETAS NO MARCADAS,34
RISARALDA,GUATICA,TRUJILLO SARMIENTO JORGE ANTONIO,11
RISARALDA,GUATICA,VARGAS LLERAS GERMAN,361
RISARALDA,GUATICA,VOTOS EN BLANCO,88
RISARALDA,GUATICA,VOTOS NULOS,81
RISARALDA,LA CELIA,DE LA CALLE LOMBANA HUMBERTO,36
RISARALDA,LA CELIA,DUQUE MARQUEZ IVAN,2093
RISARALDA,LA CELIA,FAJARDO VALDERRAMA SERGIO,567
RISARALDA,LA CELIA,MORALES HOYOS VIVIANE ALEIDA,14
RISARALDA,LA CELIA,PETRO URREGO GUSTAVO FRANCISCO,336
RISARALDA,LA CELIA,PROMOTORES VOTO EN BLANCO,6
RISARALDA,LA CELIA,TARJETAS NO MARCADAS,37
RISARALDA,LA CELIA,TRUJILLO SARMIENTO JORGE ANTONIO,6
RISARALDA,LA CELIA,VARGAS LLERAS GERMAN,179
RISARALDA,LA CELIA,VOTOS EN BLANCO,66
RISARALDA,LA CELIA,VOTOS NULOS,79
RISARALDA,LA VIRGINIA,DE LA CALLE LOMBANA HUMBERTO,265
RISARALDA,LA VIRGINIA,DUQUE MARQUEZ IVAN,7134
RISARALDA,LA VIRGINIA,FAJARDO VALDERRAMA SERGIO,5325
RISARALDA,LA VIRGINIA,MORALES HOYOS VIVIANE ALEIDA,43
RISARALDA,LA VIRGINIA,PETRO URREGO GUSTAVO FRANCISCO,1922
RISARALDA,LA VIRGINIA,PROMOTORES VOTO EN BLANCO,23
RISARALDA,LA VIRGINIA,TARJETAS NO MARCADAS,69
RISARALDA,LA VIRGINIA,TRUJILLO SARMIENTO JORGE ANTONIO,43
RISARALDA,LA VIRGINIA,VARGAS LLERAS GERMAN,1094
RISARALDA,LA VIRGINIA,VOTOS EN BLANCO,381
RISARALDA,LA VIRGINIA,VOTOS NULOS,387
RISARALDA,MARSELLA,DE LA CALLE LOMBANA HUMBERTO,119
RISARALDA,MARSELLA,DUQUE MARQUEZ IVAN,4428
RISARALDA,MARSELLA,FAJARDO VALDERRAMA SERGIO,1549
RISARALDA,MARSELLA,MORALES HOYOS VIVIANE ALEIDA,21
RISARALDA,MARSELLA,PETRO URREGO GUSTAVO FRANCISCO,1053
RISARALDA,MARSELLA,PROMOTORES VOTO EN BLANCO,18
RISARALDA,MARSELLA,TARJETAS NO MARCADAS,78
RISARALDA,MARSELLA,TRUJILLO SARMIENTO JORGE ANTONIO,16
RISARALDA,MARSELLA,VARGAS LLERAS GERMAN,411
RISARALDA,MARSELLA,VOTOS EN BLANCO,134
RISARALDA,MARSELLA,VOTOS NULOS,144
RISARALDA,MISTRATO,DE LA CALLE LOMBANA HUMBERTO,41
RISARALDA,MISTRATO,DUQUE MARQUEZ IVAN,2138
RISARALDA,MISTRATO,FAJARDO VALDERRAMA SERGIO,813
RISARALDA,MISTRATO,MORALES HOYOS VIVIANE ALEIDA,20
RISARALDA,MISTRATO,PETRO URREGO GUSTAVO FRANCISCO,1530
RISARALDA,MISTRATO,PROMOTORES VOTO EN BLANCO,12
RISARALDA,MISTRATO,TARJETAS NO MARCADAS,46
RISARALDA,MISTRATO,TRUJILLO SARMIENTO JORGE ANTONIO,8
RISARALDA,MISTRATO,VARGAS LLERAS GERMAN,362
RISARALDA,MISTRATO,VOTOS EN BLANCO,77
RISARALDA,MISTRATO,VOTOS NULOS,127
RISARALDA,PEREIRA,DE LA CALLE LOMBANA HUMBERTO,4311
RISARALDA,PEREIRA,DUQUE MARQUEZ IVAN,87077
RISARALDA,PEREIRA,FAJARDO VALDERRAMA SERGIO,93945
RISARALDA,PEREIRA,MORALES HOYOS VIVIANE ALEIDA,328
RISARALDA,PEREIRA,PETRO URREGO GUSTAVO FRANCISCO,29185
RISARALDA,PEREIRA,PROMOTORES VOTO EN BLANCO,392
RISARALDA,PEREIRA,TARJETAS NO MARCADAS,577
RISARALDA,PEREIRA,TRUJILLO SARMIENTO JORGE ANTONIO,471
RISARALDA,PEREIRA,VARGAS LLERAS GERMAN,10590
RISARALDA,PEREIRA,VOTOS EN BLANCO,4004
RISARALDA,PEREIRA,VOTOS NULOS,3515
RISARALDA,PUEBLO RICO,DE LA CALLE LOMBANA HUMBERTO,62
RISARALDA,PUEBLO RICO,DUQUE MARQUEZ IVAN,1646
RISARALDA,PUEBLO RICO,FAJARDO VALDERRAMA SERGIO,362
RISARALDA,PUEBLO RICO,MORALES HOYOS VIVIANE ALEIDA,27
RISARALDA,PUEBLO RICO,PETRO URREGO GUSTAVO FRANCISCO,1731
RISARALDA,PUEBLO RICO,PROMOTORES VOTO EN BLANCO,10
RISARALDA,PUEBLO RICO,TARJETAS NO MARCADAS,39
RISARALDA,PUEBLO RICO,TRUJILLO SARMIENTO JORGE ANTONIO,9
RISARALDA,PUEBLO RICO,VARGAS LLERAS GERMAN,87
RISARALDA,PUEBLO RICO,VOTOS EN BLANCO,62
RISARALDA,PUEBLO RICO,VOTOS NULOS,66
RISARALDA,QUINCHIA,DE LA CALLE LOMBANA HUMBERTO,369
RISARALDA,QUINCHIA,DUQUE MARQUEZ IVAN,4176
RISARALDA,QUINCHIA,FAJARDO VALDERRAMA SERGIO,2573
RISARALDA,QUINCHIA,MORALES HOYOS VIVIANE ALEIDA,36
RISARALDA,QUINCHIA,PETRO URREGO GUSTAVO FRANCISCO,1625
RISARALDA,QUINCHIA,PROMOTORES VOTO EN BLANCO,23
RISARALDA,QUINCHIA,TARJETAS NO MARCADAS,128
RISARALDA,QUINCHIA,TRUJILLO SARMIENTO JORGE ANTONIO,57
RISARALDA,QUINCHIA,VARGAS LLERAS GERMAN,772
RISARALDA,QUINCHIA,VOTOS EN BLANCO,266
RISARALDA,QUINCHIA,VOTOS NULOS,410
RISARALDA,SANTA ROSA DE CABAL,DE LA CALLE LOMBANA HUMBERTO,491
RISARALDA,SANTA ROSA DE CABAL,DUQUE MARQUEZ IVAN,15523
RISARALDA,SANTA ROSA DE CABAL,FAJARDO VALDERRAMA SERGIO,13994
RISARALDA,SANTA ROSA DE CABAL,MORALES HOYOS VIVIANE ALEIDA,60
RISARALDA,SANTA ROSA DE CABAL,PETRO URREGO GUSTAVO FRANCISCO,3620
RISARALDA,SANTA ROSA DE CABAL,PROMOTORES VOTO EN BLANCO,48
RISARALDA,SANTA ROSA DE CABAL,TARJETAS NO MARCADAS,128
RISARALDA,SANTA ROSA DE CABAL,TRUJILLO SARMIENTO JORGE ANTONIO,68
RISARALDA,SANTA ROSA DE CABAL,VARGAS LLERAS GERMAN,1515
RISARALDA,SANTA ROSA DE CABAL,VOTOS EN BLANCO,636
RISARALDA,SANTA ROSA DE CABAL,VOTOS NULOS,600
RISARALDA,SANTUARIO,DE LA CALLE LOMBANA HUMBERTO,53
RISARALDA,SANTUARIO,DUQUE MARQUEZ IVAN,3717
RISARALDA,SANTUARIO,FAJARDO VALDERRAMA SERGIO,1196
RISARALDA,SANTUARIO,MORALES HOYOS VIVIANE ALEIDA,23
RISARALDA,SANTUARIO,PETRO URREGO GUSTAVO FRANCISCO,304
RISARALDA,SANTUARIO,PROMOTORES VOTO EN BLANCO,9
RISARALDA,SANTUARIO,TARJETAS NO MARCADAS,43
RISARALDA,SANTUARIO,TRUJILLO SARMIENTO JORGE ANTONIO,11
RISARALDA,SANTUARIO,VARGAS LLERAS GERMAN,357
RISARALDA,SANTUARIO,VOTOS EN BLANCO,122
RISARALDA,SANTUARIO,VOTOS NULOS,132
SANTANDER,AGUADA,DE LA CALLE LOMBANA HUMBERTO,4
SANTANDER,AGUADA,DUQUE MARQUEZ IVAN,530
SANTANDER,AGUADA,FAJARDO VALDERRAMA SERGIO,56
SANTANDER,AGUADA,PETRO URREGO GUSTAVO FRANCISCO,69
SANTANDER,AGUADA,TARJETAS NO MARCADAS,6
SANTANDER,AGUADA,VARGAS LLERAS GERMAN,41
SANTANDER,AGUADA,VOTOS EN BLANCO,18
SANTANDER,AGUADA,VOTOS NULOS,2
SANTANDER,ALBANIA,DE LA CALLE LOMBANA HUMBERTO,13
SANTANDER,ALBANIA,DUQUE MARQUEZ IVAN,930
SANTANDER,ALBANIA,FAJARDO VALDERRAMA SERGIO,152
SANTANDER,ALBANIA,MORALES HOYOS VIVIANE ALEIDA,5
SANTANDER,ALBANIA,PETRO URREGO GUSTAVO FRANCISCO,280
SANTANDER,ALBANIA,PROMOTORES VOTO EN BLANCO,3
SANTANDER,ALBANIA,TARJETAS NO MARCADAS,7
SANTANDER,ALBANIA,TRUJILLO SARMIENTO JORGE ANTONIO,3
SANTANDER,ALBANIA,VARGAS LLERAS GERMAN,124
SANTANDER,ALBANIA,VOTOS EN BLANCO,18
SANTANDER,ALBANIA,VOTOS NULOS,22
SANTANDER,ARATOCA,DE LA CALLE LOMBANA HUMBERTO,71
SANTANDER,ARATOCA,DUQUE MARQUEZ IVAN,1847
SANTANDER,ARATOCA,FAJARDO VALDERRAMA SERGIO,552
SANTANDER,ARATOCA,MORALES HOYOS VIVIANE ALEIDA,15
SANTANDER,ARATOCA,PETRO URREGO GUSTAVO FRANCISCO,373
SANTANDER,ARATOCA,PROMOTORES VOTO EN BLANCO,10
SANTANDER,ARATOCA,TARJETAS NO MARCADAS,14
SANTANDER,ARATOCA,TRUJILLO SARMIENTO JORGE ANTONIO,10
SANTANDER,ARATOCA,VARGAS LLERAS GERMAN,218
SANTANDER,ARATOCA,VOTOS EN BLANCO,70
SANTANDER,ARATOCA,VOTOS NULOS,51
SANTANDER,BARBOSA,DE LA CALLE LOMBANA HUMBERTO,122
SANTANDER,BARBOSA,DUQUE MARQUEZ IVAN,5240
SANTANDER,BARBOSA,FAJARDO VALDERRAMA SERGIO,3409
SANTANDER,BARBOSA,MORALES HOYOS VIVIANE ALEIDA,17
SANTANDER,BARBOSA,PETRO URREGO GUSTAVO FRANCISCO,3661
SANTANDER,BARBOSA,PROMOTORES VOTO EN BLANCO,20
SANTANDER,BARBOSA,TARJETAS NO MARCADAS,18
SANTANDER,BARBOSA,TRUJILLO SARMIENTO JORGE ANTONIO,24
SANTANDER,BARBOSA,VARGAS LLERAS GERMAN,1245
SANTANDER,BARBOSA,VOTOS EN BLANCO,315
SANTANDER,BARBOSA,VOTOS NULOS,229
SANTANDER,BARICHARA,DE LA CALLE LOMBANA HUMBERTO,63
SANTANDER,BARICHARA,DUQUE MARQUEZ IVAN,1872
SANTANDER,BARICHARA,FAJARDO VALDERRAMA SERGIO,929
SANTANDER,BARICHARA,MORALES HOYOS VIVIANE ALEIDA,9
SANTANDER,BARICHARA,PETRO URREGO GUSTAVO FRANCISCO,296
SANTANDER,BARICHARA,PROMOTORES VOTO EN BLANCO,5
SANTANDER,BARICHARA,TARJETAS NO MARCADAS,14
SANTANDER,BARICHARA,TRUJILLO SARMIENTO JORGE ANTONIO,9
SANTANDER,BARICHARA,VARGAS LLERAS GERMAN,835
SANTANDER,BARICHARA,VOTOS EN BLANCO,84
SANTANDER,BARICHARA,VOTOS NULOS,40
SANTANDER,BARRANCABERMEJA,DE LA CALLE LOMBANA HUMBERTO,1720
SANTANDER,BARRANCABERMEJA,DUQUE MARQUEZ IVAN,24794
SANTANDER,BARRANCABERMEJA,FAJARDO VALDERRAMA SERGIO,19839
SANTANDER,BARRANCABERMEJA,MORALES HOYOS VIVIANE ALEIDA,253
SANTANDER,BARRANCABERMEJA,PETRO URREGO GUSTAVO FRANCISCO,41291
SANTANDER,BARRANCABERMEJA,PROMOTORES VOTO EN BLANCO,191
SANTANDER,BARRANCABERMEJA,TARJETAS NO MARCADAS,176
SANTANDER,BARRANCABERMEJA,TRUJILLO SARMIENTO JORGE ANTONIO,740
SANTANDER,BARRANCABERMEJA,VARGAS LLERAS GERMAN,6375
SANTANDER,BARRANCABERMEJA,VOTOS EN BLANCO,1947
SANTANDER,BARRANCABERMEJA,VOTOS NULOS,1813
SANTANDER,BETULIA,DE LA CALLE LOMBANA HUMBERTO,52
SANTANDER,BETULIA,DUQUE MARQUEZ IVAN,1307
SANTANDER,BETULIA,FAJARDO VALDERRAMA SERGIO,321
SANTANDER,BETULIA,MORALES HOYOS VIVIANE ALEIDA,6
SANTANDER,BETULIA,PETRO URREGO GUSTAVO FRANCISCO,331
SANTANDER,BETULIA,PROMOTORES VOTO EN BLANCO,6
SANTANDER,BETULIA,TARJETAS NO MARCADAS,11
SANTANDER,BETULIA,TRUJILLO SARMIENTO JORGE ANTONIO,10
SANTANDER,BETULIA,VARGAS LLERAS GERMAN,203
SANTANDER,BETULIA,VOTOS EN BLANCO,75
SANTANDER,BETULIA,VOTOS NULOS,50
SANTANDER,BOLIVAR,DE LA CALLE LOMBANA HUMBERTO,34
SANTANDER,BOLIVAR,DUQUE MARQUEZ IVAN,2038
SANTANDER,BOLIVAR,FAJARDO VALDERRAMA SERGIO,216
SANTANDER,BOLIVAR,MORALES HOYOS VIVIANE ALEIDA,12
SANTANDER,BOLIVAR,PETRO URREGO GUSTAVO FRANCISCO,867
SANTANDER,BOLIVAR,PROMOTORES VOTO EN BLANCO,4
SANTANDER,BOLIVAR,TARJETAS NO MARCADAS,20
SANTANDER,BOLIVAR,TRUJILLO SARMIENTO JORGE ANTONIO,8
SANTANDER,BOLIVAR,VARGAS LLERAS GERMAN,476
SANTANDER,BOLIVAR,VOTOS EN BLANCO,67
SANTANDER,BOLIVAR,VOTOS NULOS,68
SANTANDER,BUCARAMANGA,DE LA CALLE LOMBANA HUMBERTO,6020
SANTANDER,BUCARAMANGA,DUQUE MARQUEZ IVAN,121470
SANTANDER,BUCARAMANGA,FAJARDO VALDERRAMA SERGIO,108385
SANTANDER,BUCARAMANGA,MORALES HOYOS VIVIANE ALEIDA,424
SANTANDER,BUCARAMANGA,PETRO URREGO GUSTAVO FRANCISCO,44117
SANTANDER,BUCARAMANGA,PROMOTORES VOTO EN BLANCO,303
SANTANDER,BUCARAMANGA,TARJETAS NO MARCADAS,241
SANTANDER,BUCARAMANGA,TRUJILLO SARMIENTO JORGE ANTONIO,1162
SANTANDER,BUCARAMANGA,VARGAS LLERAS GERMAN,17644
SANTANDER,BUCARAMANGA,VOTOS EN BLANCO,4915
SANTANDER,BUCARAMANGA,VOTOS NULOS,2267
SANTANDER,CABRERA,DE LA CALLE LOMBANA HUMBERTO,2
SANTANDER,CABRERA,DUQUE MARQUEZ IVAN,567
SANTANDER,CABRERA,FAJARDO VALDERRAMA SERGIO,102
SANTANDER,CABRERA,MORALES HOYOS VIVIANE ALEIDA,1
SANTANDER,CABRERA,PETRO URREGO GUSTAVO FRANCISCO,33
SANTANDER,CABRERA,TARJETAS NO MARCADAS,1
SANTANDER,CABRERA,VARGAS LLERAS GERMAN,260
SANTANDER,CABRERA,VOTOS EN BLANCO,6
SANTANDER,CABRERA,VOTOS NULOS,1
SANTANDER,CALIFORNIA,DE LA CALLE LOMBANA HUMBERTO,4
SANTANDER,CALIFORNIA,DUQUE MARQUEZ IVAN,846
SANTANDER,CALIFORNIA,FAJARDO VALDERRAMA SERGIO,139
SANTANDER,CALIFORNIA,MORALES HOYOS VIVIANE ALEIDA,2
SANTANDER,CALIFORNIA,PETRO URREGO GUSTAVO FRANCISCO,57
SANTANDER,CALIFORNIA,TRUJILLO SARMIENTO JORGE ANTONIO,1
SANTANDER,CALIFORNIA,VARGAS LLERAS GERMAN,19
SANTANDER,CALIFORNIA,VOTOS EN BLANCO,33
SANTANDER,CALIFORNIA,VOTOS NULOS,10
SANTANDER,CAPITANEJO,DE LA CALLE LOMBANA HUMBERTO,28
SANTANDER,CAPITANEJO,DUQUE MARQUEZ IVAN,1973
SANTANDER,CAPITANEJO,FAJARDO VALDERRAMA SERGIO,215
SANTANDER,CAPITANEJO,MORALES HOYOS VIVIANE ALEIDA,5
SANTANDER,CAPITANEJO,PETRO URREGO GUSTAVO FRANCISCO,143
SANTANDER,CAPITANEJO,PROMOTORES VOTO EN BLANCO,3
SANTANDER,CAPITANEJO,TARJETAS NO MARCADAS,6
SANTANDER,CAPITANEJO,TRUJILLO SARMIENTO JORGE ANTONIO,2
SANTANDER,CAPITANEJO,VARGAS LLERAS GERMAN,236
SANTANDER,CAPITANEJO,VOTOS EN BLANCO,18
SANTANDER,CAPITANEJO,VOTOS NULOS,42
SANTANDER,CARCASI,DE LA CALLE LOMBANA HUMBERTO,114
SANTANDER,CARCASI,DUQUE MARQUEZ IVAN,1317
SANTANDER,CARCASI,FAJARDO VALDERRAMA SERGIO,207
SANTANDER,CARCASI,MORALES HOYOS VIVIANE ALEIDA,5
SANTANDER,CARCASI,PETRO URREGO GUSTAVO FRANCISCO,89
SANTANDER,CARCASI,PROMOTORES VOTO EN BLANCO,3
SANTANDER,CARCASI,TARJETAS NO MARCADAS,7
SANTANDER,CARCASI,VARGAS LLERAS GERMAN,103
SANTANDER,CARCASI,VOTOS EN BLANCO,31
SANTANDER,CARCASI,VOTOS NULOS,27
SANTANDER,CEPITA,DE LA CALLE LOMBANA HUMBERTO,15
SANTANDER,CEPITA,DUQUE MARQUEZ IVAN,737
SANTANDER,CEPITA,FAJARDO VALDERRAMA SERGIO,121
SANTANDER,CEPITA,MORALES HOYOS VIVIANE ALEIDA,3
SANTANDER,CEPITA,PETRO URREGO GUSTAVO FRANCISCO,81
SANTANDER,CEPITA,PROMOTORES VOTO EN BLANCO,4
SANTANDER,CEPITA,TARJETAS NO MARCADAS,7
SANTANDER,CEPITA,TRUJILLO SARMIENTO JORGE ANTONIO,1
SANTANDER,CEPITA,VARGAS LLERAS GERMAN,64
SANTANDER,CEPITA,VOTOS EN BLANCO,14
SANTANDER,CEPITA,VOTOS NULOS,14
SANTANDER,CERRITO,DE LA CALLE LOMBANA HUMBERTO,38
SANTANDER,CERRITO,DUQUE MARQUEZ IVAN,1836
SANTANDER,CERRITO,FAJARDO VALDERRAMA SERGIO,541
SANTANDER,CERRITO,MORALES HOYOS VIVIANE ALEIDA,7
SANTANDER,CERRITO,PETRO URREGO GUSTAVO FRANCISCO,166
SANTANDER,CERRITO,PROMOTORES VOTO EN BLANCO,7
SANTANDER,CERRITO,TARJETAS NO MARCADAS,16
SANTANDER,CERRITO,TRUJILLO SARMIENTO JORGE ANTONIO,7
SANTANDER,CERRITO,VARGAS LLERAS GERMAN,140
SANTANDER,CERRITO,VOTOS EN BLANCO,32
SANTANDER,CERRITO,VOTOS NULOS,32
SANTANDER,CHARALA,DE LA CALLE LOMBANA HUMBERTO,90
SANTANDER,CHARALA,DUQUE MARQUEZ IVAN,2370
SANTANDER,CHARALA,FAJARDO VALDERRAMA SERGIO,1394
SANTANDER,CHARALA,MORALES HOYOS VIVIANE ALEIDA,10
SANTANDER,CHARALA,PETRO URREGO GUSTAVO FRANCISCO,704
SANTANDER,CHARALA,PROMOTORES VOTO EN BLANCO,4
SANTANDER,CHARALA,TARJETAS NO MARCADAS,23
SANTANDER,CHARALA,TRUJILLO SARMIENTO JORGE ANTONIO,30
SANTANDER,CHARALA,VARGAS LLERAS GERMAN,411
SANTANDER,CHARALA,VOTOS EN BLANCO,78
SANTANDER,CHARALA,VOTOS NULOS,63
SANTANDER,CHARTA,DE LA CALLE LOMBANA HUMBERTO,9
SANTANDER,CHARTA,DUQUE MARQUEZ IVAN,1647
SANTANDER,CHARTA,FAJARDO VALDERRAMA SERGIO,219
SANTANDER,CHARTA,MORALES HOYOS VIVIANE ALEIDA,2
SANTANDER,CHARTA,PETRO URREGO GUSTAVO FRANCISCO,99
SANTANDER,CHARTA,TARJETAS NO MARCADAS,4
SANTANDER,CHARTA,TRUJILLO SARMIENTO JORGE ANTONIO,2
SANTANDER,CHARTA,VARGAS LLERAS GERMAN,82
SANTANDER,CHARTA,VOTOS EN BLANCO,11
SANTANDER,CHARTA,VOTOS NULOS,10
SANTANDER,CHIMA,DE LA CALLE LOMBANA HUMBERTO,21
SANTANDER,CHIMA,DUQUE MARQUEZ IVAN,593
SANTANDER,CHIMA,FAJARDO VALDERRAMA SERGIO,164
SANTANDER,CHIMA,MORALES HOYOS VIVIANE ALEIDA,2
SANTANDER,CHIMA,PETRO URREGO GUSTAVO FRANCISCO,79
SANTANDER,CHIMA,PROMOTORES VOTO EN BLANCO,2
SANTANDER,CHIMA,TARJETAS NO MARCADAS,10
SANTANDER,CHIMA,TRUJILLO SARMIENTO JORGE ANTONIO,8
SANTANDER,CHIMA,VARGAS LLERAS GERMAN,279
SANTANDER,CHIMA,VOTOS EN BLANCO,40
SANTANDER,CHIMA,VOTOS NULOS,15
SANTANDER,CHIPATA,DE LA CALLE LOMBANA HUMBERTO,76
SANTANDER,CHIPATA,DUQUE MARQUEZ IVAN,489
SANTANDER,CHIPATA,FAJARDO VALDERRAMA SERGIO,213
SANTANDER,CHIPATA,MORALES HOYOS VIVIANE ALEIDA,6
SANTANDER,CHIPATA,PETRO URREGO GUSTAVO FRANCISCO,305
SANTANDER,CHIPATA,PROMOTORES VOTO EN BLANCO,3
SANTANDER,CHIPATA,TARJETAS NO MARCADAS,10
SANTANDER,CHIPATA,TRUJILLO SARMIENTO JORGE ANTONIO,2
SANTANDER,CHIPATA,VARGAS LLERAS GERMAN,485
SANTANDER,CHIPATA,VOTOS EN BLANCO,39
SANTANDER,CHIPATA,VOTOS NULOS,20
SANTANDER,CIMITARRA,DE LA CALLE LOMBANA HUMBERTO,142
SANTANDER,CIMITARRA,DUQUE MARQUEZ IVAN,7132
SANTANDER,CIMITARRA,FAJARDO VALDERRAMA SERGIO,2147
SANTANDER,CIMITARRA,MORALES HOYOS VIVIANE ALEIDA,30
SANTANDER,CIMITARRA,PETRO URREGO GUSTAVO FRANCISCO,2812
SANTANDER,CIMITARRA,PROMOTORES VOTO EN BLANCO,29
SANTANDER,CIMITARRA,TARJETAS NO MARCADAS,70
SANTANDER,CIMITARRA,TRUJILLO SARMIENTO JORGE ANTONIO,54
SANTANDER,CIMITARRA,VARGAS LLERAS GERMAN,609
SANTANDER,CIMITARRA,VOTOS EN BLANCO,268
SANTANDER,CIMITARRA,VOTOS NULOS,413
SANTANDER,CONCEPCION,DE LA CALLE LOMBANA HUMBERTO,56
SANTANDER,CONCEPCION,DUQUE MARQUEZ IVAN,1562
SANTANDER,CONCEPCION,FAJARDO VALDERRAMA SERGIO,464
SANTANDER,CONCEPCION,MORALES HOYOS VIVIANE ALEIDA,6
SANTANDER,CONCEPCION,PETRO URREGO GUSTAVO FRANCISCO,206
SANTANDER,CONCEPCION,PROMOTORES VOTO EN BLANCO,2
SANTANDER,CONCEPCION,TARJETAS NO MARCADAS,7
SANTANDER,CONCEPCION,TRUJILLO SARMIENTO JORGE ANTONIO,5
SANTANDER,CONCEPCION,VARGAS LLERAS GERMAN,190
SANTANDER,CONCEPCION,VOTOS EN BLANCO,51
SANTANDER,CONCEPCION,VOTOS NULOS,35
SANTANDER,CONFINES,DE LA CALLE LOMBANA HUMBERTO,28
SANTANDER,CONFINES,DUQUE MARQUEZ IVAN,1110
SANTANDER,CONFINES,FAJARDO VALDERRAMA SERGIO,155
SANTANDER,CONFINES,MORALES HOYOS VIVIANE ALEIDA,2
SANTANDER,CONFINES,PETRO URREGO GUSTAVO FRANCISCO,119
SANTANDER,CONFINES,PROMOTORES VOTO EN BLANCO,2
SANTANDER,CONFINES,TARJETAS NO MARCADAS,8
SANTANDER,CONFINES,TRUJILLO SARMIENTO JORGE ANTONIO,1
SANTANDER,CONFINES,VARGAS LLERAS GERMAN,89
SANTANDER,CONFINES,VOTOS EN BLANCO,17
SANTANDER,CONFINES,VOTOS NULOS,16
SANTANDER,CONTRATACION,DE LA CALLE LOMBANA HUMBERTO,18
SANTANDER,CONTRATACION,DUQUE MARQUEZ IVAN,791
SANTANDER,CONTRATACION,FAJARDO VALDERRAMA SERGIO,265
SANTANDER,CONTRATACION,MORALES HOYOS VIVIANE ALEIDA,3
SANTANDER,CONTRATACION,PETRO URREGO GUSTAVO FRANCISCO,176
SANTANDER,CONTRATACION,PROMOTORES VOTO EN BLANCO,4
SANTANDER,CONTRATACION,TARJETAS NO MARCADAS,13
SANTANDER,CONTRATACION,TRUJILLO SARMIENTO JORGE ANTONIO,6
SANTANDER,CONTRATACION,VARGAS LLERAS GERMAN,300
SANTANDER,CONTRATACION,VOTOS EN BLANCO,67
SANTANDER,CONTRATACION,VOTOS NULOS,25
SANTANDER,COROMORO,DE LA CALLE LOMBANA HUMBERTO,30
SANTANDER,COROMORO,DUQUE MARQUEZ IVAN,1189
SANTANDER,COROMORO,FAJARDO VALDERRAMA SERGIO,268
SANTANDER,COROMORO,MORALES HOYOS VIVIANE ALEIDA,13
SANTANDER,COROMORO,PETRO URREGO GUSTAVO FRANCISCO,175
SANTANDER,COROMORO,PROMOTORES VOTO EN BLANCO,2
SANTANDER,COROMORO,TARJETAS NO MARCADAS,30
SANTANDER,COROMORO,TRUJILLO SARMIENTO JORGE ANTONIO,7
SANTANDER,COROMORO,VARGAS LLERAS GERMAN,535
SANTANDER,COROMORO,VOTOS EN BLANCO,43
SANTANDER,COROMORO,VOTOS NULOS,39
SANTANDER,CURITI,DE LA CALLE LOMBANA HUMBERTO,57
SANTANDER,CURITI,DUQUE MARQUEZ IVAN,2850
SANTANDER,CURITI,FAJARDO VALDERRAMA SERGIO,1159
SANTANDER,CURITI,MORALES HOYOS VIVIANE ALEIDA,12
SANTANDER,CURITI,PETRO URREGO GUSTAVO FRANCISCO,711
SANTANDER,CURITI,PROMOTORES VOTO EN BLANCO,14
SANTANDER,CURITI,TARJETAS NO MARCADAS,20
SANTANDER,CURITI,TRUJILLO SARMIENTO JORGE ANTONIO,11
SANTANDER,CURITI,VARGAS LLERAS GERMAN,343
SANTANDER,CURITI,VOTOS EN BLANCO,96
SANTANDER,CURITI,VOTOS NULOS,72
SANTANDER,EL CARMEN DE CHUCURI,DE LA CALLE LOMBANA HUMBERTO,44
SANTANDER,EL CARMEN DE CHUCURI,DUQUE MARQUEZ IVAN,4697
SANTANDER,EL CARMEN DE CHUCURI,FAJARDO VALDERRAMA SERGIO,422
SANTANDER,EL CARMEN DE CHUCURI,MORALES HOYOS VIVIANE ALEIDA,12
SANTANDER,EL CARMEN DE CHUCURI,PETRO URREGO GUSTAVO FRANCISCO,333
SANTANDER,EL CARMEN DE CHUCURI,PROMOTORES VOTO EN BLANCO,3
SANTANDER,EL CARMEN DE CHUCURI,TARJETAS NO MARCADAS,36
SANTANDER,EL CARMEN DE CHUCURI,TRUJILLO SARMIENTO JORGE ANTONIO,12
SANTANDER,EL CARMEN DE CHUCURI,VARGAS LLERAS GERMAN,218
SANTANDER,EL CARMEN DE CHUCURI,VOTOS EN BLANCO,104
SANTANDER,EL CARMEN DE CHUCURI,VOTOS NULOS,107
SANTANDER,EL GUACAMAYO,DE LA CALLE LOMBANA HUMBERTO,1
SANTANDER,EL GUACAMAYO,DUQUE MARQUEZ IVAN,430
SANTANDER,EL GUACAMAYO,FAJARDO VALDERRAMA SERGIO,82
SANTANDER,EL GUACAMAYO,MORALES HOYOS VIVIANE ALEIDA,1
SANTANDER,EL GUACAMAYO,PETRO URREGO GUSTAVO FRANCISCO,43
SANTANDER,EL GUACAMAYO,PROMOTORES VOTO EN BLANCO,3
SANTANDER,EL GUACAMAYO,TARJETAS NO MARCADAS,4
SANTANDER,EL GUACAMAYO,TRUJILLO SARMIENTO JORGE ANTONIO,3
SANTANDER,EL GUACAMAYO,VARGAS LLERAS GERMAN,340
SANTANDER,EL GUACAMAYO,VOTOS EN BLANCO,24
SANTANDER,EL GUACAMAYO,VOTOS NULOS,21
SANTANDER,EL PENON,DE LA CALLE LOMBANA HUMBERTO,11
SANTANDER,EL PENON,DUQUE MARQUEZ IVAN,980
SANTANDER,EL PENON,FAJARDO VALDERRAMA SERGIO,132
SANTANDER,EL PENON,MORALES HOYOS VIVIANE ALEIDA,4
SANTANDER,EL PENON,PETRO URREGO GUSTAVO FRANCISCO,320
SANTANDER,EL PENON,PROMOTORES VOTO EN BLANCO,4
SANTANDER,EL PENON,TARJETAS NO MARCADAS,16
SANTANDER,EL PENON,TRUJILLO SARMIENTO JORGE ANTONIO,4
SANTANDER,EL PENON,VARGAS LLERAS GERMAN,74
SANTANDER,EL PENON,VOTOS EN BLANCO,36
SANTANDER,EL PENON,VOTOS NULOS,28
SANTANDER,EL PLAYON,DE LA CALLE LOMBANA HUMBERTO,63
SANTANDER,EL PLAYON,DUQUE MARQUEZ IVAN,4328
SANTANDER,EL PLAYON,FAJARDO VALDERRAMA SERGIO,516
SANTANDER,EL PLAYON,MORALES HOYOS VIVIANE ALEIDA,15
SANTANDER,EL PLAYON,PETRO URREGO GUSTAVO FRANCISCO,532
SANTANDER,EL PLAYON,PROMOTORES VOTO EN BLANCO,15
SANTANDER,EL PLAYON,TARJETAS NO MARCADAS,32
SANTANDER,EL PLAYON,TRUJILLO SARMIENTO JORGE ANTONIO,16
SANTANDER,EL PLAYON,VARGAS LLERAS GERMAN,453
SANTANDER,EL PLAYON,VOTOS EN BLANCO,90
SANTANDER,EL PLAYON,VOTOS NULOS,104
SANTANDER,ENCINO,DE LA CALLE LOMBANA HUMBERTO,36
SANTANDER,ENCINO,DUQUE MARQUEZ IVAN,682
SANTANDER,ENCINO,FAJARDO VALDERRAMA SERGIO,106
SANTANDER,ENCINO,MORALES HOYOS VIVIANE ALEIDA,2
SANTANDER,ENCINO,PETRO URREGO GUSTAVO FRANCISCO,87
SANTANDER,ENCINO,PROMOTORES VOTO EN BLANCO,1
SANTANDER,ENCINO,TARJETAS NO MARCADAS,1
SANTANDER,ENCINO,TRUJILLO SARMIENTO JORGE ANTONIO,12
SANTANDER,ENCINO,VARGAS LLERAS GERMAN,130
SANTANDER,ENCINO,VOTOS EN BLANCO,10
SANTANDER,ENCINO,VOTOS NULOS,3
SANTANDER,ENCISO,DE LA CALLE LOMBANA HUMBERTO,79
SANTANDER,ENCISO,DUQUE MARQUEZ IVAN,1043
SANTANDER,ENCISO,FAJARDO VALDERRAMA SERGIO,197
SANTANDER,ENCISO,MORALES HOYOS VIVIANE ALEIDA,7
SANTANDER,ENCISO,PETRO URREGO GUSTAVO FRANCISCO,96
SANTANDER,ENCISO,PROMOTORES VOTO EN BLANCO,3
SANTANDER,ENCISO,TARJETAS NO MARCADAS,3
SANTANDER,ENCISO,TRUJILLO SARMIENTO JORGE ANTONIO,6
SANTANDER,ENCISO,VARGAS LLERAS GERMAN,222
SANTANDER,ENCISO,VOTOS EN BLANCO,29
SANTANDER,ENCISO,VOTOS NULOS,25
SANTANDER,FLORIAN,DE LA CALLE LOMBANA HUMBERTO,70
SANTANDER,FLORIAN,DUQUE MARQUEZ IVAN,956
SANTANDER,FLORIAN,FAJARDO VALDERRAMA SERGIO,191
SANTANDER,FLORIAN,MORALES HOYOS VIVIANE ALEIDA,7
SANTANDER,FLORIAN,PETRO URREGO GUSTAVO FRANCISCO,494
SANTANDER,FLORIAN,TARJETAS NO MARCADAS,7
SANTANDER,FLORIAN,TRUJILLO SARMIENTO JORGE ANTONIO,10
SANTANDER,FLORIAN,VARGAS LLERAS GERMAN,404
SANTANDER,FLORIAN,VOTOS EN BLANCO,23
SANTANDER,FLORIAN,VOTOS NULOS,17
SANTANDER,FLORIDABLANCA,DE LA CALLE LOMBANA HUMBERTO,2031
SANTANDER,FLORIDABLANCA,DUQUE MARQUEZ IVAN,54372
SANTANDER,FLORIDABLANCA,FAJARDO VALDERRAMA SERGIO,43464
SANTANDER,FLORIDABLANCA,MORALES HOYOS VIVIANE ALEIDA,225
SANTANDER,FLORIDABLANCA,PETRO URREGO GUSTAVO FRANCISCO,18630
SANTANDER,FLORIDABLANCA,PROMOTORES VOTO EN BLANCO,186
SANTANDER,FLORIDABLANCA,TARJETAS NO MARCADAS,119
SANTANDER,FLORIDABLANCA,TRUJILLO SARMIENTO JORGE ANTONIO,583
SANTANDER,FLORIDABLANCA,VARGAS LLERAS GERMAN,6314
SANTANDER,FLORIDABLANCA,VOTOS EN BLANCO,2141
SANTANDER,FLORIDABLANCA,VOTOS NULOS,1036
SANTANDER,GALAN,DE LA CALLE LOMBANA HUMBERTO,14
SANTANDER,GALAN,DUQUE MARQUEZ IVAN,1054
SANTANDER,GALAN,FAJARDO VALDERRAMA SERGIO,107
SANTANDER,GALAN,MORALES HOYOS VIVIANE ALEIDA,5
SANTANDER,GALAN,PETRO URREGO GUSTAVO FRANCISCO,98
SANTANDER,GALAN,TARJETAS NO MARCADAS,8
SANTANDER,GALAN,TRUJILLO SARMIENTO JORGE ANTONIO,1
SANTANDER,GALAN,VARGAS LLERAS GERMAN,159
SANTANDER,GALAN,VOTOS EN BLANCO,31
SANTANDER,GALAN,VOTOS NULOS,12
SANTANDER,GAMBITA,DE LA CALLE LOMBANA HUMBERTO,20
SANTANDER,GAMBITA,DUQUE MARQUEZ IVAN,1097
SANTANDER,GAMBITA,FAJARDO VALDERRAMA SERGIO,181
SANTANDER,GAMBITA,MORALES HOYOS VIVIANE ALEIDA,7
SANTANDER,GAMBITA,PETRO URREGO GUSTAVO FRANCISCO,171
SANTANDER,GAMBITA,PROMOTORES VOTO EN BLANCO,1
SANTANDER,GAMBITA,TARJETAS NO MARCADAS,14
SANTANDER,GAMBITA,TRUJILLO SARMIENTO JORGE ANTONIO,8
SANTANDER,GAMBITA,VARGAS LLERAS GERMAN,153
SANTANDER,GAMBITA,VOTOS EN BLANCO,26
SANTANDER,GAMBITA,VOTOS NULOS,22
SANTANDER,GIRON,DE LA CALLE LOMBANA HUMBERTO,1036
SANTANDER,GIRON,DUQUE MARQUEZ IVAN,31097
SANTANDER,GIRON,FAJARDO VALDERRAMA SERGIO,21397
SANTANDER,GIRON,MORALES HOYOS VIVIANE ALEIDA,207
SANTANDER,GIRON,PETRO URREGO GUSTAVO FRANCISCO,10849
SANTANDER,GIRON,PROMOTORES VOTO EN BLANCO,99
SANTANDER,GIRON,TARJETAS NO MARCADAS,120
SANTANDER,GIRON,TRUJILLO SARMIENTO JORGE ANTONIO,327
SANTANDER,GIRON,VARGAS LLERAS GERMAN,3698
SANTANDER,GIRON,VOTOS EN BLANCO,1586
SANTANDER,GIRON,VOTOS NULOS,774
SANTANDER,GUACA,DE LA CALLE LOMBANA HUMBERTO,100
SANTANDER,GUACA,DUQUE MARQUEZ IVAN,2046
SANTANDER,GUACA,FAJARDO VALDERRAMA SERGIO,260
SANTANDER,GUACA,MORALES HOYOS VIVIANE ALEIDA,7
SANTANDER,GUACA,PETRO URREGO GUSTAVO FRANCISCO,180
SANTANDER,GUACA,PROMOTORES VOTO EN BLANCO,3
SANTANDER,GUACA,TARJETAS NO MARCADAS,12
SANTANDER,GUACA,TRUJILLO SARMIENTO JORGE ANTONIO,3
SANTANDER,GUACA,VARGAS LLERAS GERMAN,160
SANTANDER,GUACA,VOTOS EN BLANCO,28
SANTANDER,GUACA,VOTOS NULOS,25
SANTANDER,GUADALUPE,DE LA CALLE LOMBANA HUMBERTO,17
SANTANDER,GUADALUPE,DUQUE MARQUEZ IVAN,1676
SANTANDER,GUADALUPE,FAJARDO VALDERRAMA SERGIO,304
SANTANDER,GUADALUPE,MORALES HOYOS VIVIANE ALEIDA,7
SANTANDER,GUADALUPE,PETRO URREGO GUSTAVO FRANCISCO,174
SANTANDER,GUADALUPE,PROMOTORES VOTO EN BLANCO,7
SANTANDER,GUADALUPE,TARJETAS NO MARCADAS,6
SANTANDER,GUADALUPE,TRUJILLO SARMIENTO JORGE ANTONIO,2
SANTANDER,GUADALUPE,VARGAS LLERAS GERMAN,98
SANTANDER,GUADALUPE,VOTOS EN BLANCO,36
SANTANDER,GUADALUPE,VOTOS NULOS,23
SANTANDER,GUAPOTA,DE LA CALLE LOMBANA HUMBERTO,23
SANTANDER,GUAPOTA,DUQUE MARQUEZ IVAN,653
SANTANDER,GUAPOTA,FAJARDO VALDERRAMA SERGIO,106
SANTANDER,GUAPOTA,MORALES HOYOS VIVIANE ALEIDA,1
SANTANDER,GUAPOTA,PETRO URREGO GUSTAVO FRANCISCO,78
SANTANDER,GUAPOTA,PROMOTORES VOTO EN BLANCO,2
SANTANDER,GUAPOTA,TARJETAS NO MARCADAS,10
SANTANDER,GUAPOTA,VARGAS LLERAS GERMAN,119
SANTANDER,GUAPOTA,VOTOS EN BLANCO,14
SANTANDER,GUAPOTA,VOTOS NULOS,13
SANTANDER,GUAVATA,DE LA CALLE LOMBANA HUMBERTO,51
SANTANDER,GUAVATA,DUQUE MARQUEZ IVAN,829
SANTANDER,GUAVATA,FAJARDO VALDERRAMA SERGIO,213
SANTANDER,GUAVATA,MORALES HOYOS VIVIANE ALEIDA,1
SANTANDER,GUAVATA,PETRO URREGO GUSTAVO FRANCISCO,587
SANTANDER,GUAVATA,PROMOTORES VOTO EN BLANCO,3
SANTANDER,GUAVATA,TARJETAS NO MARCADAS,12
SANTANDER,GUAVATA,TRUJILLO SARMIENTO JORGE ANTONIO,2
SANTANDER,GUAVATA,VARGAS LLERAS GERMAN,231
SANTANDER,GUAVATA,VOTOS EN BLANCO,32
SANTANDER,GUAVATA,VOTOS NULOS,35
SANTANDER,GUEPSA,DE LA CALLE LOMBANA HUMBERTO,31
SANTANDER,GUEPSA,DUQUE MARQUEZ IVAN,664
SANTANDER,GUEPSA,FAJARDO VALDERRAMA SERGIO,253
SANTANDER,GUEPSA,MORALES HOYOS VIVIANE ALEIDA,2
SANTANDER,GUEPSA,PETRO URREGO GUSTAVO FRANCISCO,547
SANTANDER,GUEPSA,PROMOTORES VOTO EN BLANCO,5
SANTANDER,GUEPSA,TARJETAS NO MARCADAS,7
SANTANDER,GUEPSA,TRUJILLO SARMIENTO JORGE ANTONIO,1
SANTANDER,GUEPSA,VARGAS LLERAS GERMAN,483
SANTANDER,GUEPSA,VOTOS EN BLANCO,71
SANTANDER,GUEPSA,VOTOS NULOS,25
SANTANDER,HATO,DE LA CALLE LOMBANA HUMBERTO,49
SANTANDER,HATO,DUQUE MARQUEZ IVAN,334
SANTANDER,HATO,FAJARDO VALDERRAMA SERGIO,174
SANTANDER,HATO,MORALES HOYOS VIVIANE ALEIDA,2
SANTANDER,HATO,PETRO URREGO GUSTAVO FRANCISCO,153
SANTANDER,HATO,PROMOTORES VOTO EN BLANCO,2
SANTANDER,HATO,TARJETAS NO MARCADAS,12
SANTANDER,HATO,TRUJILLO SARMIENTO JORGE ANTONIO,7
SANTANDER,HATO,VARGAS LLERAS GERMAN,152
SANTANDER,HATO,VOTOS EN BLANCO,41
SANTANDER,HATO,VOTOS NULOS,30
SANTANDER,JESUS MARIA,DE LA CALLE LOMBANA HUMBERTO,23
SANTANDER,JESUS MARIA,DUQUE MARQUEZ IVAN,725
SANTANDER,JESUS MARIA,FAJARDO VALDERRAMA SERGIO,217
SANTANDER,JESUS MARIA,MORALES HOYOS VIVIANE ALEIDA,2
SANTANDER,JESUS MARIA,PETRO URREGO GUSTAVO FRANCISCO,442
SANTANDER,JESUS MARIA,PROMOTORES VOTO EN BLANCO,2
SANTANDER,JESUS MARIA,TARJETAS NO MARCADAS,6
SANTANDER,JESUS MARIA,TRUJILLO SARMIENTO JORGE ANTONIO,1
SANTANDER,JESUS MARIA,VARGAS LLERAS GERMAN,126
SANTANDER,JESUS MARIA,VOTOS EN BLANCO,26
SANTANDER,JESUS MARIA,VOTOS NULOS,25
SANTANDER,JORDAN,DE LA CALLE LOMBANA HUMBERTO,5
SANTANDER,JORDAN,DUQUE MARQUEZ IVAN,512
SANTANDER,JORDAN,FAJARDO VALDERRAMA SERGIO,52
SANTANDER,JORDAN,MORALES HOYOS VIVIANE ALEIDA,2
SANTANDER,JORDAN,PETRO URREGO GUSTAVO FRANCISCO,31
SANTANDER,JORDAN,PROMOTORES VOTO EN BLANCO,3
SANTANDER,JORDAN,TARJETAS NO MARCADAS,7
SANTANDER,JORDAN,TRUJILLO SARMIENTO JORGE ANTONIO,4
SANTANDER,JORDAN,VARGAS LLERAS GERMAN,89
SANTANDER,JORDAN,VOTOS EN BLANCO,12
SANTANDER,JORDAN,VOTOS NULOS,3
SANTANDER,LA BELLEZA,DE LA CALLE LOMBANA HUMBERTO,13
SANTANDER,LA BELLEZA,DUQUE MARQUEZ IVAN,2093
SANTANDER,LA BELLEZA,FAJARDO VALDERRAMA SERGIO,308
SANTANDER,LA BELLEZA,MORALES HOYOS VIVIANE ALEIDA,2
SANTANDER,LA BELLEZA,PETRO URREGO GUSTAVO FRANCISCO,267
SANTANDER,LA BELLEZA,PROMOTORES VOTO EN BLANCO,2
SANTANDER,LA BELLEZA,TARJETAS NO MARCADAS,3
SANTANDER,LA BELLEZA,TRUJILLO SARMIENTO JORGE ANTONIO,3
SANTANDER,LA BELLEZA,VARGAS LLERAS GERMAN,272
SANTANDER,LA BELLEZA,VOTOS EN BLANCO,32
SANTANDER,LA BELLEZA,VOTOS NULOS,14
SANTANDER,LA PAZ,DE LA CALLE LOMBANA HUMBERTO,15
SANTANDER,LA PAZ,DUQUE MARQUEZ IVAN,1085
SANTANDER,LA PAZ,FAJARDO VALDERRAMA SERGIO,201
SANTANDER,LA PAZ,MORALES HOYOS VIVIANE ALEIDA,7
SANTANDER,LA PAZ,PETRO URREGO GUSTAVO FRANCISCO,158
SANTANDER,LA PAZ,PROMOTORES VOTO EN BLANCO,3
SANTANDER,LA PAZ,TARJETAS NO MARCADAS,13
SANTANDER,LA PAZ,TRUJILLO SARMIENTO JORGE ANTONIO,5
SANTANDER,LA PAZ,VARGAS LLERAS GERMAN,178
SANTANDER,LA PAZ,VOTOS EN BLANCO,34
SANTANDER,LA PAZ,VOTOS NULOS,22
SANTANDER,LANDAZURI,DE LA CALLE LOMBANA HUMBERTO,54
SANTANDER,LANDAZURI,DUQUE MARQUEZ IVAN,2221
SANTANDER,LANDAZURI,FAJARDO VALDERRAMA SERGIO,471
SANTANDER,LANDAZURI,MORALES HOYOS VIVIANE ALEIDA,14
SANTANDER,LANDAZURI,PETRO URREGO GUSTAVO FRANCISCO,964
SANTANDER,LANDAZURI,PROMOTORES VOTO EN BLANCO,11
SANTANDER,LANDAZURI,TARJETAS NO MARCADAS,40
SANTANDER,LANDAZURI,TRUJILLO SARMIENTO JORGE ANTONIO,19
SANTANDER,LANDAZURI,VARGAS LLERAS GERMAN,469
SANTANDER,LANDAZURI,VOTOS EN BLANCO,87
SANTANDER,LANDAZURI,VOTOS NULOS,128
SANTANDER,LEBRIJA,DE LA CALLE LOMBANA HUMBERTO,228
SANTANDER,LEBRIJA,DUQUE MARQUEZ IVAN,11992
SANTANDER,LEBRIJA,FAJARDO VALDERRAMA SERGIO,3728
SANTANDER,LEBRIJA,MORALES HOYOS VIVIANE ALEIDA,41
SANTANDER,LEBRIJA,PETRO URREGO GUSTAVO FRANCISCO,1659
SANTANDER,LEBRIJA,PROMOTORES VOTO EN BLANCO,24
SANTANDER,LEBRIJA,TARJETAS NO MARCADAS,24
SANTANDER,LEBRIJA,TRUJILLO SARMIENTO JORGE ANTONIO,51
SANTANDER,LEBRIJA,VARGAS LLERAS GERMAN,1140
SANTANDER,LEBRIJA,VOTOS EN BLANCO,324
SANTANDER,LEBRIJA,VOTOS NULOS,216
SANTANDER,LOS SANTOS,DE LA CALLE LOMBANA HUMBERTO,116
SANTANDER,LOS SANTOS,DUQUE MARQUEZ IVAN,3139
SANTANDER,LOS SANTOS,FAJARDO VALDERRAMA SERGIO,952
SANTANDER,LOS SANTOS,MORALES HOYOS VIVIANE ALEIDA,7
SANTANDER,LOS SANTOS,PETRO URREGO GUSTAVO FRANCISCO,343
SANTANDER,LOS SANTOS,PROMOTORES VOTO EN BLANCO,5
SANTANDER,LOS SANTOS,TARJETAS NO MARCADAS,28
SANTANDER,LOS SANTOS,TRUJILLO SARMIENTO JORGE ANTONIO,10
SANTANDER,LOS SANTOS,VARGAS LLERAS GERMAN,413
SANTANDER,LOS SANTOS,VOTOS EN BLANCO,103
SANTANDER,LOS SANTOS,VOTOS NULOS,85
SANTANDER,MACARAVITA,DE LA CALLE LOMBANA HUMBERTO,18
SANTANDER,MACARAVITA,DUQUE MARQUEZ IVAN,771
SANTANDER,MACARAVITA,FAJARDO VALDERRAMA SERGIO,41
SANTANDER,MACARAVITA,MORALES HOYOS VIVIANE ALEIDA,1
SANTANDER,MACARAVITA,PETRO URREGO GUSTAVO FRANCISCO,69
SANTANDER,MACARAVITA,TARJETAS NO MARCADAS,8
SANTANDER,MACARAVITA,TRUJILLO SARMIENTO JORGE ANTONIO,3
SANTANDER,MACARAVITA,VARGAS LLERAS GERMAN,167
SANTANDER,MACARAVITA,VOTOS EN BLANCO,18
SANTANDER,MACARAVITA,VOTOS NULOS,6
SANTANDER,MALAGA,DE LA CALLE LOMBANA HUMBERTO,125
SANTANDER,MALAGA,DUQUE MARQUEZ IVAN,5163
SANTANDER,MALAGA,FAJARDO VALDERRAMA SERGIO,2180
SANTANDER,MALAGA,MORALES HOYOS VIVIANE ALEIDA,12
SANTANDER,MALAGA,PETRO URREGO GUSTAVO FRANCISCO,1121
SANTANDER,MALAGA,PROMOTORES VOTO EN BLANCO,10
SANTANDER,MALAGA,TARJETAS NO MARCADAS,17
SANTANDER,MALAGA,TRUJILLO SARMIENTO JORGE ANTONIO,15
SANTANDER,MALAGA,VARGAS LLERAS GERMAN,535
SANTANDER,MALAGA,VOTOS EN BLANCO,134
SANTANDER,MALAGA,VOTOS NULOS,113
SANTANDER,MATANZA,DE LA CALLE LOMBANA HUMBERTO,47
SANTANDER,MATANZA,DUQUE MARQUEZ IVAN,2150
SANTANDER,MATANZA,FAJARDO VALDERRAMA SERGIO,268
SANTANDER,MATANZA,MORALES HOYOS VIVIANE ALEIDA,6
SANTANDER,MATANZA,PETRO URREGO GUSTAVO FRANCISCO,246
SANTANDER,MATANZA,PROMOTORES VOTO EN BLANCO,3
SANTANDER,MATANZA,TARJETAS NO MARCADAS,6
SANTANDER,MATANZA,TRUJILLO SARMIENTO JORGE ANTONIO,6
SANTANDER,MATANZA,VARGAS LLERAS GERMAN,168
SANTANDER,MATANZA,VOTOS EN BLANCO,53
SANTANDER,MATANZA,VOTOS NULOS,35
SANTANDER,MOGOTES,DE LA CALLE LOMBANA HUMBERTO,68
SANTANDER,MOGOTES,DUQUE MARQUEZ IVAN,2614
SANTANDER,MOGOTES,FAJARDO VALDERRAMA SERGIO,596
SANTANDER,MOGOTES,MORALES HOYOS VIVIANE ALEIDA,13
SANTANDER,MOGOTES,PETRO URREGO GUSTAVO FRANCISCO,399
SANTANDER,MOGOTES,PROMOTORES VOTO EN BLANCO,9
SANTANDER,MOGOTES,TARJETAS NO MARCADAS,29
SANTANDER,MOGOTES,TRUJILLO SARMIENTO JORGE ANTONIO,11
SANTANDER,MOGOTES,VARGAS LLERAS GERMAN,170
SANTANDER,MOGOTES,VOTOS EN BLANCO,95
SANTANDER,MOGOTES,VOTOS NULOS,113
SANTANDER,MOLAGAVITA,DE LA CALLE LOMBANA HUMBERTO,18
SANTANDER,MOLAGAVITA,DUQUE MARQUEZ IVAN,1579
SANTANDER,MOLAGAVITA,FAJARDO VALDERRAMA SERGIO,176
SANTANDER,MOLAGAVITA,MORALES HOYOS VIVIANE ALEIDA,6
SANTANDER,MOLAGAVITA,PETRO URREGO GUSTAVO FRANCISCO,87
SANTANDER,MOLAGAVITA,PROMOTORES VOTO EN BLANCO,2
SANTANDER,MOLAGAVITA,TARJETAS NO MARCADAS,11
SANTANDER,MOLAGAVITA,TRUJILLO SARMIENTO JORGE ANTONIO,7
SANTANDER,MOLAGAVITA,VARGAS LLERAS GERMAN,97
SANTANDER,MOLAGAVITA,VOTOS EN BLANCO,19
SANTANDER,MOLAGAVITA,VOTOS NULOS,18
SANTANDER,OCAMONTE,DE LA CALLE LOMBANA HUMBERTO,75
SANTANDER,OCAMONTE,DUQUE MARQUEZ IVAN,1400
SANTANDER,OCAMONTE,FAJARDO VALDERRAMA SERGIO,219
SANTANDER,OCAMONTE,MORALES HOYOS VIVIANE ALEIDA,3
SANTANDER,OCAMONTE,PETRO URREGO GUSTAVO FRANCISCO,129
SANTANDER,OCAMONTE,PROMOTORES VOTO EN BLANCO,2
SANTANDER,OCAMONTE,TARJETAS NO MARCADAS,7
SANTANDER,OCAMONTE,TRUJILLO SARMIENTO JORGE ANTONIO,2
SANTANDER,OCAMONTE,VARGAS LLERAS GERMAN,184
SANTANDER,OCAMONTE,VOTOS EN BLANCO,33
SANTANDER,OCAMONTE,VOTOS NULOS,14
SANTANDER,OIBA,DE LA CALLE LOMBANA HUMBERTO,62
SANTANDER,OIBA,DUQUE MARQUEZ IVAN,2937
SANTANDER,OIBA,FAJARDO VALDERRAMA SERGIO,867
SANTANDER,OIBA,MORALES HOYOS VIVIANE ALEIDA,18
SANTANDER,OIBA,PETRO URREGO GUSTAVO FRANCISCO,556
SANTANDER,OIBA,PROMOTORES VOTO EN BLANCO,9
SANTANDER,OIBA,TARJETAS NO MARCADAS,18
SANTANDER,OIBA,TRUJILLO SARMIENTO JORGE ANTONIO,18
SANTANDER,OIBA,VARGAS LLERAS GERMAN,243
SANTANDER,OIBA,VOTOS EN BLANCO,101
SANTANDER,OIBA,VOTOS NULOS,73
SANTANDER,ONZAGA,DE LA CALLE LOMBANA HUMBERTO,65
SANTANDER,ONZAGA,DUQUE MARQUEZ IVAN,1110
SANTANDER,ONZAGA,FAJARDO VALDERRAMA SERGIO,189
SANTANDER,ONZAGA,MORALES HOYOS VIVIANE ALEIDA,7
SANTANDER,ONZAGA,PETRO URREGO GUSTAVO FRANCISCO,142
SANTANDER,ONZAGA,TARJETAS NO MARCADAS,19
SANTANDER,ONZAGA,TRUJILLO SARMIENTO JORGE ANTONIO,5
SANTANDER,ONZAGA,VARGAS LLERAS GERMAN,202
SANTANDER,ONZAGA,VOTOS EN BLANCO,35
SANTANDER,ONZAGA,VOTOS NULOS,32
SANTANDER,PALMAR,DE LA CALLE LOMBANA HUMBERTO,17
SANTANDER,PALMAR,DUQUE MARQUEZ IVAN,344
SANTANDER,PALMAR,FAJARDO VALDERRAMA SERGIO,114
SANTANDER,PALMAR,PETRO URREGO GUSTAVO FRANCISCO,126
SANTANDER,PALMAR,TARJETAS NO MARCADAS,3
SANTANDER,PALMAR,TRUJILLO SARMIENTO JORGE ANTONIO,1
SANTANDER,PALMAR,VARGAS LLERAS GERMAN,110
SANTANDER,PALMAR,VOTOS EN BLANCO,6
SANTANDER,PALMAR,VOTOS NULOS,3
SANTANDER,PALMAS DEL SOCORRO,DE LA CALLE LOMBANA HUMBERTO,21
SANTANDER,PALMAS DEL SOCORRO,DUQUE MARQUEZ IVAN,892
SANTANDER,PALMAS DEL SOCORRO,FAJARDO VALDERRAMA SERGIO,228
SANTANDER,PALMAS DEL SOCORRO,MORALES HOYOS VIVIANE ALEIDA,3
SANTANDER,PALMAS DEL SOCORRO,PETRO URREGO GUSTAVO FRANCISCO,111
SANTANDER,PALMAS DEL SOCORRO,PROMOTORES VOTO EN BLANCO,1
SANTANDER,PALMAS DEL SOCORRO,TARJETAS NO MARCADAS,8
SANTANDER,PALMAS DEL SOCORRO,TRUJILLO SARMIENTO JORGE ANTONIO,3
SANTANDER,PALMAS DEL SOCORRO,VARGAS LLERAS GERMAN,159
SANTANDER,PALMAS DEL SOCORRO,VOTOS EN BLANCO,11
SANTANDER,PALMAS DEL SOCORRO,VOTOS NULOS,15
SANTANDER,PARAMO,DE LA CALLE LOMBANA HUMBERTO,34
SANTANDER,PARAMO,DUQUE MARQUEZ IVAN,1372
SANTANDER,PARAMO,FAJARDO VALDERRAMA SERGIO,392
SANTANDER,PARAMO,MORALES HOYOS VIVIANE ALEIDA,2
SANTANDER,PARAMO,PETRO URREGO GUSTAVO FRANCISCO,119
SANTANDER,PARAMO,PROMOTORES VOTO EN BLANCO,2
SANTANDER,PARAMO,TARJETAS NO MARCADAS,6
SANTANDER,PARAMO,TRUJILLO SARMIENTO JORGE ANTONIO,3
SANTANDER,PARAMO,VARGAS LLERAS GERMAN,181
SANTANDER,PARAMO,VOTOS EN BLANCO,30
SANTANDER,PARAMO,VOTOS NULOS,10
SANTANDER,PIEDECUESTA,DE LA CALLE LOMBANA HUMBERTO,893
SANTANDER,PIEDECUESTA,DUQUE MARQUEZ IVAN,31306
SANTANDER,PIEDECUESTA,FAJARDO VALDERRAMA SERGIO,21098
SANTANDER,PIEDECUESTA,MORALES HOYOS VIVIANE ALEIDA,133
SANTANDER,PIEDECUESTA,PETRO URREGO GUSTAVO FRANCISCO,11132
SANTANDER,PIEDECUESTA,PROMOTORES VOTO EN BLANCO,65
SANTANDER,PIEDECUESTA,TARJETAS NO MARCADAS,119
SANTANDER,PIEDECUESTA,TRUJILLO SARMIENTO JORGE ANTONIO,212
SANTANDER,PIEDECUESTA,VARGAS LLERAS GERMAN,3734
SANTANDER,PIEDECUESTA,VOTOS EN BLANCO,1356
SANTANDER,PIEDECUESTA,VOTOS NULOS,857
SANTANDER,PINCHOTE,DE LA CALLE LOMBANA HUMBERTO,43
SANTANDER,PINCHOTE,DUQUE MARQUEZ IVAN,969
SANTANDER,PINCHOTE,FAJARDO VALDERRAMA SERGIO,578
SANTANDER,PINCHOTE,MORALES HOYOS VIVIANE ALEIDA,7
SANTANDER,PINCHOTE,PETRO URREGO GUSTAVO FRANCISCO,252
SANTANDER,PINCHOTE,PROMOTORES VOTO EN BLANCO,2
SANTANDER,PINCHOTE,TARJETAS NO MARCADAS,7
SANTANDER,PINCHOTE,TRUJILLO SARMIENTO JORGE ANTONIO,8
SANTANDER,PINCHOTE,VARGAS LLERAS GERMAN,142
SANTANDER,PINCHOTE,VOTOS EN BLANCO,22
SANTANDER,PINCHOTE,VOTOS NULOS,21
SANTANDER,PUENTE NACIONAL,DE LA CALLE LOMBANA HUMBERTO,329
SANTANDER,PUENTE NACIONAL,DUQUE MARQUEZ IVAN,2712
SANTANDER,PUENTE NACIONAL,FAJARDO VALDERRAMA SERGIO,1251
SANTANDER,PUENTE NACIONAL,MORALES HOYOS VIVIANE ALEIDA,13
SANTANDER,PUENTE NACIONAL,PETRO URREGO GUSTAVO FRANCISCO,1604
SANTANDER,PUENTE NACIONAL,PROMOTORES VOTO EN BLANCO,6
SANTANDER,PUENTE NACIONAL,TARJETAS NO MARCADAS,19
SANTANDER,PUENTE NACIONAL,TRUJILLO SARMIENTO JORGE ANTONIO,17
SANTANDER,PUENTE NACIONAL,VARGAS LLERAS GERMAN,588
SANTANDER,PUENTE NACIONAL,VOTOS EN BLANCO,91
SANTANDER,PUENTE NACIONAL,VOTOS NULOS,92
SANTANDER,PUERTO PARRA,DE LA CALLE LOMBANA HUMBERTO,39
SANTANDER,PUERTO PARRA,DUQUE MARQUEZ IVAN,1717
SANTANDER,PUERTO PARRA,FAJARDO VALDERRAMA SERGIO,220
SANTANDER,PUERTO PARRA,MORALES HOYOS VIVIANE ALEIDA,17
SANTANDER,PUERTO PARRA,PETRO URREGO GUSTAVO FRANCISCO,322
SANTANDER,PUERTO PARRA,PROMOTORES VOTO EN BLANCO,3
SANTANDER,PUERTO PARRA,TARJETAS NO MARCADAS,14
SANTANDER,PUERTO PARRA,TRUJILLO SARMIENTO JORGE ANTONIO,18
SANTANDER,PUERTO PARRA,VARGAS LLERAS GERMAN,157
SANTANDER,PUERTO PARRA,VOTOS EN BLANCO,45
SANTANDER,PUERTO PARRA,VOTOS NULOS,45
SANTANDER,PUERTO WILCHES,DE LA CALLE LOMBANA HUMBERTO,166
SANTANDER,PUERTO WILCHES,DUQUE MARQUEZ IVAN,5023
SANTANDER,PUERTO WILCHES,FAJARDO VALDERRAMA SERGIO,1252
SANTANDER,PUERTO WILCHES,MORALES HOYOS VIVIANE ALEIDA,33
SANTANDER,PUERTO WILCHES,PETRO URREGO GUSTAVO FRANCISCO,4247
SANTANDER,PUERTO WILCHES,PROMOTORES VOTO EN BLANCO,23
SANTANDER,PUERTO WILCHES,TARJETAS NO MARCADAS,53
SANTANDER,PUERTO WILCHES,TRUJILLO SARMIENTO JORGE ANTONIO,61
SANTANDER,PUERTO WILCHES,VARGAS LLERAS GERMAN,640
SANTANDER,PUERTO WILCHES,VOTOS EN BLANCO,183
SANTANDER,PUERTO WILCHES,VOTOS NULOS,201
SANTANDER,RIONEGRO,DE LA CALLE LOMBANA HUMBERTO,179
SANTANDER,RIONEGRO,DUQUE MARQUEZ IVAN,7591
SANTANDER,RIONEGRO,FAJARDO VALDERRAMA SERGIO,1518
SANTANDER,RIONEGRO,MORALES HOYOS VIVIANE ALEIDA,37
SANTANDER,RIONEGRO,PETRO URREGO GUSTAVO FRANCISCO,1245
SANTANDER,RIONEGRO,PROMOTORES VOTO EN BLANCO,19
SANTANDER,RIONEGRO,TARJETAS NO MARCADAS,48
SANTANDER,RIONEGRO,TRUJILLO SARMIENTO JORGE ANTONIO,31
SANTANDER,RIONEGRO,VARGAS LLERAS GERMAN,910
SANTANDER,RIONEGRO,VOTOS EN BLANCO,199
SANTANDER,RIONEGRO,VOTOS NULOS,223
SANTANDER,SABANA DE TORRES,DE LA CALLE LOMBANA HUMBERTO,182
SANTANDER,SABANA DE TORRES,DUQUE MARQUEZ IVAN,6200
SANTANDER,SABANA DE TORRES,FAJARDO VALDERRAMA SERGIO,1722
SANTANDER,SABANA DE TORRES,MORALES HOYOS VIVIANE ALEIDA,46
SANTANDER,SABANA DE TORRES,PETRO URREGO GUSTAVO FRANCISCO,2123
SANTANDER,SABANA DE TORRES,PROMOTORES VOTO EN BLANCO,18
SANTANDER,SABANA DE TORRES,TARJETAS NO MARCADAS,61
SANTANDER,SABANA DE TORRES,TRUJILLO SARMIENTO JORGE ANTONIO,112
SANTANDER,SABANA DE TORRES,VARGAS LLERAS GERMAN,631
SANTANDER,SABANA DE TORRES,VOTOS EN BLANCO,261
SANTANDER,SABANA DE TORRES,VOTOS NULOS,257
SANTANDER,SAN ANDRES,DE LA CALLE LOMBANA HUMBERTO,77
SANTANDER,SAN ANDRES,DUQUE MARQUEZ IVAN,2218
SANTANDER,SAN ANDRES,FAJARDO VALDERRAMA SERGIO,414
SANTANDER,SAN ANDRES,MORALES HOYOS VIVIANE ALEIDA,8
SANTANDER,SAN ANDRES,PETRO URREGO GUSTAVO FRANCISCO,390
SANTANDER,SAN ANDRES,PROMOTORES VOTO EN BLANCO,4
SANTANDER,SAN ANDRES,TARJETAS NO MARCADAS,19
SANTANDER,SAN ANDRES,TRUJILLO SARMIENTO JORGE ANTONIO,13
SANTANDER,SAN ANDRES,VARGAS LLERAS GERMAN,283
SANTANDER,SAN ANDRES,VOTOS EN BLANCO,48
SANTANDER,SAN ANDRES,VOTOS NULOS,52
SANTANDER,SAN BENITO,DE LA CALLE LOMBANA HUMBERTO,12
SANTANDER,SAN BENITO,DUQUE MARQUEZ IVAN,589
SANTANDER,SAN BENITO,FAJARDO VALDERRAMA SERGIO,142
SANTANDER,SAN BENITO,MORALES HOYOS VIVIANE ALEIDA,4
SANTANDER,SAN BENITO,PETRO URREGO GUSTAVO FRANCISCO,130
SANTANDER,SAN BENITO,PROMOTORES VOTO EN BLANCO,1
SANTANDER,SAN BENITO,TARJETAS NO MARCADAS,2
SANTANDER,SAN BENITO,TRUJILLO SARMIENTO JORGE ANTONIO,5
SANTANDER,SAN BENITO,VARGAS LLERAS GERMAN,436
SANTANDER,SAN BENITO,VOTOS EN BLANCO,16
SANTANDER,SAN BENITO,VOTOS NULOS,9
SANTANDER,SAN GIL,DE LA CALLE LOMBANA HUMBERTO,401
SANTANDER,SAN GIL,DUQUE MARQUEZ IVAN,9685
SANTANDER,SAN GIL,FAJARDO VALDERRAMA SERGIO,9539
SANTANDER,SAN GIL,MORALES HOYOS VIVIANE ALEIDA,33
SANTANDER,SAN GIL,PETRO URREGO GUSTAVO FRANCISCO,3937
SANTANDER,SAN GIL,PROMOTORES VOTO EN BLANCO,30
SANTANDER,SAN GIL,TARJETAS NO MARCADAS,21
SANTANDER,SAN GIL,TRUJILLO SARMIENTO JORGE ANTONIO,76
SANTANDER,SAN GIL,VARGAS LLERAS GERMAN,1329
SANTANDER,SAN GIL,VOTOS EN BLANCO,438
SANTANDER,SAN GIL,VOTOS NULOS,249
SANTANDER,SAN JOAQUIN,DE LA CALLE LOMBANA HUMBERTO,17
SANTANDER,SAN JOAQUIN,DUQUE MARQUEZ IVAN,702
SANTANDER,SAN JOAQUIN,FAJARDO VALDERRAMA SERGIO,162
SANTANDER,SAN JOAQUIN,MORALES HOYOS VIVIANE ALEIDA,1
SANTANDER,SAN JOAQUIN,PETRO URREGO GUSTAVO FRANCISCO,80
SANTANDER,SAN JOAQUIN,PROMOTORES VOTO EN BLANCO,2
SANTANDER,SAN JOAQUIN,TARJETAS NO MARCADAS,7
SANTANDER,SAN JOAQUIN,TRUJILLO SARMIENTO JORGE ANTONIO,5
SANTANDER,SAN JOAQUIN,VARGAS LLERAS GERMAN,41
SANTANDER,SAN JOAQUIN,VOTOS EN BLANCO,26
SANTANDER,SAN JOAQUIN,VOTOS NULOS,10
SANTANDER,SAN JOSE DE MIRANDA,DE LA CALLE LOMBANA HUMBERTO,10
SANTANDER,SAN JOSE DE MIRANDA,DUQUE MARQUEZ IVAN,1851
SANTANDER,SAN JOSE DE MIRANDA,FAJARDO VALDERRAMA SERGIO,326
SANTANDER,SAN JOSE DE MIRANDA,MORALES HOYOS VIVIANE ALEIDA,3
SANTANDER,SAN JOSE DE MIRANDA,PETRO URREGO GUSTAVO FRANCISCO,149
SANTANDER,SAN JOSE DE MIRANDA,PROMOTORES VOTO EN BLANCO,4
SANTANDER,SAN JOSE DE MIRANDA,TARJETAS NO MARCADAS,12
SANTANDER,SAN JOSE DE MIRANDA,TRUJILLO SARMIENTO JORGE ANTONIO,2
SANTANDER,SAN JOSE DE MIRANDA,VARGAS LLERAS GERMAN,66
SANTANDER,SAN JOSE DE MIRANDA,VOTOS EN BLANCO,24
SANTANDER,SAN JOSE DE MIRANDA,VOTOS NULOS,16
SANTANDER,SAN MIGUEL,DE LA CALLE LOMBANA HUMBERTO,18
SANTANDER,SAN MIGUEL,DUQUE MARQUEZ IVAN,743
SANTANDER,SAN MIGUEL,FAJARDO VALDERRAMA SERGIO,52
SANTANDER,SAN MIGUEL,MORALES HOYOS VIVIANE ALEIDA,3
SANTANDER,SAN MIGUEL,PETRO URREGO GUSTAVO FRANCISCO,93
SANTANDER,SAN MIGUEL,PROMOTORES VOTO EN BLANCO,1
SANTANDER,SAN MIGUEL,TARJETAS NO MARCADAS,6
SANTANDER,SAN MIGUEL,TRUJILLO SARMIENTO JORGE ANTONIO,4
SANTANDER,SAN MIGUEL,VARGAS LLERAS GERMAN,241
SANTANDER,SAN MIGUEL,VOTOS EN BLANCO,16
SANTANDER,SAN MIGUEL,VOTOS NULOS,10
SANTANDER,SAN VICENTE DE CHUCURI,DE LA CALLE LOMBANA HUMBERTO,158
SANTANDER,SAN VICENTE DE CHUCURI,DUQUE MARQUEZ IVAN,6997
SANTANDER,SAN VICENTE DE CHUCURI,FAJARDO VALDERRAMA SERGIO,1669
SANTANDER,SAN VICENTE DE CHUCURI,MORALES HOYOS VIVIANE ALEIDA,23
SANTANDER,SAN VICENTE DE CHUCURI,PETRO URREGO GUSTAVO FRANCISCO,1869
SANTANDER,SAN VICENTE DE CHUCURI,PROMOTORES VOTO EN BLANCO,16
SANTANDER,SAN VICENTE DE CHUCURI,TARJETAS NO MARCADAS,41
SANTANDER,SAN VICENTE DE CHUCURI,TRUJILLO SARMIENTO JORGE ANTONIO,33
SANTANDER,SAN VICENTE DE CHUCURI,VARGAS LLERAS GERMAN,495
SANTANDER,SAN VICENTE DE CHUCURI,VOTOS EN BLANCO,293
SANTANDER,SAN VICENTE DE CHUCURI,VOTOS NULOS,249
SANTANDER,SANTA BARBARA,DE LA CALLE LOMBANA HUMBERTO,13
SANTANDER,SANTA BARBARA,DUQUE MARQUEZ IVAN,805
SANTANDER,SANTA BARBARA,FAJARDO VALDERRAMA SERGIO,90
SANTANDER,SANTA BARBARA,MORALES HOYOS VIVIANE ALEIDA,5
SANTANDER,SANTA BARBARA,PETRO URREGO GUSTAVO FRANCISCO,86
SANTANDER,SANTA BARBARA,TARJETAS NO MARCADAS,8
SANTANDER,SANTA BARBARA,TRUJILLO SARMIENTO JORGE ANTONIO,6
SANTANDER,SANTA BARBARA,VARGAS LLERAS GERMAN,120
SANTANDER,SANTA BARBARA,VOTOS EN BLANCO,21
SANTANDER,SANTA BARBARA,VOTOS NULOS,12
SANTANDER,SANTA HELENA DEL OPON,DE LA CALLE LOMBANA HUMBERTO,12
SANTANDER,SANTA HELENA DEL OPON,DUQUE MARQUEZ IVAN,937
SANTANDER,SANTA HELENA DEL OPON,FAJARDO VALDERRAMA SERGIO,89
SANTANDER,SANTA HELENA DEL OPON,MORALES HOYOS VIVIANE ALEIDA,5
SANTANDER,SANTA HELENA DEL OPON,PETRO URREGO GUSTAVO FRANCISCO,166
SANTANDER,SANTA HELENA DEL OPON,PROMOTORES VOTO EN BLANCO,3
SANTANDER,SANTA HELENA DEL OPON,TARJETAS NO MARCADAS,7
SANTANDER,SANTA HELENA DEL OPON,TRUJILLO SARMIENTO JORGE ANTONIO,3
SANTANDER,SANTA HELENA DEL OPON,VARGAS LLERAS GERMAN,99
SANTANDER,SANTA HELENA DEL OPON,VOTOS EN BLANCO,64
SANTANDER,SANTA HELENA DEL OPON,VOTOS NULOS,22
SANTANDER,SIMACOTA,DE LA CALLE LOMBANA HUMBERTO,172
SANTANDER,SIMACOTA,DUQUE MARQUEZ IVAN,1678
SANTANDER,SIMACOTA,FAJARDO VALDERRAMA SERGIO,421
SANTANDER,SIMACOTA,MORALES HOYOS VIVIANE ALEIDA,6
SANTANDER,SIMACOTA,PETRO URREGO GUSTAVO FRANCISCO,485
SANTANDER,SIMACOTA,PROMOTORES VOTO EN BLANCO,1
SANTANDER,SIMACOTA,TARJETAS NO MARCADAS,19
SANTANDER,SIMACOTA,TRUJILLO SARMIENTO JORGE ANTONIO,5
SANTANDER,SIMACOTA,VARGAS LLERAS GERMAN,326
SANTANDER,SIMACOTA,VOTOS EN BLANCO,76
SANTANDER,SIMACOTA,VOTOS NULOS,63
SANTANDER,SOCORRO,DE LA CALLE LOMBANA HUMBERTO,213
SANTANDER,SOCORRO,DUQUE MARQUEZ IVAN,7011
SANTANDER,SOCORRO,FAJARDO VALDERRAMA SERGIO,4017
SANTANDER,SOCORRO,MORALES HOYOS VIVIANE ALEIDA,23
SANTANDER,SOCORRO,PETRO URREGO GUSTAVO FRANCISCO,1630
SANTANDER,SOCORRO,PROMOTORES VOTO EN BLANCO,8
SANTANDER,SOCORRO,TARJETAS NO MARCADAS,28
SANTANDER,SOCORRO,TRUJILLO SARMIENTO JORGE ANTONIO,24
SANTANDER,SOCORRO,VARGAS LLERAS GERMAN,1189
SANTANDER,SOCORRO,VOTOS EN BLANCO,187
SANTANDER,SOCORRO,VOTOS NULOS,99
SANTANDER,SUAITA,DE LA CALLE LOMBANA HUMBERTO,112
SANTANDER,SUAITA,DUQUE MARQUEZ IVAN,1903
SANTANDER,SUAITA,FAJARDO VALDERRAMA SERGIO,642
SANTANDER,SUAITA,MORALES HOYOS VIVIANE ALEIDA,9
SANTANDER,SUAITA,PETRO URREGO GUSTAVO FRANCISCO,466
SANTANDER,SUAITA,PROMOTORES VOTO EN BLANCO,9
SANTANDER,SUAITA,TARJETAS NO MARCADAS,23
SANTANDER,SUAITA,TRUJILLO SARMIENTO JORGE ANTONIO,11
SANTANDER,SUAITA,VARGAS LLERAS GERMAN,617
SANTANDER,SUAITA,VOTOS EN BLANCO,85
SANTANDER,SUAITA,VOTOS NULOS,66
SANTANDER,SUCRE,DE LA CALLE LOMBANA HUMBERTO,9
SANTANDER,SUCRE,DUQUE MARQUEZ IVAN,1742
SANTANDER,SUCRE,FAJARDO VALDERRAMA SERGIO,288
SANTANDER,SUCRE,MORALES HOYOS VIVIANE ALEIDA,9
SANTANDER,SUCRE,PETRO URREGO GUSTAVO FRANCISCO,337
SANTANDER,SUCRE,PROMOTORES VOTO EN BLANCO,4
SANTANDER,SUCRE,TARJETAS NO MARCADAS,14
SANTANDER,SUCRE,TRUJILLO SARMIENTO JORGE ANTONIO,6
SANTANDER,SUCRE,VARGAS LLERAS GERMAN,179
SANTANDER,SUCRE,VOTOS EN BLANCO,43
SANTANDER,SUCRE,VOTOS NULOS,36
SANTANDER,SURATA,DE LA CALLE LOMBANA HUMBERTO,23
SANTANDER,SURATA,DUQUE MARQUEZ IVAN,1427
SANTANDER,SURATA,FAJARDO VALDERRAMA SERGIO,208
SANTANDER,SURATA,MORALES HOYOS VIVIANE ALEIDA,11
SANTANDER,SURATA,PETRO URREGO GUSTAVO FRANCISCO,159
SANTANDER,SURATA,PROMOTORES VOTO EN BLANCO,5
SANTANDER,SURATA,TARJETAS NO MARCADAS,15
SANTANDER,SURATA,TRUJILLO SARMIENTO JORGE ANTONIO,6
SANTANDER,SURATA,VARGAS LLERAS GERMAN,91
SANTANDER,SURATA,VOTOS EN BLANCO,29
SANTANDER,SURATA,VOTOS NULOS,12
SANTANDER,TONA,DE LA CALLE LOMBANA HUMBERTO,74
SANTANDER,TONA,DUQUE MARQUEZ IVAN,1883
SANTANDER,TONA,FAJARDO VALDERRAMA SERGIO,388
SANTANDER,TONA,MORALES HOYOS VIVIANE ALEIDA,9
SANTANDER,TONA,PETRO URREGO GUSTAVO FRANCISCO,255
SANTANDER,TONA,PROMOTORES VOTO EN BLANCO,4
SANTANDER,TONA,TARJETAS NO MARCADAS,16
SANTANDER,TONA,TRUJILLO SARMIENTO JORGE ANTONIO,3
SANTANDER,TONA,VARGAS LLERAS GERMAN,268
SANTANDER,TONA,VOTOS EN BLANCO,72
SANTANDER,TONA,VOTOS NULOS,43
SANTANDER,VALLE DE SAN JOSE,DE LA CALLE LOMBANA HUMBERTO,68
SANTANDER,VALLE DE SAN JOSE,DUQUE MARQUEZ IVAN,1401
SANTANDER,VALLE DE SAN JOSE,FAJARDO VALDERRAMA SERGIO,656
SANTANDER,VALLE DE SAN JOSE,MORALES HOYOS VIVIANE ALEIDA,10
SANTANDER,VALLE DE SAN JOSE,PETRO URREGO GUSTAVO FRANCISCO,344
SANTANDER,VALLE DE SAN JOSE,PROMOTORES VOTO EN BLANCO,4
SANTANDER,VALLE DE SAN JOSE,TARJETAS NO MARCADAS,12
SANTANDER,VALLE DE SAN JOSE,TRUJILLO SARMIENTO JORGE ANTONIO,6
SANTANDER,VALLE DE SAN JOSE,VARGAS LLERAS GERMAN,176
SANTANDER,VALLE DE SAN JOSE,VOTOS EN BLANCO,50
SANTANDER,VALLE DE SAN JOSE,VOTOS NULOS,32
SANTANDER,VELEZ,DE LA CALLE LOMBANA HUMBERTO,166
SANTANDER,VELEZ,DUQUE MARQUEZ IVAN,3240
SANTANDER,VELEZ,FAJARDO VALDERRAMA SERGIO,1898
SANTANDER,VELEZ,MORALES HOYOS VIVIANE ALEIDA,10
SANTANDER,VELEZ,PETRO URREGO GUSTAVO FRANCISCO,1934
SANTANDER,VELEZ,PROMOTORES VOTO EN BLANCO,16
SANTANDER,VELEZ,TARJETAS NO MARCADAS,47
SANTANDER,VELEZ,TRUJILLO SARMIENTO JORGE ANTONIO,13
SANTANDER,VELEZ,VARGAS LLERAS GERMAN,942
SANTANDER,VELEZ,VOTOS EN BLANCO,212
SANTANDER,VELEZ,VOTOS NULOS,183
SANTANDER,VETAS,DE LA CALLE LOMBANA HUMBERTO,6
SANTANDER,VETAS,DUQUE MARQUEZ IVAN,823
SANTANDER,VETAS,FAJARDO VALDERRAMA SERGIO,67
SANTANDER,VETAS,MORALES HOYOS VIVIANE ALEIDA,4
SANTANDER,VETAS,PETRO URREGO GUSTAVO FRANCISCO,16
SANTANDER,VETAS,TARJETAS NO MARCADAS,2
SANTANDER,VETAS,TRUJILLO SARMIENTO JORGE ANTONIO,3
SANTANDER,VETAS,VARGAS LLERAS GERMAN,16
SANTANDER,VETAS,VOTOS EN BLANCO,15
SANTANDER,VETAS,VOTOS NULOS,6
SANTANDER,VILLANUEVA,DE LA CALLE LOMBANA HUMBERTO,17
SANTANDER,VILLANUEVA,DUQUE MARQUEZ IVAN,2256
SANTANDER,VILLANUEVA,FAJARDO VALDERRAMA SERGIO,844
SANTANDER,VILLANUEVA,MORALES HOYOS VIVIANE ALEIDA,9
SANTANDER,VILLANUEVA,PETRO URREGO GUSTAVO FRANCISCO,282
SANTANDER,VILLANUEVA,PROMOTORES VOTO EN BLANCO,2
SANTANDER,VILLANUEVA,TARJETAS NO MARCADAS,3
SANTANDER,VILLANUEVA,TRUJILLO SARMIENTO JORGE ANTONIO,4
SANTANDER,VILLANUEVA,VARGAS LLERAS GERMAN,236
SANTANDER,VILLANUEVA,VOTOS EN BLANCO,72
SANTANDER,VILLANUEVA,VOTOS NULOS,26
SANTANDER,ZAPATOCA,DE LA CALLE LOMBANA HUMBERTO,40
SANTANDER,ZAPATOCA,DUQUE MARQUEZ IVAN,2736
SANTANDER,ZAPATOCA,FAJARDO VALDERRAMA SERGIO,757
SANTANDER,ZAPATOCA,MORALES HOYOS VIVIANE ALEIDA,2
SANTANDER,ZAPATOCA,PETRO URREGO GUSTAVO FRANCISCO,436
SANTANDER,ZAPATOCA,PROMOTORES VOTO EN BLANCO,6
SANTANDER,ZAPATOCA,TARJETAS NO MARCADAS,9
SANTANDER,ZAPATOCA,TRUJILLO SARMIENTO JORGE ANTONIO,11
SANTANDER,ZAPATOCA,VARGAS LLERAS GERMAN,177
SANTANDER,ZAPATOCA,VOTOS EN BLANCO,81
SANTANDER,ZAPATOCA,VOTOS NULOS,45
SUCRE,BUENAVISTA,DE LA CALLE LOMBANA HUMBERTO,87
SUCRE,BUENAVISTA,DUQUE MARQUEZ IVAN,1733
SUCRE,BUENAVISTA,FAJARDO VALDERRAMA SERGIO,130
SUCRE,BUENAVISTA,MORALES HOYOS VIVIANE ALEIDA,12
SUCRE,BUENAVISTA,PETRO URREGO GUSTAVO FRANCISCO,1889
SUCRE,BUENAVISTA,PROMOTORES VOTO EN BLANCO,5
SUCRE,BUENAVISTA,TARJETAS NO MARCADAS,13
SUCRE,BUENAVISTA,TRUJILLO SARMIENTO JORGE ANTONIO,19
SUCRE,BUENAVISTA,VARGAS LLERAS GERMAN,620
SUCRE,BUENAVISTA,VOTOS EN BLANCO,38
SUCRE,BUENAVISTA,VOTOS NULOS,24
SUCRE,CAIMITO,DE LA CALLE LOMBANA HUMBERTO,53
SUCRE,CAIMITO,DUQUE MARQUEZ IVAN,1231
SUCRE,CAIMITO,FAJARDO VALDERRAMA SERGIO,110
SUCRE,CAIMITO,MORALES HOYOS VIVIANE ALEIDA,15
SUCRE,CAIMITO,PETRO URREGO GUSTAVO FRANCISCO,2776
SUCRE,CAIMITO,PROMOTORES VOTO EN BLANCO,2
SUCRE,CAIMITO,TARJETAS NO MARCADAS,13
SUCRE,CAIMITO,TRUJILLO SARMIENTO JORGE ANTONIO,13
SUCRE,CAIMITO,VARGAS LLERAS GERMAN,599
SUCRE,CAIMITO,VOTOS EN BLANCO,38
SUCRE,CAIMITO,VOTOS NULOS,32
SUCRE,CHALAN,DE LA CALLE LOMBANA HUMBERTO,27
SUCRE,CHALAN,DUQUE MARQUEZ IVAN,1256
SUCRE,CHALAN,FAJARDO VALDERRAMA SERGIO,14
SUCRE,CHALAN,MORALES HOYOS VIVIANE ALEIDA,6
SUCRE,CHALAN,PETRO URREGO GUSTAVO FRANCISCO,862
SUCRE,CHALAN,PROMOTORES VOTO EN BLANCO,5
SUCRE,CHALAN,TARJETAS NO MARCADAS,12
SUCRE,CHALAN,TRUJILLO SARMIENTO JORGE ANTONIO,10
SUCRE,CHALAN,VARGAS LLERAS GERMAN,103
SUCRE,CHALAN,VOTOS EN BLANCO,15
SUCRE,CHALAN,VOTOS NULOS,16
SUCRE,COLOSO,DE LA CALLE LOMBANA HUMBERTO,33
SUCRE,COLOSO,DUQUE MARQUEZ IVAN,1794
SUCRE,COLOSO,FAJARDO VALDERRAMA SERGIO,86
SUCRE,COLOSO,MORALES HOYOS VIVIANE ALEIDA,12
SUCRE,COLOSO,PETRO URREGO GUSTAVO FRANCISCO,1599
SUCRE,COLOSO,PROMOTORES VOTO EN BLANCO,3
SUCRE,COLOSO,TARJETAS NO MARCADAS,15
SUCRE,COLOSO,TRUJILLO SARMIENTO JORGE ANTONIO,11
SUCRE,COLOSO,VARGAS LLERAS GERMAN,333
SUCRE,COLOSO,VOTOS EN BLANCO,32
SUCRE,COLOSO,VOTOS NULOS,32
SUCRE,COROZAL,DE LA CALLE LOMBANA HUMBERTO,251
SUCRE,COROZAL,DUQUE MARQUEZ IVAN,9507
SUCRE,COROZAL,FAJARDO VALDERRAMA SERGIO,1196
SUCRE,COROZAL,MORALES HOYOS VIVIANE ALEIDA,39
SUCRE,COROZAL,PETRO URREGO GUSTAVO FRANCISCO,12831
SUCRE,COROZAL,PROMOTORES VOTO EN BLANCO,29
SUCRE,COROZAL,TARJETAS NO MARCADAS,52
SUCRE,COROZAL,TRUJILLO SARMIENTO JORGE ANTONIO,107
SUCRE,COROZAL,VARGAS LLERAS GERMAN,2746
SUCRE,COROZAL,VOTOS EN BLANCO,242
SUCRE,COROZAL,VOTOS NULOS,187
SUCRE,COVENAS,DE LA CALLE LOMBANA HUMBERTO,38
SUCRE,COVENAS,DUQUE MARQUEZ IVAN,2256
SUCRE,COVENAS,FAJARDO VALDERRAMA SERGIO,192
SUCRE,COVENAS,MORALES HOYOS VIVIANE ALEIDA,10
SUCRE,COVENAS,PETRO URREGO GUSTAVO FRANCISCO,2552
SUCRE,COVENAS,PROMOTORES VOTO EN BLANCO,11
SUCRE,COVENAS,TARJETAS NO MARCADAS,9
SUCRE,COVENAS,TRUJILLO SARMIENTO JORGE ANTONIO,24
SUCRE,COVENAS,VARGAS LLERAS GERMAN,488
SUCRE,COVENAS,VOTOS EN BLANCO,54
SUCRE,COVENAS,VOTOS NULOS,52
SUCRE,EL ROBLE,DE LA CALLE LOMBANA HUMBERTO,55
SUCRE,EL ROBLE,DUQUE MARQUEZ IVAN,1114
SUCRE,EL ROBLE,FAJARDO VALDERRAMA SERGIO,70
SUCRE,EL ROBLE,MORALES HOYOS VIVIANE ALEIDA,10
SUCRE,EL ROBLE,PETRO URREGO GUSTAVO FRANCISCO,2583
SUCRE,EL ROBLE,PROMOTORES VOTO EN BLANCO,1
SUCRE,EL ROBLE,TARJETAS NO MARCADAS,11
SUCRE,EL ROBLE,TRUJILLO SARMIENTO JORGE ANTONIO,47
SUCRE,EL ROBLE,VARGAS LLERAS GERMAN,601
SUCRE,EL ROBLE,VOTOS EN BLANCO,19
SUCRE,EL ROBLE,VOTOS NULOS,18
SUCRE,GALERAS,DE LA CALLE LOMBANA HUMBERTO,121
SUCRE,GALERAS,DUQUE MARQUEZ IVAN,4852
SUCRE,GALERAS,FAJARDO VALDERRAMA SERGIO,206
SUCRE,GALERAS,MORALES HOYOS VIVIANE ALEIDA,16
SUCRE,GALERAS,PETRO URREGO GUSTAVO FRANCISCO,1778
SUCRE,GALERAS,PROMOTORES VOTO EN BLANCO,7
SUCRE,GALERAS,TARJETAS NO MARCADAS,35
SUCRE,GALERAS,TRUJILLO SARMIENTO JORGE ANTONIO,160
SUCRE,GALERAS,VARGAS LLERAS GERMAN,730
SUCRE,GALERAS,VOTOS EN BLANCO,100
SUCRE,GALERAS,VOTOS NULOS,61
SUCRE,GUARANDA,DE LA CALLE LOMBANA HUMBERTO,79
SUCRE,GUARANDA,DUQUE MARQUEZ IVAN,3858
SUCRE,GUARANDA,FAJARDO VALDERRAMA SERGIO,83
SUCRE,GUARANDA,MORALES HOYOS VIVIANE ALEIDA,15
SUCRE,GUARANDA,PETRO URREGO GUSTAVO FRANCISCO,920
SUCRE,GUARANDA,PROMOTORES VOTO EN BLANCO,9
SUCRE,GUARANDA,TARJETAS NO MARCADAS,26
SUCRE,GUARANDA,TRUJILLO SARMIENTO JORGE ANTONIO,19
SUCRE,GUARANDA,VARGAS LLERAS GERMAN,576
SUCRE,GUARANDA,VOTOS EN BLANCO,28
SUCRE,GUARANDA,VOTOS NULOS,36
SUCRE,LA UNION,DE LA CALLE LOMBANA HUMBERTO,69
SUCRE,LA UNION,DUQUE MARQUEZ IVAN,1193
SUCRE,LA UNION,FAJARDO VALDERRAMA SERGIO,97
SUCRE,LA UNION,MORALES HOYOS VIVIANE ALEIDA,4
SUCRE,LA UNION,PETRO URREGO GUSTAVO FRANCISCO,2891
SUCRE,LA UNION,PROMOTORES VOTO EN BLANCO,4
SUCRE,LA UNION,TARJETAS NO MARCADAS,34
SUCRE,LA UNION,TRUJILLO SARMIENTO JORGE ANTONIO,35
SUCRE,LA UNION,VARGAS LLERAS GERMAN,544
SUCRE,LA UNION,VOTOS EN BLANCO,47
SUCRE,LA UNION,VOTOS NULOS,37
SUCRE,LOS PALMITOS,DE LA CALLE LOMBANA HUMBERTO,113
SUCRE,LOS PALMITOS,DUQUE MARQUEZ IVAN,2748
SUCRE,LOS PALMITOS,FAJARDO VALDERRAMA SERGIO,202
SUCRE,LOS PALMITOS,MORALES HOYOS VIVIANE ALEIDA,12
SUCRE,LOS PALMITOS,PETRO URREGO GUSTAVO FRANCISCO,6609
SUCRE,LOS PALMITOS,PROMOTORES VOTO EN BLANCO,6
SUCRE,LOS PALMITOS,TARJETAS NO MARCADAS,35
SUCRE,LOS PALMITOS,TRUJILLO SARMIENTO JORGE ANTONIO,62
SUCRE,LOS PALMITOS,VARGAS LLERAS GERMAN,749
SUCRE,LOS PALMITOS,VOTOS EN BLANCO,65
SUCRE,LOS PALMITOS,VOTOS NULOS,45
SUCRE,MAJAGUAL,DE LA CALLE LOMBANA HUMBERTO,203
SUCRE,MAJAGUAL,DUQUE MARQUEZ IVAN,8336
SUCRE,MAJAGUAL,FAJARDO VALDERRAMA SERGIO,179
SUCRE,MAJAGUAL,MORALES HOYOS VIVIANE ALEIDA,48
SUCRE,MAJAGUAL,PETRO URREGO GUSTAVO FRANCISCO,2204
SUCRE,MAJAGUAL,PROMOTORES VOTO EN BLANCO,11
SUCRE,MAJAGUAL,TARJETAS NO MARCADAS,39
SUCRE,MAJAGUAL,TRUJILLO SARMIENTO JORGE ANTONIO,37
SUCRE,MAJAGUAL,VARGAS LLERAS GERMAN,2139
SUCRE,MAJAGUAL,VOTOS EN BLANCO,83
SUCRE,MAJAGUAL,VOTOS NULOS,87
SUCRE,MORROA,DE LA CALLE LOMBANA HUMBERTO,85
SUCRE,MORROA,DUQUE MARQUEZ IVAN,2439
SUCRE,MORROA,FAJARDO VALDERRAMA SERGIO,246
SUCRE,MORROA,MORALES HOYOS VIVIANE ALEIDA,11
SUCRE,MORROA,PETRO URREGO GUSTAVO FRANCISCO,3783
SUCRE,MORROA,PROMOTORES VOTO EN BLANCO,6
SUCRE,MORROA,TARJETAS NO MARCADAS,21
SUCRE,MORROA,TRUJILLO SARMIENTO JORGE ANTONIO,26
SUCRE,MORROA,VARGAS LLERAS GERMAN,934
SUCRE,MORROA,VOTOS EN BLANCO,65
SUCRE,MORROA,VOTOS NULOS,46
SUCRE,OVEJAS,DE LA CALLE LOMBANA HUMBERTO,136
SUCRE,OVEJAS,DUQUE MARQUEZ IVAN,4185
SUCRE,OVEJAS,FAJARDO VALDERRAMA SERGIO,200
SUCRE,OVEJAS,MORALES HOYOS VIVIANE ALEIDA,27
SUCRE,OVEJAS,PETRO URREGO GUSTAVO FRANCISCO,5634
SUCRE,OVEJAS,PROMOTORES VOTO EN BLANCO,12
SUCRE,OVEJAS,TARJETAS NO MARCADAS,38
SUCRE,OVEJAS,TRUJILLO SARMIENTO JORGE ANTONIO,38
SUCRE,OVEJAS,VARGAS LLERAS GERMAN,801
SUCRE,OVEJAS,VOTOS EN BLANCO,82
SUCRE,OVEJAS,VOTOS NULOS,60
SUCRE,PALMITO,DE LA CALLE LOMBANA HUMBERTO,59
SUCRE,PALMITO,DUQUE MARQUEZ IVAN,1846
SUCRE,PALMITO,FAJARDO VALDERRAMA SERGIO,107
SUCRE,PALMITO,MORALES HOYOS VIVIANE ALEIDA,10
SUCRE,PALMITO,PETRO URREGO GUSTAVO FRANCISCO,2137
SUCRE,PALMITO,PROMOTORES VOTO EN BLANCO,5
SUCRE,PALMITO,TARJETAS NO MARCADAS,21
SUCRE,PALMITO,TRUJILLO SARMIENTO JORGE ANTONIO,21
SUCRE,PALMITO,VARGAS LLERAS GERMAN,507
SUCRE,PALMITO,VOTOS EN BLANCO,24
SUCRE,PALMITO,VOTOS NULOS,30
SUCRE,SAMPUES,DE LA CALLE LOMBANA HUMBERTO,489
SUCRE,SAMPUES,DUQUE MARQUEZ IVAN,4875
SUCRE,SAMPUES,FAJARDO VALDERRAMA SERGIO,470
SUCRE,SAMPUES,MORALES HOYOS VIVIANE ALEIDA,133
SUCRE,SAMPUES,PETRO URREGO GUSTAVO FRANCISCO,7277
SUCRE,SAMPUES,PROMOTORES VOTO EN BLANCO,24
SUCRE,SAMPUES,TARJETAS NO MARCADAS,63
SUCRE,SAMPUES,TRUJILLO SARMIENTO JORGE ANTONIO,215
SUCRE,SAMPUES,VARGAS LLERAS GERMAN,4728
SUCRE,SAMPUES,VOTOS EN BLANCO,173
SUCRE,SAMPUES,VOTOS NULOS,163
SUCRE,SAN BENITO ABAD,DE LA CALLE LOMBANA HUMBERTO,125
SUCRE,SAN BENITO ABAD,DUQUE MARQUEZ IVAN,3678
SUCRE,SAN BENITO ABAD,FAJARDO VALDERRAMA SERGIO,122
SUCRE,SAN BENITO ABAD,MORALES HOYOS VIVIANE ALEIDA,36
SUCRE,SAN BENITO ABAD,PETRO URREGO GUSTAVO FRANCISCO,3427
SUCRE,SAN BENITO ABAD,PROMOTORES VOTO EN BLANCO,17
SUCRE,SAN BENITO ABAD,TARJETAS NO MARCADAS,28
SUCRE,SAN BENITO ABAD,TRUJILLO SARMIENTO JORGE ANTONIO,26
SUCRE,SAN BENITO ABAD,VARGAS LLERAS GERMAN,743
SUCRE,SAN BENITO ABAD,VOTOS EN BLANCO,33
SUCRE,SAN BENITO ABAD,VOTOS NULOS,35
SUCRE,SAN JOSE DE TOLUVIEJO,DE LA CALLE LOMBANA HUMBERTO,138
SUCRE,SAN JOSE DE TOLUVIEJO,DUQUE MARQUEZ IVAN,3922
SUCRE,SAN JOSE DE TOLUVIEJO,FAJARDO VALDERRAMA SERGIO,250
SUCRE,SAN JOSE DE TOLUVIEJO,MORALES HOYOS VIVIANE ALEIDA,27
SUCRE,SAN JOSE DE TOLUVIEJO,PETRO URREGO GUSTAVO FRANCISCO,4013
SUCRE,SAN JOSE DE TOLUVIEJO,PROMOTORES VOTO EN BLANCO,12
SUCRE,SAN JOSE DE TOLUVIEJO,TARJETAS NO MARCADAS,40
SUCRE,SAN JOSE DE TOLUVIEJO,TRUJILLO SARMIENTO JORGE ANTONIO,39
SUCRE,SAN JOSE DE TOLUVIEJO,VARGAS LLERAS GERMAN,1540
SUCRE,SAN JOSE DE TOLUVIEJO,VOTOS EN BLANCO,90
SUCRE,SAN JOSE DE TOLUVIEJO,VOTOS NULOS,63
SUCRE,SAN JUAN DE BETULIA,DE LA CALLE LOMBANA HUMBERTO,35
SUCRE,SAN JUAN DE BETULIA,DUQUE MARQUEZ IVAN,2257
SUCRE,SAN JUAN DE BETULIA,FAJARDO VALDERRAMA SERGIO,125
SUCRE,SAN JUAN DE BETULIA,MORALES HOYOS VIVIANE ALEIDA,7
SUCRE,SAN JUAN DE BETULIA,PETRO URREGO GUSTAVO FRANCISCO,3607
SUCRE,SAN JUAN DE BETULIA,PROMOTORES VOTO EN BLANCO,6
SUCRE,SAN JUAN DE BETULIA,TARJETAS NO MARCADAS,11
SUCRE,SAN JUAN DE BETULIA,TRUJILLO SARMIENTO JORGE ANTONIO,37
SUCRE,SAN JUAN DE BETULIA,VARGAS LLERAS GERMAN,669
SUCRE,SAN JUAN DE BETULIA,VOTOS EN BLANCO,50
SUCRE,SAN JUAN DE BETULIA,VOTOS NULOS,38
SUCRE,SAN LUIS DE SINCE,DE LA CALLE LOMBANA HUMBERTO,689
SUCRE,SAN LUIS DE SINCE,DUQUE MARQUEZ IVAN,5360
SUCRE,SAN LUIS DE SINCE,FAJARDO VALDERRAMA SERGIO,429
SUCRE,SAN LUIS DE SINCE,MORALES HOYOS VIVIANE ALEIDA,38
SUCRE,SAN LUIS DE SINCE,PETRO URREGO GUSTAVO FRANCISCO,5396
SUCRE,SAN LUIS DE SINCE,PROMOTORES VOTO EN BLANCO,19
SUCRE,SAN LUIS DE SINCE,TARJETAS NO MARCADAS,48
SUCRE,SAN LUIS DE SINCE,TRUJILLO SARMIENTO JORGE ANTONIO,97
SUCRE,SAN LUIS DE SINCE,VARGAS LLERAS GERMAN,973
SUCRE,SAN LUIS DE SINCE,VOTOS EN BLANCO,145
SUCRE,SAN LUIS DE SINCE,VOTOS NULOS,137
SUCRE,SAN MARCOS,DE LA CALLE LOMBANA HUMBERTO,212
SUCRE,SAN MARCOS,DUQUE MARQUEZ IVAN,8063
SUCRE,SAN MARCOS,FAJARDO VALDERRAMA SERGIO,466
SUCRE,SAN MARCOS,MORALES HOYOS VIVIANE ALEIDA,42
SUCRE,SAN MARCOS,PETRO URREGO GUSTAVO FRANCISCO,7060
SUCRE,SAN MARCOS,PROMOTORES VOTO EN BLANCO,20
SUCRE,SAN MARCOS,TARJETAS NO MARCADAS,83
SUCRE,SAN MARCOS,TRUJILLO SARMIENTO JORGE ANTONIO,67
SUCRE,SAN MARCOS,VARGAS LLERAS GERMAN,4359
SUCRE,SAN MARCOS,VOTOS EN BLANCO,161
SUCRE,SAN MARCOS,VOTOS NULOS,185
SUCRE,SAN ONOFRE,DE LA CALLE LOMBANA HUMBERTO,222
SUCRE,SAN ONOFRE,DUQUE MARQUEZ IVAN,5088
SUCRE,SAN ONOFRE,FAJARDO VALDERRAMA SERGIO,450
SUCRE,SAN ONOFRE,MORALES HOYOS VIVIANE ALEIDA,54
SUCRE,SAN ONOFRE,PETRO URREGO GUSTAVO FRANCISCO,7242
SUCRE,SAN ONOFRE,PROMOTORES VOTO EN BLANCO,17
SUCRE,SAN ONOFRE,TARJETAS NO MARCADAS,149
SUCRE,SAN ONOFRE,TRUJILLO SARMIENTO JORGE ANTONIO,64
SUCRE,SAN ONOFRE,VARGAS LLERAS GERMAN,4094
SUCRE,SAN ONOFRE,VOTOS EN BLANCO,123
SUCRE,SAN ONOFRE,VOTOS NULOS,235
SUCRE,SAN PEDRO,DE LA CALLE LOMBANA HUMBERTO,99
SUCRE,SAN PEDRO,DUQUE MARQUEZ IVAN,3186
SUCRE,SAN PEDRO,FAJARDO VALDERRAMA SERGIO,202
SUCRE,SAN PEDRO,MORALES HOYOS VIVIANE ALEIDA,17
SUCRE,SAN PEDRO,PETRO URREGO GUSTAVO FRANCISCO,3683
SUCRE,SAN PEDRO,PROMOTORES VOTO EN BLANCO,18
SUCRE,SAN PEDRO,TARJETAS NO MARCADAS,31
SUCRE,SAN PEDRO,TRUJILLO SARMIENTO JORGE ANTONIO,52
SUCRE,SAN PEDRO,VARGAS LLERAS GERMAN,1027
SUCRE,SAN PEDRO,VOTOS EN BLANCO,81
SUCRE,SAN PEDRO,VOTOS NULOS,64
SUCRE,SANTIAGO DE TOLU,DE LA CALLE LOMBANA HUMBERTO,101
SUCRE,SANTIAGO DE TOLU,DUQUE MARQUEZ IVAN,3204
SUCRE,SANTIAGO DE TOLU,FAJARDO VALDERRAMA SERGIO,339
SUCRE,SANTIAGO DE TOLU,MORALES HOYOS VIVIANE ALEIDA,13
SUCRE,SANTIAGO DE TOLU,PETRO URREGO GUSTAVO FRANCISCO,7043
SUCRE,SANTIAGO DE TOLU,PROMOTORES VOTO EN BLANCO,17
SUCRE,SANTIAGO DE TOLU,TARJETAS NO MARCADAS,44
SUCRE,SANTIAGO DE TOLU,TRUJILLO SARMIENTO JORGE ANTONIO,40
SUCRE,SANTIAGO DE TOLU,VARGAS LLERAS GERMAN,1366
SUCRE,SANTIAGO DE TOLU,VOTOS EN BLANCO,181
SUCRE,SANTIAGO DE TOLU,VOTOS NULOS,148
SUCRE,SINCELEJO,DE LA CALLE LOMBANA HUMBERTO,971
SUCRE,SINCELEJO,DUQUE MARQUEZ IVAN,36742
SUCRE,SINCELEJO,FAJARDO VALDERRAMA SERGIO,5917
SUCRE,SINCELEJO,MORALES HOYOS VIVIANE ALEIDA,191
SUCRE,SINCELEJO,PETRO URREGO GUSTAVO FRANCISCO,52966
SUCRE,SINCELEJO,PROMOTORES VOTO EN BLANCO,106
SUCRE,SINCELEJO,TARJETAS NO MARCADAS,200
SUCRE,SINCELEJO,TRUJILLO SARMIENTO JORGE ANTONIO,798
SUCRE,SINCELEJO,VARGAS LLERAS GERMAN,7512
SUCRE,SINCELEJO,VOTOS EN BLANCO,1320
SUCRE,SINCELEJO,VOTOS NULOS,1064
SUCRE,SUCRE,DE LA CALLE LOMBANA HUMBERTO,117
SUCRE,SUCRE,DUQUE MARQUEZ IVAN,5253
SUCRE,SUCRE,FAJARDO VALDERRAMA SERGIO,130
SUCRE,SUCRE,MORALES HOYOS VIVIANE ALEIDA,39
SUCRE,SUCRE,PETRO URREGO GUSTAVO FRANCISCO,2039
SUCRE,SUCRE,PROMOTORES VOTO EN BLANCO,8
SUCRE,SUCRE,TARJETAS NO MARCADAS,46
SUCRE,SUCRE,TRUJILLO SARMIENTO JORGE ANTONIO,45
SUCRE,SUCRE,VARGAS LLERAS GERMAN,1301
SUCRE,SUCRE,VOTOS EN BLANCO,37
SUCRE,SUCRE,VOTOS NULOS,43
TOLIMA,ALPUJARRA,DE LA CALLE LOMBANA HUMBERTO,15
TOLIMA,ALPUJARRA,DUQUE MARQUEZ IVAN,1476
TOLIMA,ALPUJARRA,FAJARDO VALDERRAMA SERGIO,124
TOLIMA,ALPUJARRA,MORALES HOYOS VIVIANE ALEIDA,7
TOLIMA,ALPUJARRA,PETRO URREGO GUSTAVO FRANCISCO,189
TOLIMA,ALPUJARRA,TARJETAS NO MARCADAS,4
TOLIMA,ALPUJARRA,TRUJILLO SARMIENTO JORGE ANTONIO,3
TOLIMA,ALPUJARRA,VARGAS LLERAS GERMAN,194
TOLIMA,ALPUJARRA,VOTOS EN BLANCO,24
TOLIMA,ALPUJARRA,VOTOS NULOS,19
TOLIMA,ALVARADO,DE LA CALLE LOMBANA HUMBERTO,141
TOLIMA,ALVARADO,DUQUE MARQUEZ IVAN,1696
TOLIMA,ALVARADO,FAJARDO VALDERRAMA SERGIO,469
TOLIMA,ALVARADO,MORALES HOYOS VIVIANE ALEIDA,10
TOLIMA,ALVARADO,PETRO URREGO GUSTAVO FRANCISCO,835
TOLIMA,ALVARADO,PROMOTORES VOTO EN BLANCO,9
TOLIMA,ALVARADO,TARJETAS NO MARCADAS,19
TOLIMA,ALVARADO,TRUJILLO SARMIENTO JORGE ANTONIO,16
TOLIMA,ALVARADO,VARGAS LLERAS GERMAN,368
TOLIMA,ALVARADO,VOTOS EN BLANCO,67
TOLIMA,ALVARADO,VOTOS NULOS,77
TOLIMA,AMBALEMA,DE LA CALLE LOMBANA HUMBERTO,52
TOLIMA,AMBALEMA,DUQUE MARQUEZ IVAN,918
TOLIMA,AMBALEMA,FAJARDO VALDERRAMA SERGIO,339
TOLIMA,AMBALEMA,MORALES HOYOS VIVIANE ALEIDA,4
TOLIMA,AMBALEMA,PETRO URREGO GUSTAVO FRANCISCO,708
TOLIMA,AMBALEMA,PROMOTORES VOTO EN BLANCO,16
TOLIMA,AMBALEMA,TARJETAS NO MARCADAS,6
TOLIMA,AMBALEMA,TRUJILLO SARMIENTO JORGE ANTONIO,10
TOLIMA,AMBALEMA,VARGAS LLERAS GERMAN,1040
TOLIMA,AMBALEMA,VOTOS EN BLANCO,72
TOLIMA,AMBALEMA,VOTOS NULOS,72
TOLIMA,ANZOATEGUI,DE LA CALLE LOMBANA HUMBERTO,26
TOLIMA,ANZOATEGUI,DUQUE MARQUEZ IVAN,2490
TOLIMA,ANZOATEGUI,FAJARDO VALDERRAMA SERGIO,324
TOLIMA,ANZOATEGUI,MORALES HOYOS VIVIANE ALEIDA,11
TOLIMA,ANZOATEGUI,PETRO URREGO GUSTAVO FRANCISCO,457
TOLIMA,ANZOATEGUI,PROMOTORES VOTO EN BLANCO,3
TOLIMA,ANZOATEGUI,TARJETAS NO MARCADAS,19
TOLIMA,ANZOATEGUI,TRUJILLO SARMIENTO JORGE ANTONIO,11
TOLIMA,ANZOATEGUI,VARGAS LLERAS GERMAN,101
TOLIMA,ANZOATEGUI,VOTOS EN BLANCO,41
TOLIMA,ANZOATEGUI,VOTOS NULOS,36
TOLIMA,ARMERO,DE LA CALLE LOMBANA HUMBERTO,111
TOLIMA,ARMERO,DUQUE MARQUEZ IVAN,1955
TOLIMA,ARMERO,FAJARDO VALDERRAMA SERGIO,663
TOLIMA,ARMERO,MORALES HOYOS VIVIANE ALEIDA,13
TOLIMA,ARMERO,PETRO URREGO GUSTAVO FRANCISCO,1262
TOLIMA,ARMERO,PROMOTORES VOTO EN BLANCO,5
TOLIMA,ARMERO,TARJETAS NO MARCADAS,14
TOLIMA,ARMERO,TRUJILLO SARMIENTO JORGE ANTONIO,12
TOLIMA,ARMERO,VARGAS LLERAS GERMAN,424
TOLIMA,ARMERO,VOTOS EN BLANCO,100
TOLIMA,ARMERO,VOTOS NULOS,140
TOLIMA,ATACO,DE LA CALLE LOMBANA HUMBERTO,116
TOLIMA,ATACO,DUQUE MARQUEZ IVAN,5208
TOLIMA,ATACO,FAJARDO VALDERRAMA SERGIO,348
TOLIMA,ATACO,MORALES HOYOS VIVIANE ALEIDA,14
TOLIMA,ATACO,PETRO URREGO GUSTAVO FRANCISCO,529
TOLIMA,ATACO,PROMOTORES VOTO EN BLANCO,6
TOLIMA,ATACO,TARJETAS NO MARCADAS,43
TOLIMA,ATACO,TRUJILLO SARMIENTO JORGE ANTONIO,21
TOLIMA,ATACO,VARGAS LLERAS GERMAN,962
TOLIMA,ATACO,VOTOS EN BLANCO,50
TOLIMA,ATACO,VOTOS NULOS,51
TOLIMA,CAJAMARCA,DE LA CALLE LOMBANA HUMBERTO,121
TOLIMA,CAJAMARCA,DUQUE MARQUEZ IVAN,4636
TOLIMA,CAJAMARCA,FAJARDO VALDERRAMA SERGIO,1049
TOLIMA,CAJAMARCA,MORALES HOYOS VIVIANE ALEIDA,19
TOLIMA,CAJAMARCA,PETRO URREGO GUSTAVO FRANCISCO,1430
TOLIMA,CAJAMARCA,PROMOTORES VOTO EN BLANCO,16
TOLIMA,CAJAMARCA,TARJETAS NO MARCADAS,47
TOLIMA,CAJAMARCA,TRUJILLO SARMIENTO JORGE ANTONIO,53
TOLIMA,CAJAMARCA,VARGAS LLERAS GERMAN,301
TOLIMA,CAJAMARCA,VOTOS EN BLANCO,192
TOLIMA,CAJAMARCA,VOTOS NULOS,154
TOLIMA,CARMEN DE APICALA,DE LA CALLE LOMBANA HUMBERTO,88
TOLIMA,CARMEN DE APICALA,DUQUE MARQUEZ IVAN,3016
TOLIMA,CARMEN DE APICALA,FAJARDO VALDERRAMA SERGIO,640
TOLIMA,CARMEN DE APICALA,MORALES HOYOS VIVIANE ALEIDA,10
TOLIMA,CARMEN DE APICALA,PETRO URREGO GUSTAVO FRANCISCO,532
TOLIMA,CARMEN DE APICALA,PROMOTORES VOTO EN BLANCO,6
TOLIMA,CARMEN DE APICALA,TARJETAS NO MARCADAS,13
TOLIMA,CARMEN DE APICALA,TRUJILLO SARMIENTO JORGE ANTONIO,8
TOLIMA,CARMEN DE APICALA,VARGAS LLERAS GERMAN,733
TOLIMA,CARMEN DE APICALA,VOTOS EN BLANCO,92
TOLIMA,CARMEN DE APICALA,VOTOS NULOS,60
TOLIMA,CASABIANCA,DE LA CALLE LOMBANA HUMBERTO,14
TOLIMA,CASABIANCA,DUQUE MARQUEZ IVAN,1678
TOLIMA,CASABIANCA,FAJARDO VALDERRAMA SERGIO,197
TOLIMA,CASABIANCA,MORALES HOYOS VIVIANE ALEIDA,14
TOLIMA,CASABIANCA,PETRO URREGO GUSTAVO FRANCISCO,170
TOLIMA,CASABIANCA,PROMOTORES VOTO EN BLANCO,3
TOLIMA,CASABIANCA,TARJETAS NO MARCADAS,16
TOLIMA,CASABIANCA,TRUJILLO SARMIENTO JORGE ANTONIO,17
TOLIMA,CASABIANCA,VARGAS LLERAS GERMAN,488
TOLIMA,CASABIANCA,VOTOS EN BLANCO,34
TOLIMA,CASABIANCA,VOTOS NULOS,27
TOLIMA,CHAPARRAL,DE LA CALLE LOMBANA HUMBERTO,592
TOLIMA,CHAPARRAL,DUQUE MARQUEZ IVAN,10651
TOLIMA,CHAPARRAL,FAJARDO VALDERRAMA SERGIO,1882
TOLIMA,CHAPARRAL,MORALES HOYOS VIVIANE ALEIDA,31
TOLIMA,CHAPARRAL,PETRO URREGO GUSTAVO FRANCISCO,2668
TOLIMA,CHAPARRAL,PROMOTORES VOTO EN BLANCO,22
TOLIMA,CHAPARRAL,TARJETAS NO MARCADAS,109
TOLIMA,CHAPARRAL,TRUJILLO SARMIENTO JORGE ANTONIO,38
TOLIMA,CHAPARRAL,VARGAS LLERAS GERMAN,1334
TOLIMA,CHAPARRAL,VOTOS EN BLANCO,304
TOLIMA,CHAPARRAL,VOTOS NULOS,262
TOLIMA,COELLO,DE LA CALLE LOMBANA HUMBERTO,162
TOLIMA,COELLO,DUQUE MARQUEZ IVAN,1262
TOLIMA,COELLO,FAJARDO VALDERRAMA SERGIO,455
TOLIMA,COELLO,MORALES HOYOS VIVIANE ALEIDA,5
TOLIMA,COELLO,PETRO URREGO GUSTAVO FRANCISCO,1033
TOLIMA,COELLO,PROMOTORES VOTO EN BLANCO,3
TOLIMA,COELLO,TARJETAS NO MARCADAS,12
TOLIMA,COELLO,TRUJILLO SARMIENTO JORGE ANTONIO,13
TOLIMA,COELLO,VARGAS LLERAS GERMAN,843
TOLIMA,COELLO,VOTOS EN BLANCO,54
TOLIMA,COELLO,VOTOS NULOS,51
TOLIMA,COYAIMA,DE LA CALLE LOMBANA HUMBERTO,283
TOLIMA,COYAIMA,DUQUE MARQUEZ IVAN,3308
TOLIMA,COYAIMA,FAJARDO VALDERRAMA SERGIO,284
TOLIMA,COYAIMA,MORALES HOYOS VIVIANE ALEIDA,14
TOLIMA,COYAIMA,PETRO URREGO GUSTAVO FRANCISCO,2644
TOLIMA,COYAIMA,PROMOTORES VOTO EN BLANCO,9
TOLIMA,COYAIMA,TARJETAS NO MARCADAS,73
TOLIMA,COYAIMA,TRUJILLO SARMIENTO JORGE ANTONIO,15
TOLIMA,COYAIMA,VARGAS LLERAS GERMAN,426
TOLIMA,COYAIMA,VOTOS EN BLANCO,81
TOLIMA,COYAIMA,VOTOS NULOS,125
TOLIMA,CUNDAY,DE LA CALLE LOMBANA HUMBERTO,52
TOLIMA,CUNDAY,DUQUE MARQUEZ IVAN,2707
TOLIMA,CUNDAY,FAJARDO VALDERRAMA SERGIO,204
TOLIMA,CUNDAY,MORALES HOYOS VIVIANE ALEIDA,5
TOLIMA,CUNDAY,PETRO URREGO GUSTAVO FRANCISCO,397
TOLIMA,CUNDAY,PROMOTORES VOTO EN BLANCO,6
TOLIMA,CUNDAY,TARJETAS NO MARCADAS,11
TOLIMA,CUNDAY,TRUJILLO SARMIENTO JORGE ANTONIO,13
TOLIMA,CUNDAY,VARGAS LLERAS GERMAN,176
TOLIMA,CUNDAY,VOTOS EN BLANCO,22
TOLIMA,CUNDAY,VOTOS NULOS,27
TOLIMA,DOLORES,DE LA CALLE LOMBANA HUMBERTO,69
TOLIMA,DOLORES,DUQUE MARQUEZ IVAN,2434
TOLIMA,DOLORES,FAJARDO VALDERRAMA SERGIO,287
TOLIMA,DOLORES,MORALES HOYOS VIVIANE ALEIDA,11
TOLIMA,DOLORES,PETRO URREGO GUSTAVO FRANCISCO,459
TOLIMA,DOLORES,PROMOTORES VOTO EN BLANCO,3
TOLIMA,DOLORES,TARJETAS NO MARCADAS,9
TOLIMA,DOLORES,TRUJILLO SARMIENTO JORGE ANTONIO,24
TOLIMA,DOLORES,VARGAS LLERAS GERMAN,144
TOLIMA,DOLORES,VOTOS EN BLANCO,25
TOLIMA,DOLORES,VOTOS NULOS,25
TOLIMA,ESPINAL,DE LA CALLE LOMBANA HUMBERTO,485
TOLIMA,ESPINAL,DUQUE MARQUEZ IVAN,15228
TOLIMA,ESPINAL,FAJARDO VALDERRAMA SERGIO,6060
TOLIMA,ESPINAL,MORALES HOYOS VIVIANE ALEIDA,59
TOLIMA,ESPINAL,PETRO URREGO GUSTAVO FRANCISCO,5191
TOLIMA,ESPINAL,PROMOTORES VOTO EN BLANCO,47
TOLIMA,ESPINAL,TARJETAS NO MARCADAS,91
TOLIMA,ESPINAL,TRUJILLO SARMIENTO JORGE ANTONIO,56
TOLIMA,ESPINAL,VARGAS LLERAS GERMAN,6150
TOLIMA,ESPINAL,VOTOS EN BLANCO,668
TOLIMA,ESPINAL,VOTOS NULOS,745
TOLIMA,FALAN,DE LA CALLE LOMBANA HUMBERTO,248
TOLIMA,FALAN,DUQUE MARQUEZ IVAN,1307
TOLIMA,FALAN,FAJARDO VALDERRAMA SERGIO,291
TOLIMA,FALAN,MORALES HOYOS VIVIANE ALEIDA,14
TOLIMA,FALAN,PETRO URREGO GUSTAVO FRANCISCO,486
TOLIMA,FALAN,PROMOTORES VOTO EN BLANCO,7
TOLIMA,FALAN,TARJETAS NO MARCADAS,22
TOLIMA,FALAN,TRUJILLO SARMIENTO JORGE ANTONIO,20
TOLIMA,FALAN,VARGAS LLERAS GERMAN,270
TOLIMA,FALAN,VOTOS EN BLANCO,54
TOLIMA,FALAN,VOTOS NULOS,65
TOLIMA,FLANDES,DE LA CALLE LOMBANA HUMBERTO,239
TOLIMA,FLANDES,DUQUE MARQUEZ IVAN,4759
TOLIMA,FLANDES,FAJARDO VALDERRAMA SERGIO,1608
TOLIMA,FLANDES,MORALES HOYOS VIVIANE ALEIDA,17
TOLIMA,FLANDES,PETRO URREGO GUSTAVO FRANCISCO,1516
TOLIMA,FLANDES,PROMOTORES VOTO EN BLANCO,31
TOLIMA,FLANDES,TARJETAS NO MARCADAS,20
TOLIMA,FLANDES,TRUJILLO SARMIENTO JORGE ANTONIO,36
TOLIMA,FLANDES,VARGAS LLERAS GERMAN,1075
TOLIMA,FLANDES,VOTOS EN BLANCO,184
TOLIMA,FLANDES,VOTOS NULOS,189
TOLIMA,FRESNO,DE LA CALLE LOMBANA HUMBERTO,155
TOLIMA,FRESNO,DUQUE MARQUEZ IVAN,7889
TOLIMA,FRESNO,FAJARDO VALDERRAMA SERGIO,2458
TOLIMA,FRESNO,MORALES HOYOS VIVIANE ALEIDA,39
TOLIMA,FRESNO,PETRO URREGO GUSTAVO FRANCISCO,905
TOLIMA,FRESNO,PROMOTORES VOTO EN BLANCO,27
TOLIMA,FRESNO,TARJETAS NO MARCADAS,48
TOLIMA,FRESNO,TRUJILLO SARMIENTO JORGE ANTONIO,66
TOLIMA,FRESNO,VARGAS LLERAS GERMAN,1031
TOLIMA,FRESNO,VOTOS EN BLANCO,178
TOLIMA,FRESNO,VOTOS NULOS,212
TOLIMA,GUAMO,DE LA CALLE LOMBANA HUMBERTO,153
TOLIMA,GUAMO,DUQUE MARQUEZ IVAN,7753
TOLIMA,GUAMO,FAJARDO VALDERRAMA SERGIO,1603
TOLIMA,GUAMO,MORALES HOYOS VIVIANE ALEIDA,38
TOLIMA,GUAMO,PETRO URREGO GUSTAVO FRANCISCO,1449
TOLIMA,GUAMO,PROMOTORES VOTO EN BLANCO,29
TOLIMA,GUAMO,TARJETAS NO MARCADAS,67
TOLIMA,GUAMO,TRUJILLO SARMIENTO JORGE ANTONIO,38
TOLIMA,GUAMO,VARGAS LLERAS GERMAN,1601
TOLIMA,GUAMO,VOTOS EN BLANCO,214
TOLIMA,GUAMO,VOTOS NULOS,217
TOLIMA,HERVEO,DE LA CALLE LOMBANA HUMBERTO,23
TOLIMA,HERVEO,DUQUE MARQUEZ IVAN,1725
TOLIMA,HERVEO,FAJARDO VALDERRAMA SERGIO,442
TOLIMA,HERVEO,MORALES HOYOS VIVIANE ALEIDA,9
TOLIMA,HERVEO,PETRO URREGO GUSTAVO FRANCISCO,223
TOLIMA,HERVEO,PROMOTORES VOTO EN BLANCO,3
TOLIMA,HERVEO,TARJETAS NO MARCADAS,13
TOLIMA,HERVEO,TRUJILLO SARMIENTO JORGE ANTONIO,17
TOLIMA,HERVEO,VARGAS LLERAS GERMAN,196
TOLIMA,HERVEO,VOTOS EN BLANCO,32
TOLIMA,HERVEO,VOTOS NULOS,50
TOLIMA,HONDA,DE LA CALLE LOMBANA HUMBERTO,209
TOLIMA,HONDA,DUQUE MARQUEZ IVAN,4454
TOLIMA,HONDA,FAJARDO VALDERRAMA SERGIO,2425
TOLIMA,HONDA,MORALES HOYOS VIVIANE ALEIDA,18
TOLIMA,HONDA,PETRO URREGO GUSTAVO FRANCISCO,1787
TOLIMA,HONDA,PROMOTORES VOTO EN BLANCO,10
TOLIMA,HONDA,TARJETAS NO MARCADAS,23
TOLIMA,HONDA,TRUJILLO SARMIENTO JORGE ANTONIO,26
TOLIMA,HONDA,VARGAS LLERAS GERMAN,2225
TOLIMA,HONDA,VOTOS EN BLANCO,219
TOLIMA,HONDA,VOTOS NULOS,268
TOLIMA,IBAGUE,DE LA CALLE LOMBANA HUMBERTO,4611
TOLIMA,IBAGUE,DUQUE MARQUEZ IVAN,110427
TOLIMA,IBAGUE,FAJARDO VALDERRAMA SERGIO,76790
TOLIMA,IBAGUE,MORALES HOYOS VIVIANE ALEIDA,370
TOLIMA,IBAGUE,PETRO URREGO GUSTAVO FRANCISCO,41467
TOLIMA,IBAGUE,PROMOTORES VOTO EN BLANCO,423
TOLIMA,IBAGUE,TARJETAS NO MARCADAS,328
TOLIMA,IBAGUE,TRUJILLO SARMIENTO JORGE ANTONIO,851
TOLIMA,IBAGUE,VARGAS LLERAS GERMAN,12372
TOLIMA,IBAGUE,VOTOS EN BLANCO,4198
TOLIMA,IBAGUE,VOTOS NULOS,3478
TOLIMA,ICONONZO,DE LA CALLE LOMBANA HUMBERTO,74
TOLIMA,ICONONZO,DUQUE MARQUEZ IVAN,1840
TOLIMA,ICONONZO,FAJARDO VALDERRAMA SERGIO,470
TOLIMA,ICONONZO,MORALES HOYOS VIVIANE ALEIDA,11
TOLIMA,ICONONZO,PETRO URREGO GUSTAVO FRANCISCO,1413
TOLIMA,ICONONZO,PROMOTORES VOTO EN BLANCO,7
TOLIMA,ICONONZO,TARJETAS NO MARCADAS,16
TOLIMA,ICONONZO,TRUJILLO SARMIENTO JORGE ANTONIO,29
TOLIMA,ICONONZO,VARGAS LLERAS GERMAN,380
TOLIMA,ICONONZO,VOTOS EN BLANCO,64
TOLIMA,ICONONZO,VOTOS NULOS,55
TOLIMA,LERIDA,DE LA CALLE LOMBANA HUMBERTO,202
TOLIMA,LERIDA,DUQUE MARQUEZ IVAN,2703
TOLIMA,LERIDA,FAJARDO VALDERRAMA SERGIO,1387
TOLIMA,LERIDA,MORALES HOYOS VIVIANE ALEIDA,15
TOLIMA,LERIDA,PETRO URREGO GUSTAVO FRANCISCO,1943
TOLIMA,LERIDA,PROMOTORES VOTO EN BLANCO,10
TOLIMA,LERIDA,TARJETAS NO MARCADAS,23
TOLIMA,LERIDA,TRUJILLO SARMIENTO JORGE ANTONIO,20
TOLIMA,LERIDA,VARGAS LLERAS GERMAN,1201
TOLIMA,LERIDA,VOTOS EN BLANCO,122
TOLIMA,LERIDA,VOTOS NULOS,123
TOLIMA,LIBANO,DE LA CALLE LOMBANA HUMBERTO,480
TOLIMA,LIBANO,DUQUE MARQUEZ IVAN,7117
TOLIMA,LIBANO,FAJARDO VALDERRAMA SERGIO,1784
TOLIMA,LIBANO,MORALES HOYOS VIVIANE ALEIDA,43
TOLIMA,LIBANO,PETRO URREGO GUSTAVO FRANCISCO,4074
TOLIMA,LIBANO,PROMOTORES VOTO EN BLANCO,27
TOLIMA,LIBANO,TARJETAS NO MARCADAS,71
TOLIMA,LIBANO,TRUJILLO SARMIENTO JORGE ANTONIO,32
TOLIMA,LIBANO,VARGAS LLERAS GERMAN,2333
TOLIMA,LIBANO,VOTOS EN BLANCO,277
TOLIMA,LIBANO,VOTOS NULOS,347
TOLIMA,MELGAR,DE LA CALLE LOMBANA HUMBERTO,181
TOLIMA,MELGAR,DUQUE MARQUEZ IVAN,10037
TOLIMA,MELGAR,FAJARDO VALDERRAMA SERGIO,2485
TOLIMA,MELGAR,MORALES HOYOS VIVIANE ALEIDA,22
TOLIMA,MELGAR,PETRO URREGO GUSTAVO FRANCISCO,1798
TOLIMA,MELGAR,PROMOTORES VOTO EN BLANCO,22
TOLIMA,MELGAR,TARJETAS NO MARCADAS,41
TOLIMA,MELGAR,TRUJILLO SARMIENTO JORGE ANTONIO,48
TOLIMA,MELGAR,VARGAS LLERAS GERMAN,1600
TOLIMA,MELGAR,VOTOS EN BLANCO,248
TOLIMA,MELGAR,VOTOS NULOS,252
TOLIMA,MURILLO,DE LA CALLE LOMBANA HUMBERTO,22
TOLIMA,MURILLO,DUQUE MARQUEZ IVAN,940
TOLIMA,MURILLO,FAJARDO VALDERRAMA SERGIO,120
TOLIMA,MURILLO,MORALES HOYOS VIVIANE ALEIDA,3
TOLIMA,MURILLO,PETRO URREGO GUSTAVO FRANCISCO,215
TOLIMA,MURILLO,PROMOTORES VOTO EN BLANCO,8
TOLIMA,MURILLO,TARJETAS NO MARCADAS,7
TOLIMA,MURILLO,TRUJILLO SARMIENTO JORGE ANTONIO,4
TOLIMA,MURILLO,VARGAS LLERAS GERMAN,238
TOLIMA,MURILLO,VOTOS EN BLANCO,42
TOLIMA,MURILLO,VOTOS NULOS,38
TOLIMA,NATAGAIMA,DE LA CALLE LOMBANA HUMBERTO,208
TOLIMA,NATAGAIMA,DUQUE MARQUEZ IVAN,2854
TOLIMA,NATAGAIMA,FAJARDO VALDERRAMA SERGIO,558
TOLIMA,NATAGAIMA,MORALES HOYOS VIVIANE ALEIDA,13
TOLIMA,NATAGAIMA,PETRO URREGO GUSTAVO FRANCISCO,2229
TOLIMA,NATAGAIMA,PROMOTORES VOTO EN BLANCO,7
TOLIMA,NATAGAIMA,TARJETAS NO MARCADAS,35
TOLIMA,NATAGAIMA,TRUJILLO SARMIENTO JORGE ANTONIO,9
TOLIMA,NATAGAIMA,VARGAS LLERAS GERMAN,625
TOLIMA,NATAGAIMA,VOTOS EN BLANCO,85
TOLIMA,NATAGAIMA,VOTOS NULOS,100
TOLIMA,ORTEGA,DE LA CALLE LOMBANA HUMBERTO,287
TOLIMA,ORTEGA,DUQUE MARQUEZ IVAN,6690
TOLIMA,ORTEGA,FAJARDO VALDERRAMA SERGIO,603
TOLIMA,ORTEGA,MORALES HOYOS VIVIANE ALEIDA,65
TOLIMA,ORTEGA,PETRO URREGO GUSTAVO FRANCISCO,2481
TOLIMA,ORTEGA,PROMOTORES VOTO EN BLANCO,16
TOLIMA,ORTEGA,TARJETAS NO MARCADAS,97
TOLIMA,ORTEGA,TRUJILLO SARMIENTO JORGE ANTONIO,64
TOLIMA,ORTEGA,VARGAS LLERAS GERMAN,932
TOLIMA,ORTEGA,VOTOS EN BLANCO,131
TOLIMA,ORTEGA,VOTOS NULOS,216
TOLIMA,PALOCABILDO,DE LA CALLE LOMBANA HUMBERTO,38
TOLIMA,PALOCABILDO,DUQUE MARQUEZ IVAN,2285
TOLIMA,PALOCABILDO,FAJARDO VALDERRAMA SERGIO,294
TOLIMA,PALOCABILDO,MORALES HOYOS VIVIANE ALEIDA,14
TOLIMA,PALOCABILDO,PETRO URREGO GUSTAVO FRANCISCO,643
TOLIMA,PALOCABILDO,PROMOTORES VOTO EN BLANCO,2
TOLIMA,PALOCABILDO,TARJETAS NO MARCADAS,23
TOLIMA,PALOCABILDO,TRUJILLO SARMIENTO JORGE ANTONIO,21
TOLIMA,PALOCABILDO,VARGAS LLERAS GERMAN,218
TOLIMA,PALOCABILDO,VOTOS EN BLANCO,68
TOLIMA,PALOCABILDO,VOTOS NULOS,43
TOLIMA,PIEDRAS,DE LA CALLE LOMBANA HUMBERTO,169
TOLIMA,PIEDRAS,DUQUE MARQUEZ IVAN,981
TOLIMA,PIEDRAS,FAJARDO VALDERRAMA SERGIO,463
TOLIMA,PIEDRAS,MORALES HOYOS VIVIANE ALEIDA,7
TOLIMA,PIEDRAS,PETRO URREGO GUSTAVO FRANCISCO,740
TOLIMA,PIEDRAS,PROMOTORES VOTO EN BLANCO,3
TOLIMA,PIEDRAS,TARJETAS NO MARCADAS,5
TOLIMA,PIEDRAS,TRUJILLO SARMIENTO JORGE ANTONIO,6
TOLIMA,PIEDRAS,VARGAS LLERAS GERMAN,398
TOLIMA,PIEDRAS,VOTOS EN BLANCO,58
TOLIMA,PIEDRAS,VOTOS NULOS,44
TOLIMA,PLANADAS,DE LA CALLE LOMBANA HUMBERTO,155
TOLIMA,PLANADAS,DUQUE MARQUEZ IVAN,5065
TOLIMA,PLANADAS,FAJARDO VALDERRAMA SERGIO,558
TOLIMA,PLANADAS,MORALES HOYOS VIVIANE ALEIDA,26
TOLIMA,PLANADAS,PETRO URREGO GUSTAVO FRANCISCO,1696
TOLIMA,PLANADAS,PROMOTORES VOTO EN BLANCO,100
TOLIMA,PLANADAS,TARJETAS NO MARCADAS,73
TOLIMA,PLANADAS,TRUJILLO SARMIENTO JORGE ANTONIO,45
TOLIMA,PLANADAS,VARGAS LLERAS GERMAN,654
TOLIMA,PLANADAS,VOTOS EN BLANCO,170
TOLIMA,PLANADAS,VOTOS NULOS,209
TOLIMA,PRADO,DE LA CALLE LOMBANA HUMBERTO,65
TOLIMA,PRADO,DUQUE MARQUEZ IVAN,2568
TOLIMA,PRADO,FAJARDO VALDERRAMA SERGIO,411
TOLIMA,PRADO,MORALES HOYOS VIVIANE ALEIDA,12
TOLIMA,PRADO,PETRO URREGO GUSTAVO FRANCISCO,529
TOLIMA,PRADO,PROMOTORES VOTO EN BLANCO,9
TOLIMA,PRADO,TARJETAS NO MARCADAS,21
TOLIMA,PRADO,TRUJILLO SARMIENTO JORGE ANTONIO,8
TOLIMA,PRADO,VARGAS LLERAS GERMAN,232
TOLIMA,PRADO,VOTOS EN BLANCO,52
TOLIMA,PRADO,VOTOS NULOS,33
TOLIMA,PURIFICACION,DE LA CALLE LOMBANA HUMBERTO,232
TOLIMA,PURIFICACION,DUQUE MARQUEZ IVAN,4036
TOLIMA,PURIFICACION,FAJARDO VALDERRAMA SERGIO,1890
TOLIMA,PURIFICACION,MORALES HOYOS VIVIANE ALEIDA,21
TOLIMA,PURIFICACION,PETRO URREGO GUSTAVO FRANCISCO,3003
TOLIMA,PURIFICACION,PROMOTORES VOTO EN BLANCO,33
TOLIMA,PURIFICACION,TARJETAS NO MARCADAS,49
TOLIMA,PURIFICACION,TRUJILLO SARMIENTO JORGE ANTONIO,39
TOLIMA,PURIFICACION,VARGAS LLERAS GERMAN,1094
TOLIMA,PURIFICACION,VOTOS EN BLANCO,166
TOLIMA,PURIFICACION,VOTOS NULOS,145
TOLIMA,RIOBLANCO,DE LA CALLE LOMBANA HUMBERTO,176
TOLIMA,RIOBLANCO,DUQUE MARQUEZ IVAN,4118
TOLIMA,RIOBLANCO,FAJARDO VALDERRAMA SERGIO,401
TOLIMA,RIOBLANCO,MORALES HOYOS VIVIANE ALEIDA,24
TOLIMA,RIOBLANCO,PETRO URREGO GUSTAVO FRANCISCO,761
TOLIMA,RIOBLANCO,PROMOTORES VOTO EN BLANCO,22
TOLIMA,RIOBLANCO,TARJETAS NO MARCADAS,73
TOLIMA,RIOBLANCO,TRUJILLO SARMIENTO JORGE ANTONIO,26
TOLIMA,RIOBLANCO,VARGAS LLERAS GERMAN,631
TOLIMA,RIOBLANCO,VOTOS EN BLANCO,132
TOLIMA,RIOBLANCO,VOTOS NULOS,94
TOLIMA,RONCESVALLES,DE LA CALLE LOMBANA HUMBERTO,48
TOLIMA,RONCESVALLES,DUQUE MARQUEZ IVAN,1208
TOLIMA,RONCESVALLES,FAJARDO VALDERRAMA SERGIO,197
TOLIMA,RONCESVALLES,MORALES HOYOS VIVIANE ALEIDA,3
TOLIMA,RONCESVALLES,PETRO URREGO GUSTAVO FRANCISCO,192
TOLIMA,RONCESVALLES,PROMOTORES VOTO EN BLANCO,6
TOLIMA,RONCESVALLES,TARJETAS NO MARCADAS,4
TOLIMA,RONCESVALLES,TRUJILLO SARMIENTO JORGE ANTONIO,6
TOLIMA,RONCESVALLES,VARGAS LLERAS GERMAN,169
TOLIMA,RONCESVALLES,VOTOS EN BLANCO,46
TOLIMA,RONCESVALLES,VOTOS NULOS,22
TOLIMA,ROVIRA,DE LA CALLE LOMBANA HUMBERTO,129
TOLIMA,ROVIRA,DUQUE MARQUEZ IVAN,5879
TOLIMA,ROVIRA,FAJARDO VALDERRAMA SERGIO,760
TOLIMA,ROVIRA,MORALES HOYOS VIVIANE ALEIDA,26
TOLIMA,ROVIRA,PETRO URREGO GUSTAVO FRANCISCO,847
TOLIMA,ROVIRA,PROMOTORES VOTO EN BLANCO,19
TOLIMA,ROVIRA,TARJETAS NO MARCADAS,43
TOLIMA,ROVIRA,TRUJILLO SARMIENTO JORGE ANTONIO,22
TOLIMA,ROVIRA,VARGAS LLERAS GERMAN,699
TOLIMA,ROVIRA,VOTOS EN BLANCO,112
TOLIMA,ROVIRA,VOTOS NULOS,141
TOLIMA,SALDANA,DE LA CALLE LOMBANA HUMBERTO,89
TOLIMA,SALDANA,DUQUE MARQUEZ IVAN,3465
TOLIMA,SALDANA,FAJARDO VALDERRAMA SERGIO,1095
TOLIMA,SALDANA,MORALES HOYOS VIVIANE ALEIDA,16
TOLIMA,SALDANA,PETRO URREGO GUSTAVO FRANCISCO,977
TOLIMA,SALDANA,PROMOTORES VOTO EN BLANCO,18
TOLIMA,SALDANA,TARJETAS NO MARCADAS,18
TOLIMA,SALDANA,TRUJILLO SARMIENTO JORGE ANTONIO,20
TOLIMA,SALDANA,VARGAS LLERAS GERMAN,751
TOLIMA,SALDANA,VOTOS EN BLANCO,121
TOLIMA,SALDANA,VOTOS NULOS,123
TOLIMA,SAN ANTONIO,DE LA CALLE LOMBANA HUMBERTO,33
TOLIMA,SAN ANTONIO,DUQUE MARQUEZ IVAN,3892
TOLIMA,SAN ANTONIO,FAJARDO VALDERRAMA SERGIO,279
TOLIMA,SAN ANTONIO,MORALES HOYOS VIVIANE ALEIDA,8
TOLIMA,SAN ANTONIO,PETRO URREGO GUSTAVO FRANCISCO,423
TOLIMA,SAN ANTONIO,PROMOTORES VOTO EN BLANCO,3
TOLIMA,SAN ANTONIO,TARJETAS NO MARCADAS,24
TOLIMA,SAN ANTONIO,TRUJILLO SARMIENTO JORGE ANTONIO,15
TOLIMA,SAN ANTONIO,VARGAS LLERAS GERMAN,550
TOLIMA,SAN ANTONIO,VOTOS EN BLANCO,68
TOLIMA,SAN ANTONIO,VOTOS NULOS,66
TOLIMA,SAN LUIS,DE LA CALLE LOMBANA HUMBERTO,63
TOLIMA,SAN LUIS,DUQUE MARQUEZ IVAN,3838
TOLIMA,SAN LUIS,FAJARDO VALDERRAMA SERGIO,718
TOLIMA,SAN LUIS,MORALES HOYOS VIVIANE ALEIDA,24
TOLIMA,SAN LUIS,PETRO URREGO GUSTAVO FRANCISCO,533
TOLIMA,SAN LUIS,PROMOTORES VOTO EN BLANCO,9
TOLIMA,SAN LUIS,TARJETAS NO MARCADAS,30
TOLIMA,SAN LUIS,TRUJILLO SARMIENTO JORGE ANTONIO,14
TOLIMA,SAN LUIS,VARGAS LLERAS GERMAN,1037
TOLIMA,SAN LUIS,VOTOS EN BLANCO,69
TOLIMA,SAN LUIS,VOTOS NULOS,68
TOLIMA,SAN SEBASTIAN DE MARIQUITA,DE LA CALLE LOMBANA HUMBERTO,244
TOLIMA,SAN SEBASTIAN DE MARIQUITA,DUQUE MARQUEZ IVAN,6761
TOLIMA,SAN SEBASTIAN DE MARIQUITA,FAJARDO VALDERRAMA SERGIO,3439
TOLIMA,SAN SEBASTIAN DE MARIQUITA,MORALES HOYOS VIVIANE ALEIDA,50
TOLIMA,SAN SEBASTIAN DE MARIQUITA,PETRO URREGO GUSTAVO FRANCISCO,2522
TOLIMA,SAN SEBASTIAN DE MARIQUITA,PROMOTORES VOTO EN BLANCO,33
TOLIMA,SAN SEBASTIAN DE MARIQUITA,TARJETAS NO MARCADAS,81
TOLIMA,SAN SEBASTIAN DE MARIQUITA,TRUJILLO SARMIENTO JORGE ANTONIO,65
TOLIMA,SAN SEBASTIAN DE MARIQUITA,VARGAS LLERAS GERMAN,877
TOLIMA,SAN SEBASTIAN DE MARIQUITA,VOTOS EN BLANCO,415
TOLIMA,SAN SEBASTIAN DE MARIQUITA,VOTOS NULOS,411
TOLIMA,SANTA ISABEL,DE LA CALLE LOMBANA HUMBERTO,51
TOLIMA,SANTA ISABEL,DUQUE MARQUEZ IVAN,1806
TOLIMA,SANTA ISABEL,FAJARDO VALDERRAMA SERGIO,165
TOLIMA,SANTA ISABEL,MORALES HOYOS VIVIANE ALEIDA,6
TOLIMA,SANTA ISABEL,PETRO URREGO GUSTAVO FRANCISCO,214
TOLIMA,SANTA ISABEL,PROMOTORES VOTO EN BLANCO,5
TOLIMA,SANTA ISABEL,TARJETAS NO MARCADAS,8
TOLIMA,SANTA ISABEL,TRUJILLO SARMIENTO JORGE ANTONIO,4
TOLIMA,SANTA ISABEL,VARGAS LLERAS GERMAN,496
TOLIMA,SANTA ISABEL,VOTOS EN BLANCO,22
TOLIMA,SANTA ISABEL,VOTOS NULOS,20
TOLIMA,SUAREZ,DE LA CALLE LOMBANA HUMBERTO,30
TOLIMA,SUAREZ,DUQUE MARQUEZ IVAN,1339
TOLIMA,SUAREZ,FAJARDO VALDERRAMA SERGIO,230
TOLIMA,SUAREZ,MORALES HOYOS VIVIANE ALEIDA,2
TOLIMA,SUAREZ,PETRO URREGO GUSTAVO FRANCISCO,223
TOLIMA,SUAREZ,PROMOTORES VOTO EN BLANCO,1
TOLIMA,SUAREZ,TARJETAS NO MARCADAS,5
TOLIMA,SUAREZ,TRUJILLO SARMIENTO JORGE ANTONIO,6
TOLIMA,SUAREZ,VARGAS LLERAS GERMAN,386
TOLIMA,SUAREZ,VOTOS EN BLANCO,15
TOLIMA,SUAREZ,VOTOS NULOS,20
TOLIMA,VALLE DE SAN JUAN,DE LA CALLE LOMBANA HUMBERTO,37
TOLIMA,VALLE DE SAN JUAN,DUQUE MARQUEZ IVAN,2044
TOLIMA,VALLE DE SAN JUAN,FAJARDO VALDERRAMA SERGIO,164
TOLIMA,VALLE DE SAN JUAN,MORALES HOYOS VIVIANE ALEIDA,4
TOLIMA,VALLE DE SAN JUAN,PETRO URREGO GUSTAVO FRANCISCO,194
TOLIMA,VALLE DE SAN JUAN,PROMOTORES VOTO EN BLANCO,6
TOLIMA,VALLE DE SAN JUAN,TARJETAS NO MARCADAS,10
TOLIMA,VALLE DE SAN JUAN,TRUJILLO SARMIENTO JORGE ANTONIO,4
TOLIMA,VALLE DE SAN JUAN,VARGAS LLERAS GERMAN,107
TOLIMA,VALLE DE SAN JUAN,VOTOS EN BLANCO,20
TOLIMA,VALLE DE SAN JUAN,VOTOS NULOS,17
TOLIMA,VENADILLO,DE LA CALLE LOMBANA HUMBERTO,531
TOLIMA,VENADILLO,DUQUE MARQUEZ IVAN,2874
TOLIMA,VENADILLO,FAJARDO VALDERRAMA SERGIO,667
TOLIMA,VENADILLO,MORALES HOYOS VIVIANE ALEIDA,6
TOLIMA,VENADILLO,PETRO URREGO GUSTAVO FRANCISCO,919
TOLIMA,VENADILLO,PROMOTORES VOTO EN BLANCO,12
TOLIMA,VENADILLO,TARJETAS NO MARCADAS,15
TOLIMA,VENADILLO,TRUJILLO SARMIENTO JORGE ANTONIO,13
TOLIMA,VENADILLO,VARGAS LLERAS GERMAN,493
TOLIMA,VENADILLO,VOTOS EN BLANCO,80
TOLIMA,VENADILLO,VOTOS NULOS,100
TOLIMA,VILLAHERMOSA,DE LA CALLE LOMBANA HUMBERTO,33
TOLIMA,VILLAHERMOSA,DUQUE MARQUEZ IVAN,2324
TOLIMA,VILLAHERMOSA,FAJARDO VALDERRAMA SERGIO,216
TOLIMA,VILLAHERMOSA,MORALES HOYOS VIVIANE ALEIDA,8
TOLIMA,VILLAHERMOSA,PETRO URREGO GUSTAVO FRANCISCO,386
TOLIMA,VILLAHERMOSA,PROMOTORES VOTO EN BLANCO,6
TOLIMA,VILLAHERMOSA,TARJETAS NO MARCADAS,23
TOLIMA,VILLAHERMOSA,TRUJILLO SARMIENTO JORGE ANTONIO,11
TOLIMA,VILLAHERMOSA,VARGAS LLERAS GERMAN,251
TOLIMA,VILLAHERMOSA,VOTOS EN BLANCO,40
TOLIMA,VILLAHERMOSA,VOTOS NULOS,36
TOLIMA,VILLARRICA,DE LA CALLE LOMBANA HUMBERTO,26
TOLIMA,VILLARRICA,DUQUE MARQUEZ IVAN,1829
TOLIMA,VILLARRICA,FAJARDO VALDERRAMA SERGIO,89
TOLIMA,VILLARRICA,MORALES HOYOS VIVIANE ALEIDA,3
TOLIMA,VILLARRICA,PETRO URREGO GUSTAVO FRANCISCO,286
TOLIMA,VILLARRICA,PROMOTORES VOTO EN BLANCO,3
TOLIMA,VILLARRICA,TARJETAS NO MARCADAS,5
TOLIMA,VILLARRICA,TRUJILLO SARMIENTO JORGE ANTONIO,15
TOLIMA,VILLARRICA,VARGAS LLERAS GERMAN,85
TOLIMA,VILLARRICA,VOTOS EN BLANCO,30
TOLIMA,VILLARRICA,VOTOS NULOS,13
VALLE DEL CAUCA,ALCALA,DE LA CALLE LOMBANA HUMBERTO,70
VALLE DEL CAUCA,ALCALA,DUQUE MARQUEZ IVAN,2542
VALLE DEL CAUCA,ALCALA,FAJARDO VALDERRAMA SERGIO,983
VALLE DEL CAUCA,ALCALA,MORALES HOYOS VIVIANE ALEIDA,13
VALLE DEL CAUCA,ALCALA,PETRO URREGO GUSTAVO FRANCISCO,893
VALLE DEL CAUCA,ALCALA,PROMOTORES VOTO EN BLANCO,10
VALLE DEL CAUCA,ALCALA,TARJETAS NO MARCADAS,37
VALLE DEL CAUCA,ALCALA,TRUJILLO SARMIENTO JORGE ANTONIO,10
VALLE DEL CAUCA,ALCALA,VARGAS LLERAS GERMAN,651
VALLE DEL CAUCA,ALCALA,VOTOS EN BLANCO,112
VALLE DEL CAUCA,ALCALA,VOTOS NULOS,128
VALLE DEL CAUCA,ANDALUCIA,DE LA CALLE LOMBANA HUMBERTO,127
VALLE DEL CAUCA,ANDALUCIA,DUQUE MARQUEZ IVAN,2894
VALLE DEL CAUCA,ANDALUCIA,FAJARDO VALDERRAMA SERGIO,2295
VALLE DEL CAUCA,ANDALUCIA,MORALES HOYOS VIVIANE ALEIDA,18
VALLE DEL CAUCA,ANDALUCIA,PETRO URREGO GUSTAVO FRANCISCO,2806
VALLE DEL CAUCA,ANDALUCIA,PROMOTORES VOTO EN BLANCO,16
VALLE DEL CAUCA,ANDALUCIA,TARJETAS NO MARCADAS,27
VALLE DEL CAUCA,ANDALUCIA,TRUJILLO SARMIENTO JORGE ANTONIO,27
VALLE DEL CAUCA,ANDALUCIA,VARGAS LLERAS GERMAN,1031
VALLE DEL CAUCA,ANDALUCIA,VOTOS EN BLANCO,224
VALLE DEL CAUCA,ANDALUCIA,VOTOS NULOS,194
VALLE DEL CAUCA,ANSERMANUEVO,DE LA CALLE LOMBANA HUMBERTO,55
VALLE DEL CAUCA,ANSERMANUEVO,DUQUE MARQUEZ IVAN,5113
VALLE DEL CAUCA,ANSERMANUEVO,FAJARDO VALDERRAMA SERGIO,1587
VALLE DEL CAUCA,ANSERMANUEVO,MORALES HOYOS VIVIANE ALEIDA,19
VALLE DEL CAUCA,ANSERMANUEVO,PETRO URREGO GUSTAVO FRANCISCO,572
VALLE DEL CAUCA,ANSERMANUEVO,PROMOTORES VOTO EN BLANCO,19
VALLE DEL CAUCA,ANSERMANUEVO,TARJETAS NO MARCADAS,27
VALLE DEL CAUCA,ANSERMANUEVO,TRUJILLO SARMIENTO JORGE ANTONIO,12
VALLE DEL CAUCA,ANSERMANUEVO,VARGAS LLERAS GERMAN,595
VALLE DEL CAUCA,ANSERMANUEVO,VOTOS EN BLANCO,119
VALLE DEL CAUCA,ANSERMANUEVO,VOTOS NULOS,127
VALLE DEL CAUCA,ARGELIA,DE LA CALLE LOMBANA HUMBERTO,13
VALLE DEL CAUCA,ARGELIA,DUQUE MARQUEZ IVAN,1852
VALLE DEL CAUCA,ARGELIA,FAJARDO VALDERRAMA SERGIO,349
VALLE DEL CAUCA,ARGELIA,MORALES HOYOS VIVIANE ALEIDA,3
VALLE DEL CAUCA,ARGELIA,PETRO URREGO GUSTAVO FRANCISCO,221
VALLE DEL CAUCA,ARGELIA,PROMOTORES VOTO EN BLANCO,4
VALLE DEL CAUCA,ARGELIA,TARJETAS NO MARCADAS,22
VALLE DEL CAUCA,ARGELIA,TRUJILLO SARMIENTO JORGE ANTONIO,4
VALLE DEL CAUCA,ARGELIA,VARGAS LLERAS GERMAN,262
VALLE DEL CAUCA,ARGELIA,VOTOS EN BLANCO,43
VALLE DEL CAUCA,ARGELIA,VOTOS NULOS,20
VALLE DEL CAUCA,BOLIVAR,DE LA CALLE LOMBANA HUMBERTO,85
VALLE DEL CAUCA,BOLIVAR,DUQUE MARQUEZ IVAN,3428
VALLE DEL CAUCA,BOLIVAR,FAJARDO VALDERRAMA SERGIO,933
VALLE DEL CAUCA,BOLIVAR,MORALES HOYOS VIVIANE ALEIDA,8
VALLE DEL CAUCA,BOLIVAR,PETRO URREGO GUSTAVO FRANCISCO,806
VALLE DEL CAUCA,BOLIVAR,PROMOTORES VOTO EN BLANCO,15
VALLE DEL CAUCA,BOLIVAR,TARJETAS NO MARCADAS,27
VALLE DEL CAUCA,BOLIVAR,TRUJILLO SARMIENTO JORGE ANTONIO,12
VALLE DEL CAUCA,BOLIVAR,VARGAS LLERAS GERMAN,1371
VALLE DEL CAUCA,BOLIVAR,VOTOS EN BLANCO,106
VALLE DEL CAUCA,BOLIVAR,VOTOS NULOS,71
VALLE DEL CAUCA,BUENAVENTURA,DE LA CALLE LOMBANA HUMBERTO,1947
VALLE DEL CAUCA,BUENAVENTURA,DUQUE MARQUEZ IVAN,17743
VALLE DEL CAUCA,BUENAVENTURA,FAJARDO VALDERRAMA SERGIO,6213
VALLE DEL CAUCA,BUENAVENTURA,MORALES HOYOS VIVIANE ALEIDA,240
VALLE DEL CAUCA,BUENAVENTURA,PETRO URREGO GUSTAVO FRANCISCO,46148
VALLE DEL CAUCA,BUENAVENTURA,PROMOTORES VOTO EN BLANCO,162
VALLE DEL CAUCA,BUENAVENTURA,TARJETAS NO MARCADAS,361
VALLE DEL CAUCA,BUENAVENTURA,TRUJILLO SARMIENTO JORGE ANTONIO,935
VALLE DEL CAUCA,BUENAVENTURA,VARGAS LLERAS GERMAN,9017
VALLE DEL CAUCA,BUENAVENTURA,VOTOS EN BLANCO,1724
VALLE DEL CAUCA,BUENAVENTURA,VOTOS NULOS,2872
VALLE DEL CAUCA,BUGALAGRANDE,DE LA CALLE LOMBANA HUMBERTO,215
VALLE DEL CAUCA,BUGALAGRANDE,DUQUE MARQUEZ IVAN,2642
VALLE DEL CAUCA,BUGALAGRANDE,FAJARDO VALDERRAMA SERGIO,1922
VALLE DEL CAUCA,BUGALAGRANDE,MORALES HOYOS VIVIANE ALEIDA,11
VALLE DEL CAUCA,BUGALAGRANDE,PETRO URREGO GUSTAVO FRANCISCO,3847
VALLE DEL CAUCA,BUGALAGRANDE,PROMOTORES VOTO EN BLANCO,21
VALLE DEL CAUCA,BUGALAGRANDE,TARJETAS NO MARCADAS,32
VALLE DEL CAUCA,BUGALAGRANDE,TRUJILLO SARMIENTO JORGE ANTONIO,19
VALLE DEL CAUCA,BUGALAGRANDE,VARGAS LLERAS GERMAN,978
VALLE DEL CAUCA,BUGALAGRANDE,VOTOS EN BLANCO,177
VALLE DEL CAUCA,BUGALAGRANDE,VOTOS NULOS,219
VALLE DEL CAUCA,CAICEDONIA,DE LA CALLE LOMBANA HUMBERTO,160
VALLE DEL CAUCA,CAICEDONIA,DUQUE MARQUEZ IVAN,7794
VALLE DEL CAUCA,CAICEDONIA,FAJARDO VALDERRAMA SERGIO,3201
VALLE DEL CAUCA,CAICEDONIA,MORALES HOYOS VIVIANE ALEIDA,21
VALLE DEL CAUCA,CAICEDONIA,PETRO URREGO GUSTAVO FRANCISCO,1705
VALLE DEL CAUCA,CAICEDONIA,PROMOTORES VOTO EN BLANCO,19
VALLE DEL CAUCA,CAICEDONIA,TARJETAS NO MARCADAS,57
VALLE DEL CAUCA,CAICEDONIA,TRUJILLO SARMIENTO JORGE ANTONIO,26
VALLE DEL CAUCA,CAICEDONIA,VARGAS LLERAS GERMAN,314
VALLE DEL CAUCA,CAICEDONIA,VOTOS EN BLANCO,247
VALLE DEL CAUCA,CAICEDONIA,VOTOS NULOS,244
VALLE DEL CAUCA,CALI,DE LA CALLE LOMBANA HUMBERTO,23457
VALLE DEL CAUCA,CALI,DUQUE MARQUEZ IVAN,248051
VALLE DEL CAUCA,CALI,FAJARDO VALDERRAMA SERGIO,284347
VALLE DEL CAUCA,CALI,MORALES HOYOS VIVIANE ALEIDA,1265
VALLE DEL CAUCA,CALI,PETRO URREGO GUSTAVO FRANCISCO,229915
VALLE DEL CAUCA,CALI,PROMOTORES VOTO EN BLANCO,1488
VALLE DEL CAUCA,CALI,TARJETAS NO MARCADAS,1118
VALLE DEL CAUCA,CALI,TRUJILLO SARMIENTO JORGE ANTONIO,3470
VALLE DEL CAUCA,CALI,VARGAS LLERAS GERMAN,58532
VALLE DEL CAUCA,CALI,VOTOS EN BLANCO,20618
VALLE DEL CAUCA,CALI,VOTOS NULOS,10956
VALLE DEL CAUCA,CALIMA,DE LA CALLE LOMBANA HUMBERTO,80
VALLE DEL CAUCA,CALIMA,DUQUE MARQUEZ IVAN,2639
VALLE DEL CAUCA,CALIMA,FAJARDO VALDERRAMA SERGIO,1772
VALLE DEL CAUCA,CALIMA,MORALES HOYOS VIVIANE ALEIDA,8
VALLE DEL CAUCA,CALIMA,PETRO URREGO GUSTAVO FRANCISCO,1441
VALLE DEL CAUCA,CALIMA,PROMOTORES VOTO EN BLANCO,14
VALLE DEL CAUCA,CALIMA,TARJETAS NO MARCADAS,19
VALLE DEL CAUCA,CALIMA,TRUJILLO SARMIENTO JORGE ANTONIO,14
VALLE DEL CAUCA,CALIMA,VARGAS LLERAS GERMAN,522
VALLE DEL CAUCA,CALIMA,VOTOS EN BLANCO,134
VALLE DEL CAUCA,CALIMA,VOTOS NULOS,117
VALLE DEL CAUCA,CANDELARIA,DE LA CALLE LOMBANA HUMBERTO,885
VALLE DEL CAUCA,CANDELARIA,DUQUE MARQUEZ IVAN,7510
VALLE DEL CAUCA,CANDELARIA,FAJARDO VALDERRAMA SERGIO,7941
VALLE DEL CAUCA,CANDELARIA,MORALES HOYOS VIVIANE ALEIDA,80
VALLE DEL CAUCA,CANDELARIA,PETRO URREGO GUSTAVO FRANCISCO,13838
VALLE DEL CAUCA,CANDELARIA,PROMOTORES VOTO EN BLANCO,77
VALLE DEL CAUCA,CANDELARIA,TARJETAS NO MARCADAS,120
VALLE DEL CAUCA,CANDELARIA,TRUJILLO SARMIENTO JORGE ANTONIO,209
VALLE DEL CAUCA,CANDELARIA,VARGAS LLERAS GERMAN,3301
VALLE DEL CAUCA,CANDELARIA,VOTOS EN BLANCO,1162
VALLE DEL CAUCA,CANDELARIA,VOTOS NULOS,1217
VALLE DEL CAUCA,CARTAGO,DE LA CALLE LOMBANA HUMBERTO,584
VALLE DEL CAUCA,CARTAGO,DUQUE MARQUEZ IVAN,24690
VALLE DEL CAUCA,CARTAGO,FAJARDO VALDERRAMA SERGIO,20376
VALLE DEL CAUCA,CARTAGO,MORALES HOYOS VIVIANE ALEIDA,101
VALLE DEL CAUCA,CARTAGO,PETRO URREGO GUSTAVO FRANCISCO,7005
VALLE DEL CAUCA,CARTAGO,PROMOTORES VOTO EN BLANCO,69
VALLE DEL CAUCA,CARTAGO,TARJETAS NO MARCADAS,143
VALLE DEL CAUCA,CARTAGO,TRUJILLO SARMIENTO JORGE ANTONIO,112
VALLE DEL CAUCA,CARTAGO,VARGAS LLERAS GERMAN,2870
VALLE DEL CAUCA,CARTAGO,VOTOS EN BLANCO,977
VALLE DEL CAUCA,CARTAGO,VOTOS NULOS,896
VALLE DEL CAUCA,DAGUA,DE LA CALLE LOMBANA HUMBERTO,274
VALLE DEL CAUCA,DAGUA,DUQUE MARQUEZ IVAN,7922
VALLE DEL CAUCA,DAGUA,FAJARDO VALDERRAMA SERGIO,2188
VALLE DEL CAUCA,DAGUA,MORALES HOYOS VIVIANE ALEIDA,39
VALLE DEL CAUCA,DAGUA,PETRO URREGO GUSTAVO FRANCISCO,3074
VALLE DEL CAUCA,DAGUA,PROMOTORES VOTO EN BLANCO,24
VALLE DEL CAUCA,DAGUA,TARJETAS NO MARCADAS,79
VALLE DEL CAUCA,DAGUA,TRUJILLO SARMIENTO JORGE ANTONIO,52
VALLE DEL CAUCA,DAGUA,VARGAS LLERAS GERMAN,1478
VALLE DEL CAUCA,DAGUA,VOTOS EN BLANCO,329
VALLE DEL CAUCA,DAGUA,VOTOS NULOS,332
VALLE DEL CAUCA,EL AGUILA,DE LA CALLE LOMBANA HUMBERTO,16
VALLE DEL CAUCA,EL AGUILA,DUQUE MARQUEZ IVAN,2700
VALLE DEL CAUCA,EL AGUILA,FAJARDO VALDERRAMA SERGIO,556
VALLE DEL CAUCA,EL AGUILA,MORALES HOYOS VIVIANE ALEIDA,9
VALLE DEL CAUCA,EL AGUILA,PETRO URREGO GUSTAVO FRANCISCO,216
VALLE DEL CAUCA,EL AGUILA,PROMOTORES VOTO EN BLANCO,8
VALLE DEL CAUCA,EL AGUILA,TARJETAS NO MARCADAS,23
VALLE DEL CAUCA,EL AGUILA,TRUJILLO SARMIENTO JORGE ANTONIO,5
VALLE DEL CAUCA,EL AGUILA,VARGAS LLERAS GERMAN,324
VALLE DEL CAUCA,EL AGUILA,VOTOS EN BLANCO,42
VALLE DEL CAUCA,EL AGUILA,VOTOS NULOS,57
VALLE DEL CAUCA,EL CAIRO,DE LA CALLE LOMBANA HUMBERTO,27
VALLE DEL CAUCA,EL CAIRO,DUQUE MARQUEZ IVAN,1788
VALLE DEL CAUCA,EL CAIRO,FAJARDO VALDERRAMA SERGIO,294
VALLE DEL CAUCA,EL CAIRO,MORALES HOYOS VIVIANE ALEIDA,5
VALLE DEL CAUCA,EL CAIRO,PETRO URREGO GUSTAVO FRANCISCO,298
VALLE DEL CAUCA,EL CAIRO,PROMOTORES VOTO EN BLANCO,4
VALLE DEL CAUCA,EL CAIRO,TARJETAS NO MARCADAS,22
VALLE DEL CAUCA,EL CAIRO,TRUJILLO SARMIENTO JORGE ANTONIO,7
VALLE DEL CAUCA,EL CAIRO,VARGAS LLERAS GERMAN,376
VALLE DEL CAUCA,EL CAIRO,VOTOS EN BLANCO,48
VALLE DEL CAUCA,EL CAIRO,VOTOS NULOS,38
VALLE DEL CAUCA,EL CERRITO,DE LA CALLE LOMBANA HUMBERTO,585
VALLE DEL CAUCA,EL CERRITO,DUQUE MARQUEZ IVAN,5515
VALLE DEL CAUCA,EL CERRITO,FAJARDO VALDERRAMA SERGIO,6301
VALLE DEL CAUCA,EL CERRITO,MORALES HOYOS VIVIANE ALEIDA,92
VALLE DEL CAUCA,EL CERRITO,PETRO URREGO GUSTAVO FRANCISCO,9888
VALLE DEL CAUCA,EL CERRITO,PROMOTORES VOTO EN BLANCO,153
VALLE DEL CAUCA,EL CERRITO,TARJETAS NO MARCADAS,64
VALLE DEL CAUCA,EL CERRITO,TRUJILLO SARMIENTO JORGE ANTONIO,164
VALLE DEL CAUCA,EL CERRITO,VARGAS LLERAS GERMAN,2792
VALLE DEL CAUCA,EL CERRITO,VOTOS EN BLANCO,648
VALLE DEL CAUCA,EL CERRITO,VOTOS NULOS,544
VALLE DEL CAUCA,EL DOVIO,DE LA CALLE LOMBANA HUMBERTO,28
VALLE DEL CAUCA,EL DOVIO,DUQUE MARQUEZ IVAN,2517
VALLE DEL CAUCA,EL DOVIO,FAJARDO VALDERRAMA SERGIO,684
VALLE DEL CAUCA,EL DOVIO,MORALES HOYOS VIVIANE ALEIDA,16
VALLE DEL CAUCA,EL DOVIO,PETRO URREGO GUSTAVO FRANCISCO,625
VALLE DEL CAUCA,EL DOVIO,PROMOTORES VOTO EN BLANCO,3
VALLE DEL CAUCA,EL DOVIO,TARJETAS NO MARCADAS,22
VALLE DEL CAUCA,EL DOVIO,TRUJILLO SARMIENTO JORGE ANTONIO,8
VALLE DEL CAUCA,EL DOVIO,VARGAS LLERAS GERMAN,515
VALLE DEL CAUCA,EL DOVIO,VOTOS EN BLANCO,94
VALLE DEL CAUCA,EL DOVIO,VOTOS NULOS,66
VALLE DEL CAUCA,FLORIDA,DE LA CALLE LOMBANA HUMBERTO,487
VALLE DEL CAUCA,FLORIDA,DUQUE MARQUEZ IVAN,5141
VALLE DEL CAUCA,FLORIDA,FAJARDO VALDERRAMA SERGIO,4477
VALLE DEL CAUCA,FLORIDA,MORALES HOYOS VIVIANE ALEIDA,43
VALLE DEL CAUCA,FLORIDA,PETRO URREGO GUSTAVO FRANCISCO,12907
VALLE DEL CAUCA,FLORIDA,PROMOTORES VOTO EN BLANCO,72
VALLE DEL CAUCA,FLORIDA,TARJETAS NO MARCADAS,81
VALLE DEL CAUCA,FLORIDA,TRUJILLO SARMIENTO JORGE ANTONIO,89
VALLE DEL CAUCA,FLORIDA,VARGAS LLERAS GERMAN,1618
VALLE DEL CAUCA,FLORIDA,VOTOS EN BLANCO,618
VALLE DEL CAUCA,FLORIDA,VOTOS NULOS,527
VALLE DEL CAUCA,GINEBRA,DE LA CALLE LOMBANA HUMBERTO,179
VALLE DEL CAUCA,GINEBRA,DUQUE MARQUEZ IVAN,3771
VALLE DEL CAUCA,GINEBRA,FAJARDO VALDERRAMA SERGIO,1931
VALLE DEL CAUCA,GINEBRA,MORALES HOYOS VIVIANE ALEIDA,22
VALLE DEL CAUCA,GINEBRA,PETRO URREGO GUSTAVO FRANCISCO,2342
VALLE DEL CAUCA,GINEBRA,PROMOTORES VOTO EN BLANCO,11
VALLE DEL CAUCA,GINEBRA,TARJETAS NO MARCADAS,26
VALLE DEL CAUCA,GINEBRA,TRUJILLO SARMIENTO JORGE ANTONIO,21
VALLE DEL CAUCA,GINEBRA,VARGAS LLERAS GERMAN,747
VALLE DEL CAUCA,GINEBRA,VOTOS EN BLANCO,235
VALLE DEL CAUCA,GINEBRA,VOTOS NULOS,169
VALLE DEL CAUCA,GUACARI,DE LA CALLE LOMBANA HUMBERTO,264
VALLE DEL CAUCA,GUACARI,DUQUE MARQUEZ IVAN,3612
VALLE DEL CAUCA,GUACARI,FAJARDO VALDERRAMA SERGIO,2259
VALLE DEL CAUCA,GUACARI,MORALES HOYOS VIVIANE ALEIDA,26
VALLE DEL CAUCA,GUACARI,PETRO URREGO GUSTAVO FRANCISCO,5770
VALLE DEL CAUCA,GUACARI,PROMOTORES VOTO EN BLANCO,27
VALLE DEL CAUCA,GUACARI,TARJETAS NO MARCADAS,55
VALLE DEL CAUCA,GUACARI,TRUJILLO SARMIENTO JORGE ANTONIO,66
VALLE DEL CAUCA,GUACARI,VARGAS LLERAS GERMAN,2092
VALLE DEL CAUCA,GUACARI,VOTOS EN BLANCO,339
VALLE DEL CAUCA,GUACARI,VOTOS NULOS,329
VALLE DEL CAUCA,GUADALAJARA DE BUGA,DE LA CALLE LOMBANA HUMBERTO,1420
VALLE DEL CAUCA,GUADALAJARA DE BUGA,DUQUE MARQUEZ IVAN,16195
VALLE DEL CAUCA,GUADALAJARA DE BUGA,FAJARDO VALDERRAMA SERGIO,17979
VALLE DEL CAUCA,GUADALAJARA DE BUGA,MORALES HOYOS VIVIANE ALEIDA,84
VALLE DEL CAUCA,GUADALAJARA DE BUGA,PETRO URREGO GUSTAVO FRANCISCO,15011
VALLE DEL CAUCA,GUADALAJARA DE BUGA,PROMOTORES VOTO EN BLANCO,80
VALLE DEL CAUCA,GUADALAJARA DE BUGA,TARJETAS NO MARCADAS,101
VALLE DEL CAUCA,GUADALAJARA DE BUGA,TRUJILLO SARMIENTO JORGE ANTONIO,116
VALLE DEL CAUCA,GUADALAJARA DE BUGA,VARGAS LLERAS GERMAN,4157
VALLE DEL CAUCA,GUADALAJARA DE BUGA,VOTOS EN BLANCO,1371
VALLE DEL CAUCA,GUADALAJARA DE BUGA,VOTOS NULOS,1102
VALLE DEL CAUCA,JAMUNDI,DE LA CALLE LOMBANA HUMBERTO,1099
VALLE DEL CAUCA,JAMUNDI,DUQUE MARQUEZ IVAN,13600
VALLE DEL CAUCA,JAMUNDI,FAJARDO VALDERRAMA SERGIO,15738
VALLE DEL CAUCA,JAMUNDI,MORALES HOYOS VIVIANE ALEIDA,102
VALLE DEL CAUCA,JAMUNDI,PETRO URREGO GUSTAVO FRANCISCO,15475
VALLE DEL CAUCA,JAMUNDI,PROMOTORES VOTO EN BLANCO,93
VALLE DEL CAUCA,JAMUNDI,TARJETAS NO MARCADAS,106
VALLE DEL CAUCA,JAMUNDI,TRUJILLO SARMIENTO JORGE ANTONIO,149
VALLE DEL CAUCA,JAMUNDI,VARGAS LLERAS GERMAN,3986
VALLE DEL CAUCA,JAMUNDI,VOTOS EN BLANCO,1169
VALLE DEL CAUCA,JAMUNDI,VOTOS NULOS,755
VALLE DEL CAUCA,LA CUMBRE,DE LA CALLE LOMBANA HUMBERTO,124
VALLE DEL CAUCA,LA CUMBRE,DUQUE MARQUEZ IVAN,2703
VALLE DEL CAUCA,LA CUMBRE,FAJARDO VALDERRAMA SERGIO,1065
VALLE DEL CAUCA,LA CUMBRE,MORALES HOYOS VIVIANE ALEIDA,4
VALLE DEL CAUCA,LA CUMBRE,PETRO URREGO GUSTAVO FRANCISCO,1279
VALLE DEL CAUCA,LA CUMBRE,PROMOTORES VOTO EN BLANCO,14
VALLE DEL CAUCA,LA CUMBRE,TARJETAS NO MARCADAS,22
VALLE DEL CAUCA,LA CUMBRE,TRUJILLO SARMIENTO JORGE ANTONIO,26
VALLE DEL CAUCA,LA CUMBRE,VARGAS LLERAS GERMAN,839
VALLE DEL CAUCA,LA CUMBRE,VOTOS EN BLANCO,158
VALLE DEL CAUCA,LA CUMBRE,VOTOS NULOS,82
VALLE DEL CAUCA,LA UNION,DE LA CALLE LOMBANA HUMBERTO,113
VALLE DEL CAUCA,LA UNION,DUQUE MARQUEZ IVAN,8073
VALLE DEL CAUCA,LA UNION,FAJARDO VALDERRAMA SERGIO,4106
VALLE DEL CAUCA,LA UNION,MORALES HOYOS VIVIANE ALEIDA,38
VALLE DEL CAUCA,LA UNION,PETRO URREGO GUSTAVO FRANCISCO,1278
VALLE DEL CAUCA,LA UNION,PROMOTORES VOTO EN BLANCO,32
VALLE DEL CAUCA,LA UNION,TARJETAS NO MARCADAS,45
VALLE DEL CAUCA,LA UNION,TRUJILLO SARMIENTO JORGE ANTONIO,20
VALLE DEL CAUCA,LA UNION,VARGAS LLERAS GERMAN,1159
VALLE DEL CAUCA,LA UNION,VOTOS EN BLANCO,300
VALLE DEL CAUCA,LA UNION,VOTOS NULOS,403
VALLE DEL CAUCA,LA VICTORIA,DE LA CALLE LOMBANA HUMBERTO,66
VALLE DEL CAUCA,LA VICTORIA,DUQUE MARQUEZ IVAN,2954
VALLE DEL CAUCA,LA VICTORIA,FAJARDO VALDERRAMA SERGIO,1051
VALLE DEL CAUCA,LA VICTORIA,MORALES HOYOS VIVIANE ALEIDA,6
VALLE DEL CAUCA,LA VICTORIA,PETRO URREGO GUSTAVO FRANCISCO,725
VALLE DEL CAUCA,LA VICTORIA,PROMOTORES VOTO EN BLANCO,8
VALLE DEL CAUCA,LA VICTORIA,TARJETAS NO MARCADAS,16
VALLE DEL CAUCA,LA VICTORIA,TRUJILLO SARMIENTO JORGE ANTONIO,6
VALLE DEL CAUCA,LA VICTORIA,VARGAS LLERAS GERMAN,790
VALLE DEL CAUCA,LA VICTORIA,VOTOS EN BLANCO,113
VALLE DEL CAUCA,LA VICTORIA,VOTOS NULOS,89
VALLE DEL CAUCA,OBANDO,DE LA CALLE LOMBANA HUMBERTO,77
VALLE DEL CAUCA,OBANDO,DUQUE MARQUEZ IVAN,1833
VALLE DEL CAUCA,OBANDO,FAJARDO VALDERRAMA SERGIO,894
VALLE DEL CAUCA,OBANDO,MORALES HOYOS VIVIANE ALEIDA,13
VALLE DEL CAUCA,OBANDO,PETRO URREGO GUSTAVO FRANCISCO,1204
VALLE DEL CAUCA,OBANDO,PROMOTORES VOTO EN BLANCO,4
VALLE DEL CAUCA,OBANDO,TARJETAS NO MARCADAS,25
VALLE DEL CAUCA,OBANDO,TRUJILLO SARMIENTO JORGE ANTONIO,15
VALLE DEL CAUCA,OBANDO,VARGAS LLERAS GERMAN,1088
VALLE DEL CAUCA,OBANDO,VOTOS EN BLANCO,93
VALLE DEL CAUCA,OBANDO,VOTOS NULOS,139
VALLE DEL CAUCA,PALMIRA,DE LA CALLE LOMBANA HUMBERTO,3184
VALLE DEL CAUCA,PALMIRA,DUQUE MARQUEZ IVAN,33010
VALLE DEL CAUCA,PALMIRA,FAJARDO VALDERRAMA SERGIO,44197
VALLE DEL CAUCA,PALMIRA,MORALES HOYOS VIVIANE ALEIDA,223
VALLE DEL CAUCA,PALMIRA,PETRO URREGO GUSTAVO FRANCISCO,38578
VALLE DEL CAUCA,PALMIRA,PROMOTORES VOTO EN BLANCO,224
VALLE DEL CAUCA,PALMIRA,TARJETAS NO MARCADAS,292
VALLE DEL CAUCA,PALMIRA,TRUJILLO SARMIENTO JORGE ANTONIO,457
VALLE DEL CAUCA,PALMIRA,VARGAS LLERAS GERMAN,12007
VALLE DEL CAUCA,PALMIRA,VOTOS EN BLANCO,3621
VALLE DEL CAUCA,PALMIRA,VOTOS NULOS,2415
VALLE DEL CAUCA,PRADERA,DE LA CALLE LOMBANA HUMBERTO,436
VALLE DEL CAUCA,PRADERA,DUQUE MARQUEZ IVAN,4638
VALLE DEL CAUCA,PRADERA,FAJARDO VALDERRAMA SERGIO,4107
VALLE DEL CAUCA,PRADERA,MORALES HOYOS VIVIANE ALEIDA,45
VALLE DEL CAUCA,PRADERA,PETRO URREGO GUSTAVO FRANCISCO,7743
VALLE DEL CAUCA,PRADERA,PROMOTORES VOTO EN BLANCO,44
VALLE DEL CAUCA,PRADERA,TARJETAS NO MARCADAS,80
VALLE DEL CAUCA,PRADERA,TRUJILLO SARMIENTO JORGE ANTONIO,67
VALLE DEL CAUCA,PRADERA,VARGAS LLERAS GERMAN,2317
VALLE DEL CAUCA,PRADERA,VOTOS EN BLANCO,534
VALLE DEL CAUCA,PRADERA,VOTOS NULOS,561
VALLE DEL CAUCA,RESTREPO,DE LA CALLE LOMBANA HUMBERTO,114
VALLE DEL CAUCA,RESTREPO,DUQUE MARQUEZ IVAN,2788
VALLE DEL CAUCA,RESTREPO,FAJARDO VALDERRAMA SERGIO,1533
VALLE DEL CAUCA,RESTREPO,MORALES HOYOS VIVIANE ALEIDA,7
VALLE DEL CAUCA,RESTREPO,PETRO URREGO GUSTAVO FRANCISCO,1151
VALLE DEL CAUCA,RESTREPO,PROMOTORES VOTO EN BLANCO,9
VALLE DEL CAUCA,RESTREPO,TARJETAS NO MARCADAS,18
VALLE DEL CAUCA,RESTREPO,TRUJILLO SARMIENTO JORGE ANTONIO,23
VALLE DEL CAUCA,RESTREPO,VARGAS LLERAS GERMAN,790
VALLE DEL CAUCA,RESTREPO,VOTOS EN BLANCO,145
VALLE DEL CAUCA,RESTREPO,VOTOS NULOS,125
VALLE DEL CAUCA,RIOFRIO,DE LA CALLE LOMBANA HUMBERTO,99
VALLE DEL CAUCA,RIOFRIO,DUQUE MARQUEZ IVAN,3634
VALLE DEL CAUCA,RIOFRIO,FAJARDO VALDERRAMA SERGIO,1644
VALLE DEL CAUCA,RIOFRIO,MORALES HOYOS VIVIANE ALEIDA,23
VALLE DEL CAUCA,RIOFRIO,PETRO URREGO GUSTAVO FRANCISCO,1295
VALLE DEL CAUCA,RIOFRIO,PROMOTORES VOTO EN BLANCO,15
VALLE DEL CAUCA,RIOFRIO,TARJETAS NO MARCADAS,42
VALLE DEL CAUCA,RIOFRIO,TRUJILLO SARMIENTO JORGE ANTONIO,30
VALLE DEL CAUCA,RIOFRIO,VARGAS LLERAS GERMAN,486
VALLE DEL CAUCA,RIOFRIO,VOTOS EN BLANCO,138
VALLE DEL CAUCA,RIOFRIO,VOTOS NULOS,164
VALLE DEL CAUCA,ROLDANILLO,DE LA CALLE LOMBANA HUMBERTO,157
VALLE DEL CAUCA,ROLDANILLO,DUQUE MARQUEZ IVAN,7345
VALLE DEL CAUCA,ROLDANILLO,FAJARDO VALDERRAMA SERGIO,4486
VALLE DEL CAUCA,ROLDANILLO,MORALES HOYOS VIVIANE ALEIDA,21
VALLE DEL CAUCA,ROLDANILLO,PETRO URREGO GUSTAVO FRANCISCO,2419
VALLE DEL CAUCA,ROLDANILLO,PROMOTORES VOTO EN BLANCO,14
VALLE DEL CAUCA,ROLDANILLO,TARJETAS NO MARCADAS,33
VALLE DEL CAUCA,ROLDANILLO,TRUJILLO SARMIENTO JORGE ANTONIO,27
VALLE DEL CAUCA,ROLDANILLO,VARGAS LLERAS GERMAN,1396
VALLE DEL CAUCA,ROLDANILLO,VOTOS EN BLANCO,284
VALLE DEL CAUCA,ROLDANILLO,VOTOS NULOS,233
VALLE DEL CAUCA,SAN PEDRO,DE LA CALLE LOMBANA HUMBERTO,144
VALLE DEL CAUCA,SAN PEDRO,DUQUE MARQUEZ IVAN,2322
VALLE DEL CAUCA,SAN PEDRO,FAJARDO VALDERRAMA SERGIO,1638
VALLE DEL CAUCA,SAN PEDRO,MORALES HOYOS VIVIANE ALEIDA,4
VALLE DEL CAUCA,SAN PEDRO,PETRO URREGO GUSTAVO FRANCISCO,1457
VALLE DEL CAUCA,SAN PEDRO,PROMOTORES VOTO EN BLANCO,15
VALLE DEL CAUCA,SAN PEDRO,TARJETAS NO MARCADAS,23
VALLE DEL CAUCA,SAN PEDRO,TRUJILLO SARMIENTO JORGE ANTONIO,10
VALLE DEL CAUCA,SAN PEDRO,VARGAS LLERAS GERMAN,1539
VALLE DEL CAUCA,SAN PEDRO,VOTOS EN BLANCO,140
VALLE DEL CAUCA,SAN PEDRO,VOTOS NULOS,213
VALLE DEL CAUCA,SEVILLA,DE LA CALLE LOMBANA HUMBERTO,477
VALLE DEL CAUCA,SEVILLA,DUQUE MARQUEZ IVAN,7784
VALLE DEL CAUCA,SEVILLA,FAJARDO VALDERRAMA SERGIO,4194
VALLE DEL CAUCA,SEVILLA,MORALES HOYOS VIVIANE ALEIDA,52
VALLE DEL CAUCA,SEVILLA,PETRO URREGO GUSTAVO FRANCISCO,2812
VALLE DEL CAUCA,SEVILLA,PROMOTORES VOTO EN BLANCO,43
VALLE DEL CAUCA,SEVILLA,TARJETAS NO MARCADAS,118
VALLE DEL CAUCA,SEVILLA,TRUJILLO SARMIENTO JORGE ANTONIO,46
VALLE DEL CAUCA,SEVILLA,VARGAS LLERAS GERMAN,1197
VALLE DEL CAUCA,SEVILLA,VOTOS EN BLANCO,379
VALLE DEL CAUCA,SEVILLA,VOTOS NULOS,389
VALLE DEL CAUCA,TORO,DE LA CALLE LOMBANA HUMBERTO,48
VALLE DEL CAUCA,TORO,DUQUE MARQUEZ IVAN,3517
VALLE DEL CAUCA,TORO,FAJARDO VALDERRAMA SERGIO,1132
VALLE DEL CAUCA,TORO,MORALES HOYOS VIVIANE ALEIDA,8
VALLE DEL CAUCA,TORO,PETRO URREGO GUSTAVO FRANCISCO,488
VALLE DEL CAUCA,TORO,PROMOTORES VOTO EN BLANCO,9
VALLE DEL CAUCA,TORO,TARJETAS NO MARCADAS,28
VALLE DEL CAUCA,TORO,TRUJILLO SARMIENTO JORGE ANTONIO,23
VALLE DEL CAUCA,TORO,VARGAS LLERAS GERMAN,491
VALLE DEL CAUCA,TORO,VOTOS EN BLANCO,88
VALLE DEL CAUCA,TORO,VOTOS NULOS,129
VALLE DEL CAUCA,TRUJILLO,DE LA CALLE LOMBANA HUMBERTO,95
VALLE DEL CAUCA,TRUJILLO,DUQUE MARQUEZ IVAN,4596
VALLE DEL CAUCA,TRUJILLO,FAJARDO VALDERRAMA SERGIO,1172
VALLE DEL CAUCA,TRUJILLO,MORALES HOYOS VIVIANE ALEIDA,15
VALLE DEL CAUCA,TRUJILLO,PETRO URREGO GUSTAVO FRANCISCO,1013
VALLE DEL CAUCA,TRUJILLO,PROMOTORES VOTO EN BLANCO,19
VALLE DEL CAUCA,TRUJILLO,TARJETAS NO MARCADAS,31
VALLE DEL CAUCA,TRUJILLO,TRUJILLO SARMIENTO JORGE ANTONIO,22
VALLE DEL CAUCA,TRUJILLO,VARGAS LLERAS GERMAN,496
VALLE DEL CAUCA,TRUJILLO,VOTOS EN BLANCO,122
VALLE DEL CAUCA,TRUJILLO,VOTOS NULOS,96
VALLE DEL CAUCA,TULUA,DE LA CALLE LOMBANA HUMBERTO,1790
VALLE DEL CAUCA,TULUA,DUQUE MARQUEZ IVAN,30549
VALLE DEL CAUCA,TULUA,FAJARDO VALDERRAMA SERGIO,27466
VALLE DEL CAUCA,TULUA,MORALES HOYOS VIVIANE ALEIDA,153
VALLE DEL CAUCA,TULUA,PETRO URREGO GUSTAVO FRANCISCO,18198
VALLE DEL CAUCA,TULUA,PROMOTORES VOTO EN BLANCO,148
VALLE DEL CAUCA,TULUA,TARJETAS NO MARCADAS,182
VALLE DEL CAUCA,TULUA,TRUJILLO SARMIENTO JORGE ANTONIO,287
VALLE DEL CAUCA,TULUA,VARGAS LLERAS GERMAN,6004
VALLE DEL CAUCA,TULUA,VOTOS EN BLANCO,1883
VALLE DEL CAUCA,TULUA,VOTOS NULOS,1644
VALLE DEL CAUCA,ULLOA,DE LA CALLE LOMBANA HUMBERTO,29
VALLE DEL CAUCA,ULLOA,DUQUE MARQUEZ IVAN,1039
VALLE DEL CAUCA,ULLOA,FAJARDO VALDERRAMA SERGIO,602
VALLE DEL CAUCA,ULLOA,PETRO URREGO GUSTAVO FRANCISCO,246
VALLE DEL CAUCA,ULLOA,PROMOTORES VOTO EN BLANCO,3
VALLE DEL CAUCA,ULLOA,TARJETAS NO MARCADAS,6
VALLE DEL CAUCA,ULLOA,TRUJILLO SARMIENTO JORGE ANTONIO,6
VALLE DEL CAUCA,ULLOA,VARGAS LLERAS GERMAN,202
VALLE DEL CAUCA,ULLOA,VOTOS EN BLANCO,26
VALLE DEL CAUCA,ULLOA,VOTOS NULOS,27
VALLE DEL CAUCA,VERSALLES,DE LA CALLE LOMBANA HUMBERTO,16
VALLE DEL CAUCA,VERSALLES,DUQUE MARQUEZ IVAN,2258
VALLE DEL CAUCA,VERSALLES,FAJARDO VALDERRAMA SERGIO,572
VALLE DEL CAUCA,VERSALLES,MORALES HOYOS VIVIANE ALEIDA,5
VALLE DEL CAUCA,VERSALLES,PETRO URREGO GUSTAVO FRANCISCO,218
VALLE DEL CAUCA,VERSALLES,PROMOTORES VOTO EN BLANCO,3
VALLE DEL CAUCA,VERSALLES,TARJETAS NO MARCADAS,9
VALLE DEL CAUCA,VERSALLES,TRUJILLO SARMIENTO JORGE ANTONIO,3
VALLE DEL CAUCA,VERSALLES,VARGAS LLERAS GERMAN,371
VALLE DEL CAUCA,VERSALLES,VOTOS EN BLANCO,50
VALLE DEL CAUCA,VERSALLES,VOTOS NULOS,42
VALLE DEL CAUCA,VIJES,DE LA CALLE LOMBANA HUMBERTO,88
VALLE DEL CAUCA,VIJES,DUQUE MARQUEZ IVAN,2463
VALLE DEL CAUCA,VIJES,FAJARDO VALDERRAMA SERGIO,845
VALLE DEL CAUCA,VIJES,MORALES HOYOS VIVIANE ALEIDA,8
VALLE DEL CAUCA,VIJES,PETRO URREGO GUSTAVO FRANCISCO,1302
VALLE DEL CAUCA,VIJES,PROMOTORES VOTO EN BLANCO,11
VALLE DEL CAUCA,VIJES,TARJETAS NO MARCADAS,16
VALLE DEL CAUCA,VIJES,TRUJILLO SARMIENTO JORGE ANTONIO,10
VALLE DEL CAUCA,VIJES,VARGAS LLERAS GERMAN,376
VALLE DEL CAUCA,VIJES,VOTOS EN BLANCO,100
VALLE DEL CAUCA,VIJES,VOTOS NULOS,98
VALLE DEL CAUCA,YOTOCO,DE LA CALLE LOMBANA HUMBERTO,156
VALLE DEL CAUCA,YOTOCO,DUQUE MARQUEZ IVAN,2181
VALLE DEL CAUCA,YOTOCO,FAJARDO VALDERRAMA SERGIO,1845
VALLE DEL CAUCA,YOTOCO,MORALES HOYOS VIVIANE ALEIDA,12
VALLE DEL CAUCA,YOTOCO,PETRO URREGO GUSTAVO FRANCISCO,1495
VALLE DEL CAUCA,YOTOCO,PROMOTORES VOTO EN BLANCO,12
VALLE DEL CAUCA,YOTOCO,TARJETAS NO MARCADAS,23
VALLE DEL CAUCA,YOTOCO,TRUJILLO SARMIENTO JORGE ANTONIO,14
VALLE DEL CAUCA,YOTOCO,VARGAS LLERAS GERMAN,935
VALLE DEL CAUCA,YOTOCO,VOTOS EN BLANCO,175
VALLE DEL CAUCA,YOTOCO,VOTOS NULOS,147
VALLE DEL CAUCA,YUMBO,DE LA CALLE LOMBANA HUMBERTO,1182
VALLE DEL CAUCA,YUMBO,DUQUE MARQUEZ IVAN,10245
VALLE DEL CAUCA,YUMBO,FAJARDO VALDERRAMA SERGIO,10658
VALLE DEL CAUCA,YUMBO,MORALES HOYOS VIVIANE ALEIDA,77
VALLE DEL CAUCA,YUMBO,PETRO URREGO GUSTAVO FRANCISCO,21714
VALLE DEL CAUCA,YUMBO,PROMOTORES VOTO EN BLANCO,112
VALLE DEL CAUCA,YUMBO,TARJETAS NO MARCADAS,111
VALLE DEL CAUCA,YUMBO,TRUJILLO SARMIENTO JORGE ANTONIO,165
VALLE DEL CAUCA,YUMBO,VARGAS LLERAS GERMAN,4981
VALLE DEL CAUCA,YUMBO,VOTOS EN BLANCO,1391
VALLE DEL CAUCA,YUMBO,VOTOS NULOS,1105
VALLE DEL CAUCA,ZARZAL,DE LA CALLE LOMBANA HUMBERTO,406
VALLE DEL CAUCA,ZARZAL,DUQUE MARQUEZ IVAN,4031
VALLE DEL CAUCA,ZARZAL,FAJARDO VALDERRAMA SERGIO,4834
VALLE DEL CAUCA,ZARZAL,MORALES HOYOS VIVIANE ALEIDA,32
VALLE DEL CAUCA,ZARZAL,PETRO URREGO GUSTAVO FRANCISCO,6449
VALLE DEL CAUCA,ZARZAL,PROMOTORES VOTO EN BLANCO,35
VALLE DEL CAUCA,ZARZAL,TARJETAS NO MARCADAS,43
VALLE DEL CAUCA,ZARZAL,TRUJILLO SARMIENTO JORGE ANTONIO,68
VALLE DEL CAUCA,ZARZAL,VARGAS LLERAS GERMAN,2380
VALLE DEL CAUCA,ZARZAL,VOTOS EN BLANCO,420
VALLE DEL CAUCA,ZARZAL,VOTOS NULOS,412
VAUPES,CARURU,DE LA CALLE LOMBANA HUMBERTO,16
VAUPES,CARURU,DUQUE MARQUEZ IVAN,55
VAUPES,CARURU,FAJARDO VALDERRAMA SERGIO,14
VAUPES,CARURU,MORALES HOYOS VIVIANE ALEIDA,1
VAUPES,CARURU,PETRO URREGO GUSTAVO FRANCISCO,293
VAUPES,CARURU,TARJETAS NO MARCADAS,1
VAUPES,CARURU,TRUJILLO SARMIENTO JORGE ANTONIO,2
VAUPES,CARURU,VARGAS LLERAS GERMAN,143
VAUPES,CARURU,VOTOS EN BLANCO,10
VAUPES,CARURU,VOTOS NULOS,1
VAUPES,MITU,DE LA CALLE LOMBANA HUMBERTO,1051
VAUPES,MITU,DUQUE MARQUEZ IVAN,856
VAUPES,MITU,FAJARDO VALDERRAMA SERGIO,509
VAUPES,MITU,MORALES HOYOS VIVIANE ALEIDA,17
VAUPES,MITU,PETRO URREGO GUSTAVO FRANCISCO,1948
VAUPES,MITU,PROMOTORES VOTO EN BLANCO,7
VAUPES,MITU,TARJETAS NO MARCADAS,17
VAUPES,MITU,TRUJILLO SARMIENTO JORGE ANTONIO,19
VAUPES,MITU,VARGAS LLERAS GERMAN,848
VAUPES,MITU,VOTOS EN BLANCO,52
VAUPES,MITU,VOTOS NULOS,43
VAUPES,PACOA,DE LA CALLE LOMBANA HUMBERTO,22
VAUPES,PACOA,DUQUE MARQUEZ IVAN,12
VAUPES,PACOA,FAJARDO VALDERRAMA SERGIO,1
VAUPES,PACOA,PETRO URREGO GUSTAVO FRANCISCO,48
VAUPES,PACOA,TARJETAS NO MARCADAS,1
VAUPES,PACOA,VARGAS LLERAS GERMAN,91
VAUPES,PACOA,VOTOS EN BLANCO,4
VAUPES,PACOA,VOTOS NULOS,2
VAUPES,PAPUNAHUA,DE LA CALLE LOMBANA HUMBERTO,5
VAUPES,PAPUNAHUA,PETRO URREGO GUSTAVO FRANCISCO,7
VAUPES,PAPUNAHUA,TARJETAS NO MARCADAS,1
VAUPES,PAPUNAHUA,VARGAS LLERAS GERMAN,10
VAUPES,TARAIRA,DE LA CALLE LOMBANA HUMBERTO,23
VAUPES,TARAIRA,DUQUE MARQUEZ IVAN,62
VAUPES,TARAIRA,FAJARDO VALDERRAMA SERGIO,21
VAUPES,TARAIRA,PETRO URREGO GUSTAVO FRANCISCO,130
VAUPES,TARAIRA,TRUJILLO SARMIENTO JORGE ANTONIO,3
VAUPES,TARAIRA,VARGAS LLERAS GERMAN,123
VAUPES,TARAIRA,VOTOS EN BLANCO,8
VAUPES,TARAIRA,VOTOS NULOS,5
VAUPES,YAVARATE,DE LA CALLE LOMBANA HUMBERTO,24
VAUPES,YAVARATE,DUQUE MARQUEZ IVAN,28
VAUPES,YAVARATE,FAJARDO VALDERRAMA SERGIO,8
VAUPES,YAVARATE,MORALES HOYOS VIVIANE ALEIDA,3
VAUPES,YAVARATE,PETRO URREGO GUSTAVO FRANCISCO,88
VAUPES,YAVARATE,PROMOTORES VOTO EN BLANCO,1
VAUPES,YAVARATE,VARGAS LLERAS GERMAN,144
VAUPES,YAVARATE,VOTOS EN BLANCO,2
VICHADA,CUMARIBO,DE LA CALLE LOMBANA HUMBERTO,61
VICHADA,CUMARIBO,DUQUE MARQUEZ IVAN,1037
VICHADA,CUMARIBO,FAJARDO VALDERRAMA SERGIO,285
VICHADA,CUMARIBO,MORALES HOYOS VIVIANE ALEIDA,21
VICHADA,CUMARIBO,PETRO URREGO GUSTAVO FRANCISCO,2046
VICHADA,CUMARIBO,PROMOTORES VOTO EN BLANCO,11
VICHADA,CUMARIBO,TARJETAS NO MARCADAS,23
VICHADA,CUMARIBO,TRUJILLO SARMIENTO JORGE ANTONIO,25
VICHADA,CUMARIBO,VARGAS LLERAS GERMAN,560
VICHADA,CUMARIBO,VOTOS EN BLANCO,59
VICHADA,CUMARIBO,VOTOS NULOS,60
VICHADA,LA PRIMAVERA,DE LA CALLE LOMBANA HUMBERTO,16
VICHADA,LA PRIMAVERA,DUQUE MARQUEZ IVAN,2393
VICHADA,LA PRIMAVERA,FAJARDO VALDERRAMA SERGIO,178
VICHADA,LA PRIMAVERA,MORALES HOYOS VIVIANE ALEIDA,1
VICHADA,LA PRIMAVERA,PETRO URREGO GUSTAVO FRANCISCO,261
VICHADA,LA PRIMAVERA,PROMOTORES VOTO EN BLANCO,5
VICHADA,LA PRIMAVERA,TARJETAS NO MARCADAS,11
VICHADA,LA PRIMAVERA,TRUJILLO SARMIENTO JORGE ANTONIO,13
VICHADA,LA PRIMAVERA,VARGAS LLERAS GERMAN,343
VICHADA,LA PRIMAVERA,VOTOS EN BLANCO,33
VICHADA,LA PRIMAVERA,VOTOS NULOS,23
VICHADA,PUERTO CARRENO,DE LA CALLE LOMBANA HUMBERTO,114
VICHADA,PUERTO CARRENO,DUQUE MARQUEZ IVAN,4018
VICHADA,PUERTO CARRENO,FAJARDO VALDERRAMA SERGIO,958
VICHADA,PUERTO CARRENO,MORALES HOYOS VIVIANE ALEIDA,22
VICHADA,PUERTO CARRENO,PETRO URREGO GUSTAVO FRANCISCO,829
VICHADA,PUERTO CARRENO,PROMOTORES VOTO EN BLANCO,5
VICHADA,PUERTO CARRENO,TARJETAS NO MARCADAS,28
VICHADA,PUERTO CARRENO,TRUJILLO SARMIENTO JORGE ANTONIO,31
VICHADA,PUERTO CARRENO,VARGAS LLERAS GERMAN,869
VICHADA,PUERTO CARRENO,VOTOS EN BLANCO,95
VICHADA,PUERTO CARRENO,VOTOS NULOS,51
VICHADA,SANTA ROSALIA,DE LA CALLE LOMBANA HUMBERTO,15
VICHADA,SANTA ROSALIA,DUQUE MARQUEZ IVAN,1008
VICHADA,SANTA ROSALIA,FAJARDO VALDERRAMA SERGIO,113
VICHADA,SANTA ROSALIA,MORALES HOYOS VIVIANE ALEIDA,1
VICHADA,SANTA ROSALIA,PETRO URREGO GUSTAVO FRANCISCO,107
VICHADA,SANTA ROSALIA,PROMOTORES VOTO EN BLANCO,2
VICHADA,SANTA ROSALIA,TARJETAS NO MARCADAS,1
VICHADA,SANTA ROSALIA,VARGAS LLERAS GERMAN,233
VICHADA,SANTA ROSALIA,VOTOS EN BLANCO,12
VICHADA,SANTA ROSALIA,VOTOS NULOS,6
